,user_id,group_id,type,time
0,14720,36883,fit,2023-06-15 23:46:52
1,14720,36883,fit,2023-06-15 23:46:55
2,14720,36883,pop,2023-06-15 23:46:57
3,14720,36883,sim,2023-06-15 23:47:00
4,14720,36883,sim,2023-06-15 23:49:56
5,14720,36883,sim,2023-06-15 23:59:56
6,14720,36883,sim,2023-06-16 00:00:18
7,14720,36888,pop,2023-06-16 00:00:52
8,14720,36889,pop,2023-06-16 00:26:19
9,14720,36916,pop,2023-06-16 09:57:52
10,14720,36950,pop,2023-06-16 11:06:00
11,14720,36951,pop,2023-06-16 11:07:57
12,14720,36951,fit,2023-06-16 11:09:55
13,14720,36951,pop,2023-06-16 11:11:54
14,14720,36951,sim,2023-06-16 11:11:57
15,14720,36951,fit,2023-06-16 11:12:00
16,14720,36952,pop,2023-06-16 11:14:50
17,14720,37281,pop,2023-06-18 10:52:38
18,14720,37281,fit,2023-06-18 10:53:13
19,14720,37281,pop,2023-06-18 10:53:17
20,14720,37281,fit,2023-06-18 10:53:18
21,14720,37281,sim,2023-06-18 10:53:22
22,14720,37281,fit,2023-06-18 10:53:26
23,14720,37297,pop,2023-06-18 14:24:40
24,14720,37297,pop,2023-06-18 14:24:45
25,14720,37298,pop,2023-06-18 14:25:12
26,14720,37298,pop,2023-06-18 14:25:24
27,14720,37299,pop,2023-06-18 14:27:16
28,14720,37300,pop,2023-06-18 14:28:13
29,14720,37303,pop,2023-06-18 15:44:29
30,14720,37304,pop,2023-06-18 15:54:13
31,14720,37356,pop,2023-06-19 09:07:22
32,14748,35821,pop,2023-06-14 13:41:02
33,14748,37199,pop,2023-06-16 15:35:09
34,14748,37199,fit,2023-06-16 15:37:23
35,14748,37199,sim,2023-06-16 15:38:19
36,14748,37199,sim,2023-06-16 15:39:14
37,14748,37199,sim,2023-06-16 15:39:43
38,14748,37199,sim,2023-06-16 15:40:03
39,14748,37199,sim,2023-06-16 15:40:36
40,14748,37199,sim,2023-06-16 15:47:38
41,14750,35823,pop,2023-06-14 13:42:21
42,14750,36894,pop,2023-06-16 02:30:00
43,14750,37220,pop,2023-06-16 22:21:04
44,14750,37221,pop,2023-06-16 22:28:01
45,14750,37221,fit,2023-06-16 22:30:07
46,14750,37477,pop,2023-06-19 11:41:14
47,14750,38110,fit,2023-06-19 14:03:53
48,14750,38110,fit,2023-06-19 15:55:26
49,14750,38547,pop,2023-06-19 18:17:55
50,14750,38550,pop,2023-06-19 18:19:19
51,14750,38551,pop,2023-06-19 18:19:28
52,14750,38710,pop,2023-06-19 20:14:01
53,14750,38711,pop,2023-06-19 20:14:07
54,14750,39091,pop,2023-06-20 02:38:37
55,14750,39094,pop,2023-06-20 02:39:57
56,14750,39102,pop,2023-06-20 02:47:48
57,14750,39103,pop,2023-06-20 02:47:55
58,14750,39117,pop,2023-06-20 03:15:17
59,14750,39118,pop,2023-06-20 03:15:26
60,14750,39300,pop,2023-06-20 11:00:50
61,14750,39301,pop,2023-06-20 11:01:06
62,14750,39343,pop,2023-06-20 11:59:25
63,14750,39347,pop,2023-06-20 12:02:49
64,14750,39349,pop,2023-06-20 12:05:37
65,14750,39366,pop,2023-06-20 12:24:57
66,14750,39367,pop,2023-06-20 12:25:25
67,14750,39368,pop,2023-06-20 12:25:55
68,14750,39369,pop,2023-06-20 12:26:10
69,14750,39370,pop,2023-06-20 12:26:34
70,14750,39371,pop,2023-06-20 12:26:41
71,14750,39372,pop,2023-06-20 12:26:45
72,14750,39373,pop,2023-06-20 12:26:52
73,14750,39374,pop,2023-06-20 12:26:58
74,14750,39375,pop,2023-06-20 12:27:05
75,14750,39376,pop,2023-06-20 12:27:19
76,14750,39390,pop,2023-06-20 12:49:52
77,14750,39394,pop,2023-06-20 12:54:37
78,14750,39395,pop,2023-06-20 12:54:42
79,14750,39397,pop,2023-06-20 12:56:20
80,14750,39398,pop,2023-06-20 12:56:28
81,14750,39399,pop,2023-06-20 12:56:52
82,14750,39430,pop,2023-06-20 13:21:00
83,14750,39442,pop,2023-06-20 13:43:02
84,14750,39443,pop,2023-06-20 13:43:11
85,14750,39496,pop,2023-06-20 14:48:40
86,14750,39604,pop,2023-06-20 15:34:29
87,14750,39608,pop,2023-06-20 15:35:13
88,14750,39625,pop,2023-06-20 15:46:09
89,14750,39729,pop,2023-06-20 16:40:26
90,14681,35754,pop,2023-06-14 12:56:10
91,14681,36893,pop,2023-06-16 02:27:59
92,14681,37223,pop,2023-06-16 22:35:25
93,14681,37289,pop,2023-06-18 12:28:42
94,14681,37290,pop,2023-06-18 12:29:10
95,14681,38100,pop,2023-06-19 13:46:35
96,14681,38921,pop,2023-06-19 23:00:03
97,14681,39086,fit,2023-06-20 02:35:55
98,14681,39087,pop,2023-06-20 02:37:16
99,14681,39089,pop,2023-06-20 02:37:37
100,14681,39287,pop,2023-06-20 10:53:32
101,14681,39289,pop,2023-06-20 10:54:14
102,14681,39304,pop,2023-06-20 11:06:33
103,14681,39610,2023-06-20 15:36:19,
104,14745,35818,pop,2023-06-14 13:38:45
105,14745,37228,pop,2023-06-16 23:17:20
106,14745,37228,pop,2023-06-16 23:18:02
107,14745,37229,pop,2023-06-16 23:21:11
108,14745,37229,fit,2023-06-16 23:23:21
109,14745,37229,fit,2023-06-16 23:23:47
110,14668,35741,pop,2023-06-14 12:47:55
111,14668,37230,fit,2023-06-16 23:27:27
112,14675,35748,pop,2023-06-14 12:52:52
113,14675,36909,pop,2023-06-16 09:48:11
114,14675,36910,pop,2023-06-16 09:48:27
115,14675,36910,pop,2023-06-16 09:48:28
116,14675,37250,fit,2023-06-17 16:09:37
117,14675,37274,pop,2023-06-18 00:43:30
118,14675,37288,pop,2023-06-18 12:15:59
119,14675,37393,pop,2023-06-19 11:17:26
120,14675,37397,pop,2023-06-19 11:19:47
121,14675,38158,pop,2023-06-19 14:06:50
122,14675,38158,pop,2023-06-19 14:21:25
123,14675,38158,pop,2023-06-19 14:21:35
124,14675,38694,pop,2023-06-19 19:53:30
125,14675,38736,pop,2023-06-19 20:32:01
126,14675,39288,pop,2023-06-20 10:53:56
127,14675,39689,pop,2023-06-20 16:18:47
128,14763,35836,pop,2023-06-14 13:48:16
129,14763,37249,pop,2023-06-17 16:08:44
130,14763,38284,2023-06-19 15:00:54,
131,14763,39692,pop,2023-06-20 16:21:42
132,14763,39699,pop,2023-06-20 16:22:09
133,14763,39846,pop,2023-06-20 17:42:04
134,14763,39905,pop,2023-06-20 18:03:19
135,14763,39905,pop,2023-06-20 18:03:20
136,14763,39973,pop,2023-06-20 18:33:04
137,14763,39973,pop,2023-06-20 18:33:04
138,14763,39973,pop,2023-06-20 18:33:05
139,14763,39973,pop,2023-06-20 19:26:31
140,14902,35969,pop,2023-06-14 16:02:12
141,14902,37256,fit,2023-06-17 17:00:58
142,14902,37257,pop,2023-06-17 17:01:58
143,14902,38834,pop,2023-06-19 21:48:44
144,14902,38915,pop,2023-06-19 22:53:26
145,14902,38915,fit,2023-06-19 22:53:41
146,14902,38920,pop,2023-06-19 22:57:39
147,14902,38920,fit,2023-06-19 23:00:04
148,14902,38920,fit,2023-06-19 23:00:34
149,14801,35874,pop,2023-06-14 14:08:31
150,14801,37282,pop,2023-06-18 11:08:31
151,14801,37282,fit,2023-06-18 11:20:03
152,14801,37282,fit,2023-06-18 11:20:05
153,14801,37282,fit,2023-06-18 11:20:19
154,14801,37282,sim,2023-06-18 11:21:33
155,14801,37282,sim,2023-06-18 11:21:38
156,14801,37282,pop,2023-06-18 11:21:42
157,14801,37282,fit,2023-06-18 11:21:48
158,14801,37282,fit,2023-06-18 11:23:09
159,14801,37282,fit,2023-06-18 11:26:08
160,14801,37282,fit,2023-06-18 11:26:22
161,14801,37282,2023-06-18 11:27:05,
162,14671,35744,pop,2023-06-14 12:50:26
163,14671,37284,pop,2023-06-18 11:30:56
164,14671,37284,fit,2023-06-18 11:32:14
165,14671,37284,fit,2023-06-18 11:36:50
166,14660,35733,pop,2023-06-14 12:44:34
167,14660,37315,pop,2023-06-18 20:39:55
168,14660,37315,fit,2023-06-18 20:48:48
169,14660,37315,fit,2023-06-18 20:50:04
170,14660,37315,fit,2023-06-18 20:51:06
171,14660,37316,pop,2023-06-18 20:52:22
172,14660,38438,pop,2023-06-19 16:09:24
173,14660,38440,pop,2023-06-19 16:13:58
174,14660,38444,pop,2023-06-19 16:14:46
175,14660,38444,fit,2023-06-19 16:17:47
176,14660,38460,pop,2023-06-19 16:19:45
177,14660,38798,pop,2023-06-19 21:33:57
178,14660,38842,pop,2023-06-19 21:59:51
179,14660,38969,pop,2023-06-19 23:15:47
180,14660,38969,pop,2023-06-19 23:27:58
181,14660,38996,pop,2023-06-19 23:44:13
182,14660,38996,pop,2023-06-19 23:44:40
183,14660,38996,fit,2023-06-19 23:49:19
184,14660,38996,fit,2023-06-19 23:50:11
185,14660,39004,pop,2023-06-19 23:57:40
186,14660,39153,2023-06-20 04:29:27,
187,14660,39208,pop,2023-06-20 08:20:48
188,14660,39277,pop,2023-06-20 10:35:38
189,14660,39278,pop,2023-06-20 10:40:54
190,14660,39324,pop,2023-06-20 11:34:25
191,14660,39385,pop,2023-06-20 12:42:50
192,14660,39392,pop,2023-06-20 12:57:04
193,14660,39402,pop,2023-06-20 13:00:52
194,14660,39417,pop,2023-06-20 13:13:49
195,14660,39554,pop,2023-06-20 15:16:12
196,14660,39554,pop,2023-06-20 15:26:59
197,14660,39792,pop,2023-06-20 17:07:37
198,14660,39892,pop,2023-06-20 17:59:05
199,14749,35822,pop,2023-06-14 13:41:22
200,14749,36936,pop,2023-06-16 10:53:11
201,14749,37358,fit,2023-06-19 09:10:31
202,14909,35976,pop,2023-06-14 16:05:10
203,14909,37167,pop,2023-06-16 14:43:19
204,14909,37362,fit,2023-06-19 09:20:36
205,14909,37363,pop,2023-06-19 09:21:00
206,14909,37363,fit,2023-06-19 09:22:14
207,14909,37363,fit,2023-06-19 09:22:54
208,14909,37365,2023-06-19 09:25:54,
209,14700,35773,pop,2023-06-14 13:05:30
210,14700,36907,pop,2023-06-16 09:36:33
211,14700,37181,pop,2023-06-16 14:57:24
212,14700,37182,pop,2023-06-16 15:00:24
213,14700,37185,pop,2023-06-16 15:03:25
214,14700,37189,pop,2023-06-16 15:08:56
215,14700,37190,pop,2023-06-16 15:14:35
216,14700,37192,pop,2023-06-16 15:15:00
217,14700,37194,pop,2023-06-16 15:16:36
218,14700,37369,pop,2023-06-19 09:29:07
219,14906,35973,pop,2023-06-14 16:03:32
220,14906,37388,pop,2023-06-19 11:07:08
221,14906,37388,fit,2023-06-19 11:10:08
222,14906,37388,fit,2023-06-19 11:10:40
223,14906,37388,fit,2023-06-19 11:13:12
224,14906,37388,fit,2023-06-19 11:14:05
225,14906,37388,fit,2023-06-19 11:14:05
226,14906,38382,pop,2023-06-19 15:20:46
227,14906,39245,pop,2023-06-20 09:38:45
228,14906,39537,pop,2023-06-20 15:08:35
229,14906,39537,pop,2023-06-20 15:08:50
230,14906,39537,pop,2023-06-20 15:09:03
231,14702,35775,pop,2023-06-14 13:06:16
232,14702,37400,pop,2023-06-19 11:26:34
233,14702,37409,pop,2023-06-19 11:28:44
234,14702,37411,pop,2023-06-19 11:28:59
235,14702,39428,pop,2023-06-20 13:20:59
236,14702,39900,pop,2023-06-20 18:00:29
237,14702,39900,pop,2023-06-20 18:02:58
238,14773,35846,pop,2023-06-14 13:54:35
239,14773,37404,pop,2023-06-19 11:24:04
240,14773,37404,fit,2023-06-19 11:28:20
241,14773,38748,pop,2023-06-19 20:43:29
242,14773,38748,pop,2023-06-19 20:45:46
243,14773,39317,pop,2023-06-20 11:26:25
244,14701,35774,pop,2023-06-14 13:05:55
245,14701,37431,pop,2023-06-19 11:35:27
246,14701,37431,fit,2023-06-19 11:38:55
247,14701,37431,fit,2023-06-19 11:40:54
248,14707,35780,pop,2023-06-14 13:08:31
249,14707,37403,pop,2023-06-19 11:24:04
250,14707,37418,pop,2023-06-19 11:32:49
251,14707,37438,pop,2023-06-19 11:35:45
252,14707,37438,fit,2023-06-19 11:41:09
253,14707,37438,fit,2023-06-19 11:41:42
254,14707,37438,fit,2023-06-19 11:41:57
255,14707,40030,pop,2023-06-20 19:10:03
256,14707,40036,pop,2023-06-20 19:14:26
257,14641,35714,pop,2023-06-14 12:32:05
258,14641,37484,fit,2023-06-19 11:48:24
259,14641,40198,pop,2023-06-20 21:00:08
260,14782,35855,pop,2023-06-14 13:58:56
261,14782,36898,pop,2023-06-16 08:42:48
262,14782,36898,fit,2023-06-16 08:49:37
263,14782,36898,fit,2023-06-16 08:49:53
264,14782,36898,fit,2023-06-16 08:50:23
265,14782,36898,fit,2023-06-16 08:52:12
266,14782,36898,fit,2023-06-16 08:52:38
267,14782,37208,pop,2023-06-16 16:05:21
268,14782,37546,pop,2023-06-19 12:03:31
269,14782,37546,fit,2023-06-19 12:11:35
270,14782,39988,pop,2023-06-20 18:43:12
271,14782,40052,2023-06-20 19:22:44,
272,14781,35854,pop,2023-06-14 13:58:29
273,14781,37340,fit,2023-06-19 07:58:14
274,14781,37340,pop,2023-06-19 07:58:40
275,14781,37340,pop,2023-06-19 07:58:50
276,14781,37341,pop,2023-06-19 07:59:01
277,14781,37342,pop,2023-06-19 08:01:47
278,14781,37492,pop,2023-06-19 11:53:27
279,14781,37505,pop,2023-06-19 11:56:32
280,14781,37511,pop,2023-06-19 12:01:10
281,14781,37520,pop,2023-06-19 12:01:10
282,14781,37511,pop,2023-06-19 12:03:13
283,14781,37570,pop,2023-06-19 12:12:47
284,14781,37570,fit,2023-06-19 12:15:25
285,14781,37570,fit,2023-06-19 12:15:43
286,14781,37570,fit,2023-06-19 12:17:33
287,14781,37570,fit,2023-06-19 12:18:13
288,14781,37570,fit,2023-06-19 12:18:20
289,14781,37591,pop,2023-06-19 12:18:46
290,14781,37590,pop,2023-06-19 12:18:47
291,14781,38441,pop,2023-06-19 16:13:02
292,14781,39205,pop,2023-06-20 08:09:35
293,14911,35978,pop,2023-06-14 16:05:40
294,14911,37604,pop,2023-06-19 12:24:58
295,14911,37653,pop,2023-06-19 12:32:07
296,14911,37653,pop,2023-06-19 12:32:54
297,14911,37679,fit,2023-06-19 12:46:58
298,14911,37679,fit,2023-06-19 12:47:03
299,14911,37679,fit,2023-06-19 12:48:18
300,14911,37679,fit,2023-06-19 12:48:18
301,14911,37679,fit,2023-06-19 12:49:49
302,14911,37679,fit,2023-06-19 12:52:51
303,14911,37679,fit,2023-06-19 12:52:51
304,14911,37679,fit,2023-06-19 12:54:26
305,14911,37835,pop,2023-06-19 13:07:02
306,14685,35758,pop,2023-06-14 12:58:07
307,14685,37615,pop,2023-06-19 12:24:49
308,14685,37615,pop,2023-06-19 12:25:07
309,14685,37621,pop,2023-06-19 12:25:55
310,14685,37621,pop,2023-06-19 12:25:55
311,14685,37625,pop,2023-06-19 12:29:11
312,14685,37718,pop,2023-06-19 12:47:38
313,14685,37761,pop,2023-06-19 12:49:47
314,14685,37761,pop,2023-06-19 12:52:36
315,14685,37761,pop,2023-06-19 12:55:33
316,14685,37761,pop,2023-06-19 12:57:38
317,14685,38439,pop,2023-06-19 16:10:00
318,14685,38439,pop,2023-06-19 16:10:16
319,14685,38439,pop,2023-06-19 16:10:16
320,14685,38439,pop,2023-06-19 16:12:09
321,14685,38478,pop,2023-06-19 16:28:44
322,14685,38956,pop,2023-06-19 23:10:47
323,14685,39204,pop,2023-06-20 08:08:51
324,14685,39721,pop,2023-06-20 16:34:02
325,14685,39723,pop,2023-06-20 16:35:34
326,14685,40180,pop,2023-06-20 20:43:14
327,14685,40744,pop,2023-06-21 19:29:08
328,14712,35785,pop,2023-06-14 13:10:37
329,14712,37580,pop,2023-06-19 12:13:42
330,14712,37580,pop,2023-06-19 13:06:52
331,14712,37580,pop,2023-06-19 13:08:03
332,14712,38463,pop,2023-06-19 16:21:04
333,14712,38463,pop,2023-06-19 16:21:25
334,14712,38543,pop,2023-06-19 18:12:56
335,14712,39530,pop,2023-06-20 15:05:25
336,14712,39530,pop,2023-06-20 15:06:08
337,14712,40733,pop,2023-06-21 17:21:51
338,14809,35882,pop,2023-06-14 14:14:22
339,14809,37909,pop,2023-06-19 13:14:06
340,14809,37909,fit,2023-06-19 13:21:00
341,14809,37909,fit,2023-06-19 13:25:37
342,14809,37909,fit,2023-06-19 13:25:44
343,14809,38503,pop,2023-06-19 17:11:38
344,14809,38534,pop,2023-06-19 17:50:02
345,14809,38536,pop,2023-06-19 17:53:44
346,14809,38693,pop,2023-06-19 19:41:15
347,14809,38700,pop,2023-06-19 20:07:11
348,14809,38876,pop,2023-06-19 22:29:55
349,14706,35779,pop,2023-06-14 13:08:05
350,14706,37680,pop,2023-06-19 12:40:46
351,14706,37875,pop,2023-06-19 13:07:01
352,14706,37875,fit,2023-06-19 13:21:01
353,14706,37875,fit,2023-06-19 13:28:43
354,14717,35790,pop,2023-06-14 13:13:07
355,14717,38107,pop,2023-06-19 13:49:27
356,14717,38122,pop,2023-06-19 13:53:28
357,14717,38122,fit,2023-06-19 13:57:24
358,14717,38122,fit,2023-06-19 13:57:32
359,14717,38122,fit,2023-06-19 14:01:46
360,14717,38122,fit,2023-06-19 14:01:53
361,14717,38122,fit,2023-06-19 14:03:40
362,14717,38122,fit,2023-06-19 14:06:32
363,14780,35853,pop,2023-06-14 13:58:08
364,14780,38088,pop,2023-06-19 13:54:38
365,14780,38088,pop,2023-06-19 13:56:47
366,14780,38088,pop,2023-06-19 14:00:02
367,14780,38148,pop,2023-06-19 14:02:00
368,14780,38148,pop,2023-06-19 14:03:40
369,14780,38148,fit,2023-06-19 14:15:01
370,14780,38148,fit,2023-06-19 14:20:01
371,14780,39330,pop,2023-06-20 11:42:02
372,14780,39330,fit,2023-06-20 11:43:11
373,14780,39978,pop,2023-06-20 18:36:29
374,14758,35831,pop,2023-06-14 13:46:10
375,14758,38047,pop,2023-06-19 13:36:34
376,14758,38154,pop,2023-06-19 14:03:51
377,14758,38154,fit,2023-06-19 14:15:01
378,14758,38199,pop,2023-06-19 14:29:30
379,14758,38558,pop,2023-06-19 18:28:46
380,14758,39947,pop,2023-06-20 18:18:49
381,14758,39947,fit,2023-06-20 18:23:01
382,14758,39947,fit,2023-06-20 18:25:27
383,14758,39947,fit,2023-06-20 18:30:01
384,14708,35781,pop,2023-06-14 13:08:57
385,14708,37571,pop,2023-06-19 12:12:32
386,14708,37587,pop,2023-06-19 12:18:56
387,14708,37587,pop,2023-06-19 12:18:59
388,14708,37587,pop,2023-06-19 12:19:06
389,14708,37622,fit,2023-06-19 12:31:50
390,14708,37622,fit,2023-06-19 12:31:55
391,14708,37622,fit,2023-06-19 12:32:53
392,14708,37672,pop,2023-06-19 12:40:46
393,14708,37781,pop,2023-06-19 12:55:23
394,14708,37781,pop,2023-06-19 12:55:48
395,14708,37885,pop,2023-06-19 13:07:14
396,14708,37885,fit,2023-06-19 13:14:03
397,14708,37885,pop,2023-06-19 13:20:53
398,14708,37885,pop,2023-06-19 13:21:09
399,14708,37885,pop,2023-06-19 13:21:10
400,14708,37985,pop,2023-06-19 13:26:00
401,14708,38020,pop,2023-06-19 13:29:08
402,14708,38051,pop,2023-06-19 13:39:37
403,14708,38066,pop,2023-06-19 13:39:40
404,14708,38134,pop,2023-06-19 13:58:34
405,14708,38134,fit,2023-06-19 14:03:42
406,14708,38134,pop,2023-06-19 14:06:36
407,14708,38134,fit,2023-06-19 14:06:45
408,14708,38185,pop,2023-06-19 14:24:59
409,14708,38185,fit,2023-06-19 14:29:15
410,14708,38185,pop,2023-06-19 14:30:11
411,14708,38210,pop,2023-06-19 14:33:18
412,14708,38210,pop,2023-06-19 14:33:38
413,14708,38456,pop,2023-06-19 16:18:29
414,14708,39258,pop,2023-06-20 10:11:09
415,14708,39528,pop,2023-06-20 15:04:33
416,14708,39869,pop,2023-06-20 17:50:34
417,14708,40230,pop,2023-06-20 21:13:54
418,14708,40230,pop,2023-06-20 21:14:10
419,14708,40252,pop,2023-06-20 21:24:15
420,14708,40255,pop,2023-06-20 21:26:38
421,14708,40255,pop,2023-06-20 21:28:35
422,14708,40298,pop,2023-06-20 21:43:58
423,14708,40402,pop,2023-06-20 22:14:14
424,14708,40410,pop,2023-06-20 22:19:40
425,14708,40453,pop,2023-06-20 22:37:04
426,14676,35749,pop,2023-06-14 12:53:49
427,14676,36389,pop,2023-06-15 23:42:18
428,14676,36389,pop,2023-06-16 00:03:19
429,14676,38198,pop,2023-06-19 14:25:36
430,14676,38198,fit,2023-06-19 14:31:41
431,14676,39501,pop,2023-06-20 14:50:59
432,14676,39646,pop,2023-06-20 15:58:56
433,14676,39824,pop,2023-06-20 17:25:22
434,14676,39826,pop,2023-06-20 17:26:00
435,14676,40041,pop,2023-06-20 19:20:09
436,14676,40083,pop,2023-06-20 19:37:42
437,14676,40084,pop,2023-06-20 19:38:36
438,14676,40087,pop,2023-06-20 19:39:30
439,14676,40091,pop,2023-06-20 19:42:32
440,14676,40097,pop,2023-06-20 19:43:39
441,14676,40102,pop,2023-06-20 19:44:56
442,14676,40108,pop,2023-06-20 19:48:05
443,14676,40114,pop,2023-06-20 19:52:15
444,14676,40120,pop,2023-06-20 19:56:38
445,14676,40125,pop,2023-06-20 19:58:41
446,14676,40137,pop,2023-06-20 20:02:48
447,14676,40150,pop,2023-06-20 20:10:09
448,14676,40162,pop,2023-06-20 20:19:51
449,14676,40165,pop,2023-06-20 20:21:49
450,14676,40171,pop,2023-06-20 20:26:30
451,14676,40174,pop,2023-06-20 20:31:33
452,14676,40177,pop,2023-06-20 20:33:22
453,14676,40184,pop,2023-06-20 20:46:43
454,14676,40191,pop,2023-06-20 20:49:43
455,14676,40194,pop,2023-06-20 20:55:30
456,14676,40196,pop,2023-06-20 20:57:26
457,14676,40199,pop,2023-06-20 21:00:14
458,14676,40200,pop,2023-06-20 21:01:09
459,14676,40201,pop,2023-06-20 21:01:29
460,14676,40205,pop,2023-06-20 21:03:44
461,14676,40227,pop,2023-06-20 21:09:53
462,14676,40229,pop,2023-06-20 21:11:39
463,14676,40251,pop,2023-06-20 21:23:56
464,14676,40257,pop,2023-06-20 21:27:36
465,14676,40291,pop,2023-06-20 21:42:47
466,14676,40309,pop,2023-06-20 21:46:11
467,14676,40339,pop,2023-06-20 21:51:52
468,14676,40367,pop,2023-06-20 22:00:06
469,14676,40379,pop,2023-06-20 22:06:04
470,14676,40387,pop,2023-06-20 22:07:32
471,14676,40392,pop,2023-06-20 22:12:36
472,14676,40407,pop,2023-06-20 22:17:46
473,14676,40421,pop,2023-06-20 22:20:52
474,14676,40431,pop,2023-06-20 22:30:41
475,14676,40449,pop,2023-06-20 22:35:31
476,14676,40468,pop,2023-06-20 22:43:41
477,14676,40476,pop,2023-06-20 22:46:28
478,14676,40492,pop,2023-06-20 22:55:48
479,14676,40512,pop,2023-06-20 23:03:23
480,14676,40521,pop,2023-06-20 23:04:22
481,14676,40531,pop,2023-06-20 23:10:55
482,14676,40540,pop,2023-06-20 23:14:37
483,14676,40554,pop,2023-06-20 23:23:32
484,14676,40564,pop,2023-06-20 23:26:09
485,14676,40568,pop,2023-06-20 23:26:50
486,14676,40585,pop,2023-06-20 23:43:07
487,14676,40587,pop,2023-06-20 23:46:05
488,14676,40589,pop,2023-06-20 23:49:25
489,14676,40590,pop,2023-06-20 23:50:39
490,14676,40592,pop,2023-06-20 23:51:41
491,14676,40596,pop,2023-06-20 23:53:28
492,14676,40598,pop,2023-06-20 23:53:56
493,14676,40599,pop,2023-06-20 23:54:57
494,14676,40609,pop,2023-06-20 23:59:20
495,14676,40613,pop,2023-06-21 00:00:21
496,14676,40616,pop,2023-06-21 00:01:31
497,14676,40617,pop,2023-06-21 00:01:59
498,14676,40619,pop,2023-06-21 00:02:45
499,14676,40620,pop,2023-06-21 00:03:21
500,14676,40621,pop,2023-06-21 00:04:10
501,14676,40622,pop,2023-06-21 00:04:36
502,14676,40623,pop,2023-06-21 00:07:32
503,14676,40624,pop,2023-06-21 00:09:37
504,14676,40646,pop,2023-06-21 07:18:56
505,14676,40715,pop,2023-06-21 14:45:14
506,14676,40718,pop,2023-06-21 15:43:20
507,14676,40720,pop,2023-06-21 15:50:52
508,14676,40723,pop,2023-06-21 16:40:15
509,14676,40727,pop,2023-06-21 17:03:20
510,14676,40728,pop,2023-06-21 17:03:52
511,14676,40729,pop,2023-06-21 17:04:42
512,14676,40731,pop,2023-06-21 17:13:41
513,14676,40732,pop,2023-06-21 17:16:05
514,14676,40735,pop,2023-06-21 17:40:51
515,14676,40736,pop,2023-06-21 17:46:11
516,14676,40737,pop,2023-06-21 18:01:13
517,14676,40740,pop,2023-06-21 18:40:29
518,14676,40747,pop,2023-06-21 19:40:36
519,14676,40749,pop,2023-06-21 20:00:37
520,14676,40751,pop,2023-06-21 20:10:41
521,14676,40754,pop,2023-06-21 20:47:00
522,14676,40755,pop,2023-06-21 21:28:24
523,14676,40758,pop,2023-06-21 21:46:39
524,14676,40759,pop,2023-06-21 22:04:56
525,14698,35771,pop,2023-06-14 13:04:35
526,14698,37607,pop,2023-06-19 12:24:59
527,14698,37607,pop,2023-06-19 12:29:09
528,14698,37661,pop,2023-06-19 12:33:14
529,14698,38031,pop,2023-06-19 13:30:23
530,14698,38031,fit,2023-06-19 13:45:35
531,14698,38031,fit,2023-06-19 13:48:00
532,14698,38121,pop,2023-06-19 13:53:22
533,14698,38121,fit,2023-06-19 14:03:41
534,14698,38121,fit,2023-06-19 14:16:43
535,14698,39337,pop,2023-06-20 11:50:36
536,14698,39647,pop,2023-06-20 16:00:02
537,14698,39649,pop,2023-06-20 16:03:24
538,14688,35761,pop,2023-06-14 12:59:29
539,14688,37020,pop,2023-06-16 12:19:13
540,14688,38313,fit,2023-06-19 15:05:35
541,14688,38313,fit,2023-06-19 15:08:09
542,14688,38313,fit,2023-06-19 15:08:37
543,14688,38363,pop,2023-06-19 15:11:37
544,14688,39453,pop,2023-06-20 14:02:16
545,14688,39460,pop,2023-06-20 14:06:19
546,14688,39460,pop,2023-06-20 14:08:15
547,14688,40182,pop,2023-06-20 20:46:41
548,14640,35713,pop,2023-06-14 12:31:14
549,14640,37923,pop,2023-06-19 13:14:14
550,14640,37923,pop,2023-06-19 13:14:33
551,14640,37976,pop,2023-06-19 13:21:53
552,14640,37976,pop,2023-06-19 13:26:19
553,14640,38222,pop,2023-06-19 14:58:56
554,14640,38222,pop,2023-06-19 15:17:43
555,14640,38222,pop,2023-06-19 15:18:08
556,14640,39745,pop,2023-06-20 16:52:38
557,14640,39817,pop,2023-06-20 17:21:32
558,14690,35763,pop,2023-06-14 13:00:38
559,14690,38242,pop,2023-06-19 14:43:34
560,14690,38242,fit,2023-06-19 14:53:37
561,14690,38242,fit,2023-06-19 14:58:51
562,14690,38242,fit,2023-06-19 14:59:25
563,14690,38320,pop,2023-06-19 15:05:18
564,14690,38366,pop,2023-06-19 15:12:30
565,14690,38366,pop,2023-06-19 15:20:28
566,14690,38366,pop,2023-06-19 15:21:36
567,14690,40352,pop,2023-06-20 21:54:19
568,14784,35857,pop,2023-06-14 13:59:50
569,14784,38358,pop,2023-06-19 15:10:51
570,14784,38358,fit,2023-06-19 15:17:21
571,14784,38358,fit,2023-06-19 15:20:26
572,14784,38358,fit,2023-06-19 15:20:28
573,14784,40169,pop,2023-06-20 20:23:34
574,14661,35734,pop,2023-06-14 12:45:06
575,14661,38127,pop,2023-06-19 13:57:15
576,14661,38127,pop,2023-06-19 13:57:39
577,14661,38155,pop,2023-06-19 14:03:54
578,14661,38177,pop,2023-06-19 14:18:39
579,14661,38180,pop,2023-06-19 14:19:39
580,14661,38180,pop,2023-06-19 14:20:34
581,14661,38194,pop,2023-06-19 14:25:38
582,14661,38194,pop,2023-06-19 14:27:37
583,14661,38208,pop,2023-06-19 14:31:51
584,14661,38208,pop,2023-06-19 14:32:04
585,14661,38275,pop,2023-06-19 14:52:47
586,14661,38340,pop,2023-06-19 15:08:28
587,14661,38362,pop,2023-06-19 15:11:37
588,14661,38362,pop,2023-06-19 15:12:04
589,14661,38367,pop,2023-06-19 15:12:28
590,14661,38372,pop,2023-06-19 15:18:07
591,14661,38378,pop,2023-06-19 15:20:53
592,14661,38378,pop,2023-06-19 15:22:42
593,14661,38378,pop,2023-06-19 15:22:44
594,14661,38384,pop,2023-06-19 15:22:50
595,14661,38384,fit,2023-06-19 15:23:21
596,14661,38390,pop,2023-06-19 15:27:45
597,14661,38384,fit,2023-06-19 15:36:24
598,14661,38384,fit,2023-06-19 15:36:26
599,14661,38424,pop,2023-06-19 15:51:30
600,14661,38489,pop,2023-06-19 16:48:37
601,14661,39028,pop,2023-06-20 00:32:50
602,14661,39028,pop,2023-06-20 00:33:53
603,14661,39899,pop,2023-06-20 18:00:14
604,14661,39902,pop,2023-06-20 18:00:49
605,14655,35728,pop,2023-06-14 12:42:09
606,14655,38209,pop,2023-06-19 14:32:04
607,14655,38209,fit,2023-06-19 14:39:48
608,14655,38209,fit,2023-06-19 14:39:49
609,14655,38209,fit,2023-06-19 14:42:22
610,14655,38209,fit,2023-06-19 14:45:55
611,14655,38209,fit,2023-06-19 14:50:55
612,14655,38209,fit,2023-06-19 14:50:57
613,14655,38209,fit,2023-06-19 14:51:59
614,14655,38324,pop,2023-06-19 15:07:37
615,14655,38324,pop,2023-06-19 15:08:09
616,14655,38324,fit,2023-06-19 15:08:13
617,14655,38354,2023-06-19 15:08:40,
618,14655,38360,pop,2023-06-19 15:11:12
619,14655,38389,pop,2023-06-19 15:27:13
620,14655,38389,fit,2023-06-19 15:31:58
621,14655,38389,fit,2023-06-19 15:32:59
622,14655,38389,fit,2023-06-19 15:33:19
623,14655,38405,pop,2023-06-19 15:36:46
624,14655,38405,pop,2023-06-19 15:36:52
625,14655,38405,fit,2023-06-19 15:41:15
626,14655,38405,fit,2023-06-19 15:41:33
627,14655,39641,pop,2023-06-20 15:58:56
628,14655,39641,fit,2023-06-20 16:00:27
629,14655,39651,pop,2023-06-20 16:03:47
630,14655,40164,pop,2023-06-20 20:20:55
631,14659,35732,pop,2023-06-14 12:44:13
632,14659,36906,fit,2023-06-16 09:36:16
633,14659,38397,pop,2023-06-19 15:36:24
634,14659,38397,fit,2023-06-19 15:41:16
635,14659,38397,fit,2023-06-19 15:42:23
636,14659,38397,sim,2023-06-19 15:42:50
637,14659,38397,fit,2023-06-19 15:43:41
638,14659,38397,fit,2023-06-19 15:44:49
639,14659,39244,pop,2023-06-20 09:35:09
640,14659,39949,pop,2023-06-20 18:18:50
641,14659,39991,pop,2023-06-20 18:42:19
642,14659,40113,pop,2023-06-20 19:51:31
643,14777,35850,pop,2023-06-14 13:56:18
644,14777,38392,pop,2023-06-19 15:32:18
645,14777,38402,pop,2023-06-19 15:33:12
646,14777,38402,pop,2023-06-19 15:33:14
647,14777,38403,pop,2023-06-19 15:33:32
648,14777,38403,pop,2023-06-19 15:36:15
649,14777,38414,pop,2023-06-19 15:41:23
650,14777,38421,pop,2023-06-19 15:45:48
651,14777,40336,pop,2023-06-20 21:51:05
652,14777,40336,pop,2023-06-20 21:53:05
653,14785,35858,pop,2023-06-14 14:00:14
654,14785,38427,pop,2023-06-19 15:51:39
655,14785,38427,fit,2023-06-19 15:55:54
656,14785,38427,fit,2023-06-19 15:57:36
657,14785,38427,fit,2023-06-19 16:00:14
658,14785,38701,pop,2023-06-19 20:08:21
659,14806,35879,pop,2023-06-14 14:10:38
660,14806,37786,pop,2023-06-19 12:55:46
661,14806,37789,pop,2023-06-19 12:56:00
662,14806,37912,pop,2023-06-19 13:14:07
663,14806,38413,pop,2023-06-19 15:41:22
664,14806,38415,pop,2023-06-19 15:42:30
665,14806,38415,fit,2023-06-19 16:02:45
666,14806,38415,fit,2023-06-19 16:07:02
667,14806,38415,fit,2023-06-19 16:08:40
668,14806,38415,fit,2023-06-19 16:09:12
669,14695,35768,pop,2023-06-14 13:03:04
670,14695,38443,pop,2023-06-19 16:14:34
671,14695,38443,fit,2023-06-19 16:15:38
672,14695,38443,fit,2023-06-19 16:15:43
673,14695,38443,fit,2023-06-19 16:17:10
674,14695,38443,fit,2023-06-19 16:21:01
675,14695,38443,fit,2023-06-19 16:27:41
676,14695,40360,pop,2023-06-20 21:58:22
677,14657,35730,pop,2023-06-14 12:43:09
678,14657,36904,pop,2023-06-16 09:30:53
679,14657,36905,pop,2023-06-16 09:34:13
680,14657,38464,pop,2023-06-19 16:21:38
681,14657,38464,fit,2023-06-19 16:35:45
682,14657,38464,fit,2023-06-19 16:39:23
683,14657,38464,fit,2023-06-19 16:39:54
684,14657,38464,fit,2023-06-19 16:41:42
685,14657,38483,pop,2023-06-19 16:47:03
686,14657,38492,pop,2023-06-19 16:55:52
687,14657,38492,fit,2023-06-19 16:57:47
688,14657,38545,pop,2023-06-19 18:14:49
689,14657,38545,fit,2023-06-19 18:19:10
690,14657,38552,pop,2023-06-19 18:20:46
691,14657,39240,pop,2023-06-20 09:34:05
692,14657,39248,pop,2023-06-20 09:49:27
693,14657,39433,pop,2023-06-20 13:28:32
694,14657,39434,2023-06-20 13:29:23,
695,14657,40465,pop,2023-06-20 22:41:58
696,14648,35721,pop,2023-06-14 12:38:07
697,14648,37534,pop,2023-06-19 12:03:13
698,14648,37593,pop,2023-06-19 12:19:52
699,14648,37597,pop,2023-06-19 12:20:44
700,14648,37782,pop,2023-06-19 12:54:52
701,14648,38459,pop,2023-06-19 16:19:42
702,14648,38474,pop,2023-06-19 16:25:30
703,14648,38480,pop,2023-06-19 16:34:07
704,14648,38487,pop,2023-06-19 16:47:26
705,14648,38487,fit,2023-06-19 17:02:04
706,14648,38487,fit,2023-06-19 17:02:51
707,14648,38500,pop,2023-06-19 17:06:14
708,14648,38504,pop,2023-06-19 17:11:56
709,14648,38504,fit,2023-06-19 17:16:31
710,14648,38504,fit,2023-06-19 17:18:35
711,14648,38504,fit,2023-06-19 17:18:48
712,14648,38504,fit,2023-06-19 17:19:14
713,14648,38508,pop,2023-06-19 17:19:32
714,14648,38835,pop,2023-06-19 21:48:45
715,14648,38882,pop,2023-06-19 22:30:46
716,14648,38883,pop,2023-06-19 22:31:10
717,14648,38887,pop,2023-06-19 22:33:10
718,14648,39307,pop,2023-06-20 11:12:58
719,14648,39308,pop,2023-06-20 11:13:04
720,14775,35848,pop,2023-06-14 13:55:26
721,14775,38512,pop,2023-06-19 17:21:31
722,14775,38513,pop,2023-06-19 17:23:14
723,14775,38516,pop,2023-06-19 17:24:08
724,14775,38525,pop,2023-06-19 17:32:18
725,14775,38525,fit,2023-06-19 17:37:24
726,14775,38525,fit,2023-06-19 17:40:12
727,14775,38533,pop,2023-06-19 17:40:49
728,14775,38565,pop,2023-06-19 18:35:07
729,14775,39636,pop,2023-06-20 15:52:39
730,14775,40332,pop,2023-06-20 21:51:16
731,14775,40342,pop,2023-06-20 21:51:52
732,14775,40347,pop,2023-06-20 21:52:12
733,14775,40347,pop,2023-06-20 21:57:46
734,14767,35840,pop,2023-06-14 13:51:31
735,14767,38514,pop,2023-06-19 17:24:15
736,14767,38521,pop,2023-06-19 17:28:55
737,14767,38521,fit,2023-06-19 17:37:24
738,14767,39737,pop,2023-06-20 16:42:20
739,14767,39793,pop,2023-06-20 17:07:51
740,14767,40074,pop,2023-06-20 19:31:39
741,14767,40095,pop,2023-06-20 19:43:20
742,14767,40262,pop,2023-06-20 21:33:30
743,14767,40262,fit,2023-06-20 21:36:45
744,14767,40411,pop,2023-06-20 22:17:50
745,14767,40417,pop,2023-06-20 22:21:05
746,14650,35723,pop,2023-06-14 12:39:16
747,14650,38562,fit,2023-06-19 18:39:39
748,14650,39996,pop,2023-06-20 18:51:48
749,14650,40015,fit,2023-06-20 19:07:32
750,14650,40276,pop,2023-06-20 21:42:12
751,14650,40708,pop,2023-06-21 14:15:49
752,14693,35766,pop,2023-06-14 13:02:05
753,14693,37978,pop,2023-06-19 13:22:06
754,14693,38109,pop,2023-06-19 13:49:08
755,14693,38109,pop,2023-06-19 13:50:07
756,14693,38554,pop,2023-06-19 18:24:41
757,14693,38554,fit,2023-06-19 18:30:08
758,14693,38554,fit,2023-06-19 18:30:19
759,14693,38570,pop,2023-06-19 18:40:46
760,14693,38570,fit,2023-06-19 18:45:55
761,14693,38570,fit,2023-06-19 18:52:48
762,14693,38581,pop,2023-06-19 18:58:16
763,14693,38582,pop,2023-06-19 19:01:35
764,14693,38584,pop,2023-06-19 19:02:52
765,14693,38585,pop,2023-06-19 19:06:09
766,14753,35826,pop,2023-06-14 13:43:45
767,14753,38586,pop,2023-06-19 19:09:51
768,14753,38586,fit,2023-06-19 19:14:27
769,14753,38586,fit,2023-06-19 19:15:41
770,14753,40577,pop,2023-06-20 23:36:44
771,14753,40578,pop,2023-06-20 23:38:49
772,14734,35807,pop,2023-06-14 13:33:30
773,14734,37420,pop,2023-06-19 11:33:01
774,14734,37444,fit,2023-06-19 11:41:03
775,14734,37500,pop,2023-06-19 11:56:05
776,14734,37508,pop,2023-06-19 12:01:10
777,14734,37508,pop,2023-06-19 12:01:10
778,14734,37553,pop,2023-06-19 12:03:28
779,14734,37554,pop,2023-06-19 12:03:56
780,14734,37555,pop,2023-06-19 12:19:11
781,14734,37755,pop,2023-06-19 12:47:07
782,14734,37887,pop,2023-06-19 13:07:19
783,14734,37887,pop,2023-06-19 13:38:24
784,14734,38266,pop,2023-06-19 14:46:36
785,14734,38647,pop,2023-06-19 19:23:50
786,14734,38648,pop,2023-06-19 19:23:59
787,14734,38648,pop,2023-06-19 19:24:18
788,14734,38648,fit,2023-06-19 19:38:51
789,14734,38698,pop,2023-06-19 20:05:36
790,14734,40017,fit,2023-06-20 19:09:09
791,14734,40032,pop,2023-06-20 19:10:19
792,14734,40032,pop,2023-06-20 19:10:19
793,14734,40035,pop,2023-06-20 19:14:53
794,14734,40481,pop,2023-06-20 22:48:35
795,14734,40691,pop,2023-06-21 13:28:26
796,14734,40692,pop,2023-06-21 13:29:17
797,14734,40743,pop,2023-06-21 19:13:22
798,14789,35862,pop,2023-06-14 14:03:13
799,14789,38490,pop,2023-06-19 16:50:49
800,14789,38491,pop,2023-06-19 16:53:16
801,14789,38553,pop,2023-06-19 18:21:26
802,14789,38702,pop,2023-06-19 20:09:31
803,14789,38702,fit,2023-06-19 20:11:49
804,14789,39217,pop,2023-06-20 08:46:42
805,14789,40254,pop,2023-06-20 21:26:37
806,14789,40457,pop,2023-06-20 22:37:53
807,14703,35776,pop,2023-06-14 13:06:39
808,14703,37405,pop,2023-06-19 11:26:40
809,14703,37881,pop,2023-06-19 13:07:17
810,14703,37881,pop,2023-06-19 13:09:02
811,14729,35802,pop,2023-06-14 13:26:44
812,14729,38420,pop,2023-06-19 15:45:18
813,14729,38420,pop,2023-06-19 16:29:55
814,14729,38614,pop,2023-06-19 20:39:43
815,14729,38614,pop,2023-06-19 20:40:02
816,14729,39738,pop,2023-06-20 16:42:20
817,14729,39738,pop,2023-06-20 16:45:03
818,14729,39738,pop,2023-06-20 16:45:07
819,14729,39941,pop,2023-06-20 18:17:36
820,14729,40175,pop,2023-06-20 20:31:52
821,14803,35876,pop,2023-06-14 14:09:25
822,14803,37465,fit,2023-06-19 12:03:09
823,14803,37583,pop,2023-06-19 12:15:27
824,14803,37592,pop,2023-06-19 12:18:50
825,14803,37654,pop,2023-06-19 12:32:55
826,14803,37688,pop,2023-06-19 12:40:11
827,14803,37871,pop,2023-06-19 13:07:17
828,14803,37921,pop,2023-06-19 13:14:16
829,14803,37970,pop,2023-06-19 13:21:32
830,14803,38742,pop,2023-06-19 20:40:57
831,14803,38742,fit,2023-06-19 20:43:00
832,14803,39486,pop,2023-06-20 14:36:49
833,14783,35856,pop,2023-06-14 13:59:19
834,14783,38744,pop,2023-06-19 20:44:56
835,14783,38744,pop,2023-06-19 20:48:26
836,14783,38744,fit,2023-06-19 20:57:06
837,14783,39441,fit,2023-06-20 13:46:47
838,14783,39842,pop,2023-06-20 17:38:46
839,14756,35829,pop,2023-06-14 13:45:17
840,14756,38753,pop,2023-06-19 20:48:51
841,14756,38773,pop,2023-06-19 21:10:50
842,14709,35782,pop,2023-06-14 13:09:18
843,14709,38497,pop,2023-06-19 17:03:48
844,14709,38770,pop,2023-06-19 21:06:09
845,14709,38771,pop,2023-06-19 21:09:55
846,14709,38771,fit,2023-06-19 21:11:44
847,14709,38771,fit,2023-06-19 21:15:47
848,14709,38771,fit,2023-06-19 21:18:40
849,14709,38771,fit,2023-06-19 21:19:21
850,14709,39586,pop,2023-06-20 15:30:53
851,14709,39796,pop,2023-06-20 17:07:43
852,14709,39796,pop,2023-06-20 17:07:56
853,14709,39796,pop,2023-06-20 17:12:51
854,14709,39815,pop,2023-06-20 17:18:57
855,14709,39879,pop,2023-06-20 17:51:29
856,14691,35764,pop,2023-06-14 13:01:16
857,14691,38780,fit,2023-06-19 21:36:03
858,14691,38824,pop,2023-06-19 21:47:41
859,14691,38824,fit,2023-06-19 21:59:07
860,14691,38824,fit,2023-06-19 22:04:01
861,14691,38824,fit,2023-06-19 22:04:01
862,14691,38824,fit,2023-06-19 22:07:40
863,14691,39767,pop,2023-06-20 16:57:20
864,14807,35880,pop,2023-06-14 14:12:02
865,14807,38855,fit,2023-06-19 22:19:51
866,14642,35715,pop,2023-06-14 12:32:25
867,14642,37077,pop,2023-06-16 13:10:47
868,14642,37078,pop,2023-06-16 13:15:06
869,14642,37080,pop,2023-06-16 13:15:30
870,14642,37078,pop,2023-06-16 13:20:38
871,14642,37780,pop,2023-06-19 12:54:55
872,14642,37780,pop,2023-06-19 12:57:38
873,14642,38537,pop,2023-06-19 17:54:50
874,14642,38568,pop,2023-06-19 18:39:38
875,14642,38568,pop,2023-06-19 18:43:18
876,14642,38568,pop,2023-06-19 18:44:09
877,14642,38568,pop,2023-06-19 18:46:19
878,14642,38886,pop,2023-06-19 22:32:59
879,14642,38886,pop,2023-06-19 22:33:13
880,14642,38886,pop,2023-06-19 22:33:33
881,14642,39043,pop,2023-06-20 00:52:50
882,14642,39593,pop,2023-06-20 15:30:50
883,14642,39583,pop,2023-06-20 15:31:15
884,14642,39583,pop,2023-06-20 16:12:50
885,14642,40093,pop,2023-06-20 19:42:32
886,14642,40096,pop,2023-06-20 19:43:07
887,14642,40110,pop,2023-06-20 19:49:19
888,14797,35870,pop,2023-06-14 14:06:49
889,14797,38888,pop,2023-06-19 22:33:57
890,14797,38888,fit,2023-06-19 22:37:27
891,14797,38888,sim,2023-06-19 22:38:05
892,14697,35770,pop,2023-06-14 13:04:02
893,14697,38893,fit,2023-06-19 22:43:03
894,14697,38893,sim,2023-06-19 22:43:37
895,14697,38999,pop,2023-06-19 23:49:24
896,14697,39002,pop,2023-06-19 23:53:30
897,14697,39007,pop,2023-06-20 00:11:08
898,14754,35827,pop,2023-06-14 13:44:09
899,14754,38499,pop,2023-06-19 17:04:29
900,14754,38769,pop,2023-06-19 21:05:41
901,14754,38777,pop,2023-06-19 21:20:31
902,14754,38781,pop,2023-06-19 21:22:22
903,14754,38781,fit,2023-06-19 21:25:51
904,14754,38812,pop,2023-06-19 21:40:52
905,14754,38828,fit,2023-06-19 21:47:41
906,14754,38851,pop,2023-06-19 22:01:15
907,14754,38851,fit,2023-06-19 22:04:49
908,14754,38851,fit,2023-06-19 22:07:45
909,14754,38851,fit,2023-06-19 22:07:49
910,14754,38911,pop,2023-06-19 22:48:54
911,14754,38911,fit,2023-06-19 22:52:34
912,14754,38911,fit,2023-06-19 22:57:19
913,14754,39266,pop,2023-06-20 10:22:27
914,14754,39600,pop,2023-06-20 15:33:47
915,14754,39606,pop,2023-06-20 15:35:07
916,14754,39791,pop,2023-06-20 17:06:46
917,14754,40088,pop,2023-06-20 19:39:48
918,14754,40089,pop,2023-06-20 19:41:30
919,14754,40193,pop,2023-06-20 20:55:30
920,14754,40195,pop,2023-06-20 20:55:38
921,14754,40382,pop,2023-06-20 22:06:04
922,14754,40397,pop,2023-06-20 22:12:48
923,14754,40438,pop,2023-06-20 22:31:23
924,14754,40440,pop,2023-06-20 22:31:57
925,14754,40471,pop,2023-06-20 22:43:44
926,14754,40551,pop,2023-06-20 23:21:12
927,14905,35971,pop,2023-06-14 16:02:50
928,14905,38905,pop,2023-06-19 22:48:38
929,14905,38905,pop,2023-06-19 22:48:40
930,14905,38916,pop,2023-06-19 22:53:26
931,14905,38941,fit,2023-06-19 23:07:11
932,14905,38946,pop,2023-06-19 23:08:06
933,14905,38946,pop,2023-06-19 23:08:33
934,14905,40335,pop,2023-06-20 21:51:07
935,14905,40335,pop,2023-06-20 21:51:41
936,14905,40394,pop,2023-06-20 22:11:44
937,14905,40472,pop,2023-06-20 22:45:11
938,14639,35712,pop,2023-06-14 12:29:57
939,14639,37918,pop,2023-06-19 13:20:53
940,14639,37918,pop,2023-06-19 13:22:19
941,14639,37918,pop,2023-06-19 13:25:09
942,14639,38972,pop,2023-06-19 23:16:39
943,14639,38972,pop,2023-06-19 23:16:56
944,14639,38974,pop,2023-06-19 23:18:05
945,14639,38974,pop,2023-06-19 23:18:18
946,14639,38985,pop,2023-06-19 23:25:40
947,14639,38987,pop,2023-06-19 23:29:00
948,14639,38987,fit,2023-06-19 23:32:16
949,14670,35743,pop,2023-06-14 12:50:03
950,14670,37061,pop,2023-06-16 12:46:19
951,14670,38908,pop,2023-06-19 22:48:38
952,14670,38908,fit,2023-06-19 22:52:38
953,14670,38922,pop,2023-06-19 23:00:34
954,14670,38976,pop,2023-06-19 23:18:39
955,14670,38976,fit,2023-06-19 23:25:30
956,14670,38989,pop,2023-06-19 23:32:56
957,14670,38989,fit,2023-06-19 23:35:34
958,14670,38989,fit,2023-06-19 23:37:54
959,14670,38989,fit,2023-06-19 23:39:17
960,14670,38989,fit,2023-06-19 23:39:20
961,14670,40442,pop,2023-06-20 22:32:39
962,14670,40464,pop,2023-06-20 22:42:01
963,14793,35866,pop,2023-06-14 14:05:00
964,14793,38997,pop,2023-06-19 23:44:26
965,14793,39003,pop,2023-06-19 23:54:10
966,14793,39003,fit,2023-06-19 23:58:49
967,14793,40172,pop,2023-06-20 20:27:18
968,14793,40507,pop,2023-06-20 23:02:51
969,14728,35801,pop,2023-06-14 13:25:30
970,14728,38994,pop,2023-06-19 23:39:26
971,14728,39006,pop,2023-06-20 00:05:01
972,14728,39006,fit,2023-06-20 00:06:44
973,14673,35746,pop,2023-06-14 12:51:43
974,14673,39005,pop,2023-06-20 00:03:20
975,14673,39008,pop,2023-06-20 00:11:37
976,14673,39017,pop,2023-06-20 00:23:02
977,14673,39017,fit,2023-06-20 00:25:30
978,14673,39017,fit,2023-06-20 00:25:38
979,14673,39017,fit,2023-06-20 00:37:30
980,14673,39175,pop,2023-06-20 06:08:08
981,14673,39175,pop,2023-06-20 10:25:16
982,14673,39658,pop,2023-06-20 16:12:05
983,14673,39769,pop,2023-06-20 17:01:13
984,14673,40062,pop,2023-06-20 19:27:06
985,14673,40062,pop,2023-06-20 19:27:28
986,14673,40237,pop,2023-06-20 21:14:44
987,14673,40240,pop,2023-06-20 21:18:29
988,14673,40241,pop,2023-06-20 21:18:39
989,14673,40253,pop,2023-06-20 21:26:08
990,14673,40358,pop,2023-06-20 21:58:22
991,14673,40358,pop,2023-06-20 21:58:57
992,14673,40369,pop,2023-06-20 22:00:32
993,14673,40560,pop,2023-06-20 23:25:33
994,14788,35861,pop,2023-06-14 14:02:36
995,14788,37180,pop,2023-06-16 14:55:33
996,14788,37180,fit,2023-06-16 14:57:20
997,14788,37183,pop,2023-06-16 15:00:20
998,14788,37184,pop,2023-06-16 15:01:44
999,14788,37187,pop,2023-06-16 15:05:00
1000,14788,37187,fit,2023-06-16 15:06:15
1001,14788,38037,pop,2023-06-19 13:36:11
1002,14788,38120,pop,2023-06-19 13:53:21
1003,14788,38918,pop,2023-06-19 22:53:42
1004,14788,39038,pop,2023-06-20 00:44:56
1005,14788,39490,pop,2023-06-20 14:44:19
1006,14788,39490,pop,2023-06-20 14:44:22
1007,14788,39862,pop,2023-06-20 17:46:13
1008,14705,35778,pop,2023-06-14 13:07:42
1009,14705,37968,pop,2023-06-19 13:21:17
1010,14705,39040,fit,2023-06-20 00:56:09
1011,14705,39040,fit,2023-06-20 01:05:50
1012,14705,39056,pop,2023-06-20 01:12:46
1013,14705,39056,fit,2023-06-20 01:22:07
1014,14705,39056,fit,2023-06-20 01:33:48
1015,14705,39056,fit,2023-06-20 01:35:05
1016,14705,39064,pop,2023-06-20 01:35:14
1017,14705,39064,pop,2023-06-20 01:35:28
1018,14705,40045,pop,2023-06-20 19:20:40
1019,14741,35814,pop,2023-06-14 13:36:58
1020,14741,39068,fit,2023-06-20 01:55:04
1021,14741,39070,pop,2023-06-20 01:59:19
1022,14741,40495,fit,2023-06-20 22:57:01
1023,14647,35720,pop,2023-06-14 12:36:44
1024,14647,39078,fit,2023-06-20 02:16:26
1025,14647,39888,pop,2023-06-20 17:56:07
1026,14647,40631,pop,2023-06-21 01:20:18
1027,14761,35834,pop,2023-06-14 13:47:29
1028,14761,38016,pop,2023-06-19 13:29:59
1029,14761,38054,pop,2023-06-19 13:39:38
1030,14761,38068,pop,2023-06-19 13:40:00
1031,14761,38108,pop,2023-06-19 13:49:17
1032,14761,38108,pop,2023-06-19 13:50:37
1033,14761,38108,pop,2023-06-19 13:51:07
1034,14761,38108,fit,2023-06-19 13:53:50
1035,14761,38128,pop,2023-06-19 13:57:39
1036,14761,38690,pop,2023-06-19 19:30:02
1037,14761,38690,fit,2023-06-19 19:55:08
1038,14761,39032,pop,2023-06-20 00:32:49
1039,14761,39057,pop,2023-06-20 01:22:07
1040,14761,39077,pop,2023-06-20 02:08:52
1041,14761,39079,fit,2023-06-20 02:22:38
1042,14643,35716,pop,2023-06-14 12:33:48
1043,14643,38025,pop,2023-06-19 13:28:53
1044,14643,38025,pop,2023-06-19 13:30:10
1045,14643,38102,pop,2023-06-19 13:49:06
1046,14643,38371,pop,2023-06-19 15:17:28
1047,14643,38383,pop,2023-06-19 15:20:53
1048,14643,38387,pop,2023-06-19 15:25:34
1049,14643,38429,pop,2023-06-19 15:57:18
1050,14643,39085,pop,2023-06-20 02:28:56
1051,14643,39085,pop,2023-06-20 02:29:51
1052,14643,39085,fit,2023-06-20 02:32:31
1053,14643,39085,fit,2023-06-20 02:33:50
1054,14643,39088,2023-06-20 02:37:25,
1055,14769,35842,pop,2023-06-14 13:52:36
1056,14769,38393,pop,2023-06-19 15:32:54
1057,14769,38393,pop,2023-06-19 15:33:02
1058,14769,38406,pop,2023-06-19 15:36:46
1059,14769,38410,pop,2023-06-19 15:41:16
1060,14769,38434,pop,2023-06-19 16:01:53
1061,14769,39081,pop,2023-06-20 02:27:08
1062,14769,39082,pop,2023-06-20 02:27:41
1063,14769,39083,pop,2023-06-20 02:28:00
1064,14769,39084,pop,2023-06-20 02:28:22
1065,14769,39092,pop,2023-06-20 02:39:32
1066,14769,39093,pop,2023-06-20 02:39:45
1067,14769,39095,pop,2023-06-20 02:40:19
1068,14769,39096,pop,2023-06-20 02:40:48
1069,14769,39096,pop,2023-06-20 02:41:15
1070,14769,39097,pop,2023-06-20 02:41:35
1071,14769,39098,pop,2023-06-20 02:41:43
1072,14769,39099,pop,2023-06-20 02:43:54
1073,14769,39100,pop,2023-06-20 02:45:28
1074,14769,39100,pop,2023-06-20 02:45:38
1075,14769,39101,pop,2023-06-20 02:47:31
1076,14769,39101,pop,2023-06-20 02:47:42
1077,14769,39104,pop,2023-06-20 02:48:08
1078,14769,39106,pop,2023-06-20 02:48:33
1079,14769,39114,pop,2023-06-20 02:53:02
1080,14769,39115,pop,2023-06-20 02:53:18
1081,14769,39116,pop,2023-06-20 02:53:41
1082,14769,39564,pop,2023-06-20 15:16:13
1083,14769,39566,pop,2023-06-20 15:16:25
1084,14769,39566,pop,2023-06-20 15:16:31
1085,14769,39568,pop,2023-06-20 15:16:36
1086,14769,39598,pop,2023-06-20 15:31:04
1087,14769,39850,pop,2023-06-20 17:42:10
1088,14769,39853,pop,2023-06-20 17:42:19
1089,14769,39854,pop,2023-06-20 17:42:23
1090,14769,40105,pop,2023-06-20 19:47:16
1091,14769,40107,pop,2023-06-20 19:48:07
1092,14769,40600,pop,2023-06-20 23:54:58
1093,14653,35726,pop,2023-06-14 12:41:07
1094,14653,39122,fit,2023-06-20 03:28:04
1095,14653,39123,pop,2023-06-20 03:28:10
1096,14653,39123,fit,2023-06-20 03:30:48
1097,14653,39123,fit,2023-06-20 03:31:40
1098,14774,35847,pop,2023-06-14 13:54:57
1099,14774,39129,pop,2023-06-20 03:35:06
1100,14774,39133,pop,2023-06-20 03:40:23
1101,14772,35845,pop,2023-06-14 13:54:05
1102,14772,39015,pop,2023-06-20 00:18:04
1103,14772,39016,pop,2023-06-20 00:22:52
1104,14772,39018,pop,2023-06-20 00:23:39
1105,14772,39018,fit,2023-06-20 00:25:26
1106,14772,39018,fit,2023-06-20 00:49:38
1107,14772,39018,fit,2023-06-20 01:08:52
1108,14772,39058,pop,2023-06-20 01:22:09
1109,14772,39058,fit,2023-06-20 01:23:50
1110,14772,39059,pop,2023-06-20 01:24:01
1111,14772,39061,pop,2023-06-20 01:25:03
1112,14772,39062,pop,2023-06-20 01:26:21
1113,14772,39063,pop,2023-06-20 01:29:20
1114,14772,39127,fit,2023-06-20 03:35:05
1115,14772,39131,pop,2023-06-20 03:36:15
1116,14772,39131,fit,2023-06-20 03:37:46
1117,14772,39131,fit,2023-06-20 03:43:12
1118,14772,39131,fit,2023-06-20 03:43:22
1119,14772,39131,fit,2023-06-20 03:49:41
1120,14652,35725,pop,2023-06-14 12:40:17
1121,14652,39140,pop,2023-06-20 03:53:42
1122,14652,39140,pop,2023-06-20 03:53:56
1123,14652,39144,pop,2023-06-20 03:55:26
1124,14652,39144,pop,2023-06-20 03:56:08
1125,14652,39144,pop,2023-06-20 03:58:11
1126,14652,39144,pop,2023-06-20 04:01:16
1127,14652,39144,pop,2023-06-20 04:01:37
1128,14652,39144,pop,2023-06-20 04:02:43
1129,14652,39146,pop,2023-06-20 04:03:04
1130,14652,39382,pop,2023-06-20 12:37:58
1131,14682,35755,pop,2023-06-14 12:56:42
1132,14682,39121,pop,2023-06-20 03:26:01
1133,14682,39121,fit,2023-06-20 03:28:03
1134,14682,39125,pop,2023-06-20 03:30:48
1135,14682,39125,fit,2023-06-20 03:32:38
1136,14682,39126,pop,2023-06-20 03:33:19
1137,14682,39145,pop,2023-06-20 03:56:06
1138,14682,39145,fit,2023-06-20 03:57:18
1139,14682,39145,fit,2023-06-20 04:04:44
1140,14682,39145,fit,2023-06-20 04:05:09
1141,14744,35817,pop,2023-06-14 13:38:18
1142,14744,36933,pop,2023-06-16 10:49:57
1143,14744,36933,pop,2023-06-16 10:50:35
1144,14744,37233,pop,2023-06-17 00:41:58
1145,14744,37233,pop,2023-06-17 00:42:28
1146,14744,37995,pop,2023-06-19 13:28:41
1147,14744,38029,pop,2023-06-19 13:33:31
1148,14744,38408,pop,2023-06-19 15:36:47
1149,14744,38408,pop,2023-06-19 15:37:14
1150,14744,38409,pop,2023-06-19 15:37:35
1151,14744,38428,pop,2023-06-19 15:51:39
1152,14744,38430,pop,2023-06-19 16:00:25
1153,14744,38430,pop,2023-06-19 16:01:20
1154,14744,38466,pop,2023-06-19 16:25:52
1155,14744,38498,pop,2023-06-19 17:04:42
1156,14744,38502,pop,2023-06-19 17:06:32
1157,14744,38501,2023-06-19 17:06:52,
1158,14744,39151,pop,2023-06-20 04:21:48
1159,14744,39152,pop,2023-06-20 04:22:26
1160,14744,39154,pop,2023-06-20 04:31:14
1161,14744,39155,pop,2023-06-20 04:35:31
1162,14744,39158,pop,2023-06-20 04:43:11
1163,14744,39158,fit,2023-06-20 04:45:51
1164,14744,39158,fit,2023-06-20 04:47:15
1165,14744,39178,pop,2023-06-20 06:58:14
1166,14744,39218,pop,2023-06-20 08:51:48
1167,14744,39233,pop,2023-06-20 09:22:48
1168,14744,39268,pop,2023-06-20 10:25:17
1169,14710,35783,pop,2023-06-14 13:09:46
1170,14710,37081,pop,2023-06-16 13:16:25
1171,14710,37081,fit,2023-06-16 13:30:59
1172,14710,37083,pop,2023-06-16 13:35:02
1173,14710,37083,fit,2023-06-16 13:35:29
1174,14710,37083,fit,2023-06-16 13:35:30
1175,14710,37779,pop,2023-06-19 12:55:38
1176,14710,38282,pop,2023-06-19 14:53:23
1177,14710,38288,pop,2023-06-19 14:56:30
1178,14710,38400,pop,2023-06-19 15:33:04
1179,14710,39160,pop,2023-06-20 04:53:58
1180,14710,39160,fit,2023-06-20 04:55:09
1181,14798,35871,pop,2023-06-14 14:07:17
1182,14798,39162,fit,2023-06-20 05:07:36
1183,14798,39163,pop,2023-06-20 05:10:52
1184,14798,39163,pop,2023-06-20 05:10:58
1185,14798,39163,fit,2023-06-20 05:11:36
1186,14798,39163,fit,2023-06-20 05:16:26
1187,14798,39436,pop,2023-06-20 13:32:56
1188,14798,39694,pop,2023-06-20 16:21:42
1189,14798,39705,pop,2023-06-20 16:28:00
1190,14798,40263,pop,2023-06-20 21:34:03
1191,14798,40546,pop,2023-06-20 23:18:24
1192,14731,35804,pop,2023-06-14 13:29:37
1193,14731,37327,pop,2023-06-19 01:05:59
1194,14731,37360,pop,2023-06-19 09:12:12
1195,14731,37360,fit,2023-06-19 09:21:17
1196,14731,37364,pop,2023-06-19 09:22:22
1197,14731,37364,pop,2023-06-19 09:23:05
1198,14731,38826,pop,2023-06-19 21:45:49
1199,14731,39159,pop,2023-06-20 04:45:52
1200,14731,39159,fit,2023-06-20 05:07:35
1201,14731,39164,pop,2023-06-20 05:12:09
1202,14686,35759,pop,2023-06-14 12:58:31
1203,14686,37017,pop,2023-06-16 12:17:13
1204,14686,39176,fit,2023-06-20 06:23:53
1205,14644,35717,pop,2023-06-14 12:35:02
1206,14644,38611,pop,2023-06-19 19:12:31
1207,14644,39181,fit,2023-06-20 07:25:04
1208,14644,39181,fit,2023-06-20 07:25:16
1209,14644,39181,fit,2023-06-20 07:25:23
1210,14644,39181,sim,2023-06-20 07:26:11
1211,14644,39831,fit,2023-06-20 17:33:05
1212,14644,39831,fit,2023-06-20 17:33:06
1213,14644,40075,pop,2023-06-20 19:32:34
1214,14645,35718,pop,2023-06-14 12:35:27
1215,14645,38598,fit,2023-06-19 19:17:00
1216,14645,38612,fit,2023-06-19 19:21:32
1217,14645,39180,fit,2023-06-20 07:25:04
1218,14645,39180,fit,2023-06-20 07:26:13
1219,14645,39180,fit,2023-06-20 07:29:04
1220,14791,35864,pop,2023-06-14 14:04:16
1221,14791,39183,fit,2023-06-20 07:36:07
1222,14791,39183,fit,2023-06-20 07:38:00
1223,14791,40013,pop,2023-06-20 19:02:10
1224,14791,40144,pop,2023-06-20 20:05:36
1225,14791,40179,pop,2023-06-20 20:37:50
1226,14791,40217,pop,2023-06-20 21:07:22
1227,14791,40308,pop,2023-06-20 21:45:14
1228,14791,40376,pop,2023-06-20 22:03:05
1229,14791,40462,pop,2023-06-20 22:42:00
1230,14791,40553,pop,2023-06-20 23:23:10
1231,14792,35865,pop,2023-06-14 14:04:39
1232,14792,37294,pop,2023-06-18 12:58:59
1233,14792,39189,fit,2023-06-20 07:37:59
1234,14792,39192,pop,2023-06-20 07:42:18
1235,14792,39194,pop,2023-06-20 07:43:06
1236,14792,39194,fit,2023-06-20 07:46:20
1237,14792,39194,fit,2023-06-20 07:46:20
1238,14792,39835,pop,2023-06-20 17:34:42
1239,14792,39838,pop,2023-06-20 17:35:26
1240,14792,39838,fit,2023-06-20 17:37:04
1241,14687,35760,pop,2023-06-14 12:58:58
1242,14687,37359,pop,2023-06-19 09:11:23
1243,14687,38833,pop,2023-06-19 21:47:41
1244,14687,38833,pop,2023-06-19 21:48:12
1245,14687,39167,pop,2023-06-20 05:16:26
1246,14687,39168,pop,2023-06-20 05:17:22
1247,14687,39168,pop,2023-06-20 05:20:12
1248,14687,39198,pop,2023-06-20 07:47:17
1249,14687,39201,pop,2023-06-20 07:47:49
1250,14687,39211,pop,2023-06-20 08:32:37
1251,14687,39220,pop,2023-06-20 08:57:32
1252,14687,39921,pop,2023-06-20 18:11:40
1253,14663,35736,pop,2023-06-14 12:46:00
1254,14663,36887,pop,2023-06-15 23:57:05
1255,14663,37497,fit,2023-06-19 12:01:03
1256,14663,39227,pop,2023-06-20 09:10:18
1257,14663,39229,pop,2023-06-20 09:14:03
1258,14663,39229,fit,2023-06-20 09:16:47
1259,14663,39418,pop,2023-06-20 13:13:37
1260,14746,35819,pop,2023-06-14 13:39:11
1261,14746,36884,pop,2023-06-15 23:54:22
1262,14746,36886,pop,2023-06-15 23:56:30
1263,14746,38118,pop,2023-06-19 13:50:48
1264,14746,38576,pop,2023-06-19 18:55:29
1265,14746,39237,pop,2023-06-20 09:26:09
1266,14746,39237,fit,2023-06-20 09:27:33
1267,14746,39573,pop,2023-06-20 15:19:12
1268,14732,35805,pop,2023-06-14 13:30:27
1269,14732,39228,pop,2023-06-20 09:13:41
1270,14732,39234,pop,2023-06-20 09:23:35
1271,14732,39234,fit,2023-06-20 09:25:48
1272,14721,35794,pop,2023-06-14 13:15:10
1273,14721,39243,pop,2023-06-20 09:34:00
1274,14721,39243,fit,2023-06-20 09:34:03
1275,14721,39243,fit,2023-06-20 09:35:18
1276,14721,39243,fit,2023-06-20 09:35:40
1277,14679,35752,pop,2023-06-14 12:55:16
1278,14679,37735,pop,2023-06-19 12:47:38
1279,14679,37735,pop,2023-06-19 12:52:52
1280,14679,37787,pop,2023-06-19 12:55:44
1281,14679,37787,pop,2023-06-19 12:57:38
1282,14679,37845,pop,2023-06-19 13:07:11
1283,14679,37854,pop,2023-06-19 13:07:17
1284,14679,37854,pop,2023-06-19 13:09:02
1285,14679,38707,pop,2023-06-19 20:14:05
1286,14679,38729,pop,2023-06-19 20:29:48
1287,14679,38859,pop,2023-06-19 22:19:52
1288,14679,38988,pop,2023-06-19 23:29:14
1289,14679,39251,pop,2023-06-20 09:50:20
1290,14679,39253,pop,2023-06-20 09:51:47
1291,14679,39253,pop,2023-06-20 09:52:46
1292,14679,39253,pop,2023-06-20 09:53:08
1293,14679,39254,pop,2023-06-20 09:56:27
1294,14679,39254,pop,2023-06-20 09:57:21
1295,14679,39254,pop,2023-06-20 09:58:47
1296,14679,39254,pop,2023-06-20 09:58:54
1297,14679,39254,pop,2023-06-20 10:08:47
1298,14679,39254,pop,2023-06-20 10:08:59
1299,14679,39254,pop,2023-06-20 10:09:25
1300,14679,39254,pop,2023-06-20 10:09:52
1301,14679,40299,pop,2023-06-20 21:44:00
1302,14679,40863,pop,2023-06-29 22:58:30
1303,14786,35859,pop,2023-06-14 14:01:46
1304,14786,39262,pop,2023-06-20 10:14:34
1305,14786,39262,pop,2023-06-20 10:20:58
1306,14786,39262,pop,2023-06-20 10:21:13
1307,14786,39262,pop,2023-06-20 10:21:59
1308,14786,39306,pop,2023-06-20 11:09:50
1309,14786,39579,pop,2023-06-20 15:23:18
1310,14786,40271,pop,2023-06-20 21:36:52
1311,14678,35751,pop,2023-06-14 12:54:49
1312,14678,38021,pop,2023-06-19 13:28:54
1313,14678,38027,pop,2023-06-19 13:29:16
1314,14678,38027,fit,2023-06-19 13:30:18
1315,14678,38709,pop,2023-06-19 20:13:45
1316,14678,39275,pop,2023-06-20 10:33:22
1317,14678,39275,fit,2023-06-20 10:35:40
1318,14678,39275,fit,2023-06-20 10:40:20
1319,14678,39275,fit,2023-06-20 10:42:58
1320,14678,39283,pop,2023-06-20 10:49:08
1321,14678,39283,pop,2023-06-20 10:49:14
1322,14678,39283,fit,2023-06-20 10:49:57
1323,14678,39285,pop,2023-06-20 10:51:48
1324,14678,39285,fit,2023-06-20 11:06:19
1325,14678,39305,pop,2023-06-20 11:07:30
1326,14678,39310,pop,2023-06-20 11:14:14
1327,14678,39310,fit,2023-06-20 11:15:23
1328,14678,39312,pop,2023-06-20 11:17:54
1329,14678,39312,pop,2023-06-20 11:50:13
1330,14678,39712,pop,2023-06-20 16:34:01
1331,14678,39712,pop,2023-06-20 16:41:59
1332,14678,40020,pop,2023-06-20 19:07:39
1333,14678,40020,pop,2023-06-20 19:07:48
1334,14678,40583,pop,2023-06-20 23:41:07
1335,14678,40748,pop,2023-06-21 19:41:12
1336,14678,40752,pop,2023-06-21 20:17:08
1337,14666,35739,pop,2023-06-14 12:47:10
1338,14666,39273,fit,2023-06-20 10:40:41
1339,14666,39281,pop,2023-06-20 10:45:15
1340,14666,39291,pop,2023-06-20 10:56:14
1341,14666,39965,fit,2023-06-20 18:32:57
1342,14666,39965,fit,2023-06-20 18:36:14
1343,14666,39989,pop,2023-06-20 18:45:29
1344,14662,35735,pop,2023-06-14 12:45:28
1345,14662,38303,pop,2023-06-19 15:01:46
1346,14662,39231,pop,2023-06-20 09:17:01
1347,14662,39276,pop,2023-06-20 10:33:48
1348,14662,39276,fit,2023-06-20 10:40:41
1349,14662,39276,fit,2023-06-20 10:48:24
1350,14662,39276,fit,2023-06-20 10:50:36
1351,14662,39286,pop,2023-06-20 10:52:31
1352,14662,39286,pop,2023-06-20 10:52:50
1353,14662,40031,pop,2023-06-20 19:10:03
1354,14677,35750,pop,2023-06-14 12:54:21
1355,14677,37691,pop,2023-06-19 12:40:28
1356,14677,37744,fit,2023-06-19 14:08:24
1357,14677,37744,fit,2023-06-19 14:14:34
1358,14677,38531,pop,2023-06-19 18:00:19
1359,14677,39134,pop,2023-06-20 03:40:44
1360,14677,39139,pop,2023-06-20 03:43:40
1361,14677,39139,pop,2023-06-20 04:39:21
1362,14677,39323,pop,2023-06-20 11:34:01
1363,14677,39323,fit,2023-06-20 11:38:30
1364,14677,39323,fit,2023-06-20 11:41:03
1365,14677,39323,fit,2023-06-20 11:43:00
1366,14677,39323,fit,2023-06-20 11:43:58
1367,14677,39323,sim,2023-06-20 11:44:58
1368,14677,39323,sim,2023-06-20 11:46:09
1369,14677,39323,sim,2023-06-20 11:50:13
1370,14677,39323,sim,2023-06-20 11:50:32
1371,14677,39323,fit,2023-06-20 11:52:10
1372,14677,39323,fit,2023-06-20 11:52:10
1373,14677,39323,fit,2023-06-20 11:55:09
1374,14677,39323,fit,2023-06-20 11:56:08
1375,14677,40073,pop,2023-06-20 19:32:17
1376,14677,40099,pop,2023-06-20 19:43:39
1377,14677,40627,pop,2023-06-21 00:19:57
1378,14677,40627,pop,2023-06-21 00:19:58
1379,14677,40628,pop,2023-06-21 00:21:13
1380,14677,40765,pop,2023-06-21 22:29:41
1381,14677,40765,fit,2023-06-21 22:35:20
1382,14770,35843,pop,2023-06-14 13:53:01
1383,14770,38561,pop,2023-06-19 18:32:43
1384,14770,38561,pop,2023-06-19 18:33:20
1385,14770,38564,pop,2023-06-19 18:35:03
1386,14770,38808,pop,2023-06-19 21:40:12
1387,14770,38808,pop,2023-06-19 21:40:50
1388,14770,38808,fit,2023-06-19 21:44:11
1389,14770,38808,fit,2023-06-19 21:44:25
1390,14770,39339,pop,2023-06-20 11:52:10
1391,14770,39339,pop,2023-06-20 11:52:26
1392,14770,40183,pop,2023-06-20 20:46:43
1393,14770,40183,fit,2023-06-20 20:47:49
1394,14770,40183,fit,2023-06-20 20:55:29
1395,14770,40183,fit,2023-06-20 20:59:08
1396,14719,35792,pop,2023-06-14 13:13:58
1397,14719,36901,pop,2023-06-16 09:24:21
1398,14719,37376,pop,2023-06-19 10:29:27
1399,14719,37377,pop,2023-06-19 10:29:34
1400,14719,37378,pop,2023-06-19 10:30:00
1401,14719,37378,fit,2023-06-19 10:30:29
1402,14719,37378,fit,2023-06-19 10:31:14
1403,14719,37378,fit,2023-06-19 10:32:22
1404,14719,37378,fit,2023-06-19 10:35:03
1405,14719,37379,pop,2023-06-19 10:36:21
1406,14719,37379,pop,2023-06-19 10:38:19
1407,14719,37380,pop,2023-06-19 10:38:32
1408,14719,37381,pop,2023-06-19 10:39:13
1409,14719,37381,fit,2023-06-19 10:39:47
1410,14719,37382,pop,2023-06-19 10:40:49
1411,14719,37382,fit,2023-06-19 10:42:18
1412,14719,37382,fit,2023-06-19 10:53:03
1413,14719,37385,pop,2023-06-19 10:53:57
1414,14719,37385,fit,2023-06-19 10:58:42
1415,14719,37387,pop,2023-06-19 11:00:06
1416,14719,37486,pop,2023-06-19 11:49:28
1417,14719,37486,fit,2023-06-19 12:19:47
1418,14719,37600,pop,2023-06-19 12:21:47
1419,14719,37600,fit,2023-06-19 12:26:14
1420,14719,37600,fit,2023-06-19 12:28:30
1421,14719,37651,pop,2023-06-19 12:31:54
1422,14719,37659,pop,2023-06-19 12:32:57
1423,14719,37689,pop,2023-06-19 12:41:14
1424,14719,37689,fit,2023-06-19 12:49:35
1425,14719,37689,fit,2023-06-19 12:50:06
1426,14719,37689,fit,2023-06-19 12:54:24
1427,14719,37689,fit,2023-06-19 12:54:39
1428,14719,37689,fit,2023-06-19 12:54:44
1429,14719,37689,fit,2023-06-19 12:55:10
1430,14719,37689,fit,2023-06-19 12:57:39
1431,14719,37884,pop,2023-06-19 13:07:18
1432,14719,37911,pop,2023-06-19 13:14:06
1433,14719,39009,pop,2023-06-20 00:11:59
1434,14719,39009,fit,2023-06-20 00:23:06
1435,14719,39009,fit,2023-06-20 00:23:06
1436,14719,39009,fit,2023-06-20 00:23:06
1437,14719,39247,pop,2023-06-20 09:42:28
1438,14719,39247,fit,2023-06-20 09:50:49
1439,14719,39247,fit,2023-06-20 09:54:49
1440,14719,39247,fit,2023-06-20 09:55:16
1441,14719,39247,fit,2023-06-20 11:33:39
1442,14719,39426,pop,2023-06-20 13:16:39
1443,14719,39871,pop,2023-06-20 17:50:31
1444,14719,39904,pop,2023-06-20 18:01:23
1445,14719,39939,pop,2023-06-20 18:17:35
1446,14719,40232,pop,2023-06-20 21:12:39
1447,14719,40574,pop,2023-06-20 23:35:12
1448,14713,35786,pop,2023-06-14 13:11:01
1449,14713,39316,fit,2023-06-20 11:33:56
1450,14713,39316,fit,2023-06-20 12:02:34
1451,14713,40071,pop,2023-06-20 19:31:15
1452,14713,40582,pop,2023-06-20 23:40:41
1453,14713,40584,2023-06-20 23:42:03,
1454,14778,35851,pop,2023-06-14 13:56:42
1455,14778,37488,pop,2023-06-19 11:50:17
1456,14778,37496,pop,2023-06-19 11:53:39
1457,14778,37922,pop,2023-06-19 13:14:14
1458,14778,37926,fit,2023-06-19 13:14:37
1459,14778,38181,pop,2023-06-19 14:21:25
1460,14778,39290,pop,2023-06-20 10:55:27
1461,14778,39290,fit,2023-06-20 11:00:40
1462,14778,39290,fit,2023-06-20 11:04:35
1463,14778,39358,pop,2023-06-20 12:15:10
1464,14778,39358,fit,2023-06-20 12:19:32
1465,14778,40675,pop,2023-06-21 11:39:39
1466,14683,35756,pop,2023-06-14 12:57:09
1467,14683,39342,fit,2023-06-20 12:02:32
1468,14683,39342,fit,2023-06-20 12:19:46
1469,14683,39342,fit,2023-06-20 12:20:09
1470,14683,39342,fit,2023-06-20 12:23:00
1471,14683,40203,pop,2023-06-20 21:02:52
1472,14672,35745,pop,2023-06-14 12:50:49
1473,14672,39333,pop,2023-06-20 11:44:27
1474,14672,39380,pop,2023-06-20 12:34:07
1475,14672,39380,fit,2023-06-20 12:38:00
1476,14672,39380,fit,2023-06-20 12:41:08
1477,14672,39380,fit,2023-06-20 12:41:24
1478,14672,39380,fit,2023-06-20 12:41:27
1479,14672,39380,fit,2023-06-20 12:41:33
1480,14672,39380,fit,2023-06-20 12:41:53
1481,14672,39391,pop,2023-06-20 12:54:21
1482,14672,40450,pop,2023-06-20 22:35:32
1483,14760,35833,pop,2023-06-14 13:47:05
1484,14760,39147,pop,2023-06-20 04:05:39
1485,14760,39148,pop,2023-06-20 04:06:56
1486,14760,39150,pop,2023-06-20 04:10:33
1487,14760,39150,fit,2023-06-20 04:12:29
1488,14760,39359,pop,2023-06-20 12:20:25
1489,14760,39359,fit,2023-06-20 12:22:34
1490,14760,39381,pop,2023-06-20 12:36:31
1491,14760,39383,fit,2023-06-20 12:41:25
1492,14760,39383,fit,2023-06-20 12:41:32
1493,14760,39383,fit,2023-06-20 12:41:42
1494,14760,39383,fit,2023-06-20 12:45:55
1495,14760,40123,pop,2023-06-20 19:58:05
1496,14760,40124,pop,2023-06-20 19:58:20
1497,14760,40126,pop,2023-06-20 19:58:43
1498,14760,40129,pop,2023-06-20 20:01:01
1499,14760,40135,fit,2023-06-20 20:05:17
1500,14760,40149,pop,2023-06-20 20:07:27
1501,14760,40149,fit,2023-06-20 20:20:32
1502,14760,40168,pop,2023-06-20 20:22:56
1503,14760,40534,pop,2023-06-20 23:12:11
1504,14800,35873,pop,2023-06-14 14:08:08
1505,14800,39438,pop,2023-06-20 13:38:55
1506,14800,39438,pop,2023-06-20 13:40:11
1507,14800,40293,2023-06-20 21:43:19,
1508,14694,35767,pop,2023-06-14 13:02:35
1509,14694,39437,pop,2023-06-20 13:42:11
1510,14694,39437,pop,2023-06-20 13:44:09
1511,14694,40333,pop,2023-06-20 21:51:22
1512,14694,40350,pop,2023-06-20 21:54:20
1513,14694,40350,pop,2023-06-20 21:54:21
1514,14694,40362,pop,2023-06-20 21:58:23
1515,14694,40362,pop,2023-06-20 21:58:23
1516,14694,40362,pop,2023-06-20 21:58:57
1517,14694,40362,pop,2023-06-20 21:59:08
1518,14694,40362,pop,2023-06-20 21:59:21
1519,14694,40362,pop,2023-06-20 22:00:07
1520,14654,35727,pop,2023-06-14 12:41:42
1521,14654,38993,pop,2023-06-19 23:38:23
1522,14654,38995,pop,2023-06-19 23:39:30
1523,14654,38995,fit,2023-06-19 23:40:33
1524,14654,39439,pop,2023-06-20 13:36:27
1525,14654,39440,pop,2023-06-20 13:36:47
1526,14654,39448,pop,2023-06-20 13:53:14
1527,14654,40535,2023-06-20 23:12:38,
1528,14795,35868,pop,2023-06-14 14:05:51
1529,14795,38524,pop,2023-06-19 17:31:10
1530,14795,38738,pop,2023-06-19 20:36:08
1531,14795,38738,pop,2023-06-19 20:37:33
1532,14795,38738,pop,2023-06-19 20:37:40
1533,14795,38738,pop,2023-06-19 20:37:42
1534,14795,38749,pop,2023-06-19 20:43:09
1535,14795,38749,pop,2023-06-19 20:43:15
1536,14795,39315,pop,2023-06-20 11:21:58
1537,14795,39315,pop,2023-06-20 11:22:09
1538,14795,39415,pop,2023-06-20 13:13:54
1539,14795,39463,pop,2023-06-20 14:07:30
1540,14795,39463,fit,2023-06-20 14:12:24
1541,14795,39474,pop,2023-06-20 14:20:09
1542,14795,39475,pop,2023-06-20 14:23:06
1543,14795,39531,pop,2023-06-20 15:05:47
1544,14795,39914,pop,2023-06-20 18:04:41
1545,14795,40416,pop,2023-06-20 22:20:32
1546,14751,35824,pop,2023-06-14 13:42:46
1547,14751,38412,pop,2023-06-19 15:42:33
1548,14751,38412,fit,2023-06-19 15:45:12
1549,14751,39466,pop,2023-06-20 14:12:24
1550,14751,39466,fit,2023-06-20 14:26:36
1551,14751,39485,pop,2023-06-20 14:36:05
1552,14751,39491,pop,2023-06-20 14:45:35
1553,14804,35877,pop,2023-06-14 14:09:58
1554,14804,37214,pop,2023-06-16 18:37:02
1555,14804,37215,pop,2023-06-16 18:37:26
1556,14804,37215,pop,2023-06-16 22:19:21
1557,14804,37372,pop,2023-06-19 10:08:17
1558,14804,39423,pop,2023-06-20 13:13:47
1559,14804,39420,pop,2023-06-20 13:13:51
1560,14804,39420,pop,2023-06-20 13:14:46
1561,14804,39429,fit,2023-06-20 13:30:05
1562,14804,39429,fit,2023-06-20 13:46:33
1563,14804,39458,pop,2023-06-20 14:02:15
1564,14804,39469,pop,2023-06-20 14:12:25
1565,14804,39469,fit,2023-06-20 14:19:08
1566,14804,39476,pop,2023-06-20 14:23:19
1567,14804,39478,pop,2023-06-20 14:26:36
1568,14804,39478,fit,2023-06-20 14:29:41
1569,14804,39536,pop,2023-06-20 15:08:11
1570,14804,39865,pop,2023-06-20 17:46:56
1571,14804,39877,pop,2023-06-20 17:54:02
1572,14804,39917,pop,2023-06-20 18:05:29
1573,14889,35956,pop,2023-06-14 15:58:08
1574,14889,37207,fit,2023-06-16 16:12:26
1575,14889,39494,pop,2023-06-20 14:48:23
1576,14889,39494,fit,2023-06-20 14:51:00
1577,14889,40709,pop,2023-06-21 14:22:30
1578,14779,35852,pop,2023-06-14 13:57:42
1579,14779,39350,fit,2023-06-20 12:38:08
1580,14779,39414,pop,2023-06-20 13:14:29
1581,14779,39487,pop,2023-06-20 14:44:12
1582,14779,39523,pop,2023-06-20 15:04:22
1583,14779,39982,pop,2023-06-20 18:38:06
1584,14779,40025,pop,2023-06-20 19:09:09
1585,14899,35966,pop,2023-06-14 16:01:14
1586,14899,37206,pop,2023-06-16 15:57:41
1587,14899,37206,fit,2023-06-16 15:58:54
1588,14899,39510,fit,2023-06-20 15:03:45
1589,14899,39510,sim,2023-06-20 15:04:01
1590,14899,39510,fit,2023-06-20 15:05:32
1591,14699,35772,pop,2023-06-14 13:05:06
1592,14699,37972,pop,2023-06-19 13:21:23
1593,14699,39552,pop,2023-06-20 15:15:35
1594,14692,35765,pop,2023-06-14 13:01:38
1595,14692,38015,pop,2023-06-19 13:26:08
1596,14692,38038,pop,2023-06-19 13:36:14
1597,14692,38156,pop,2023-06-19 14:06:44
1598,14692,38182,pop,2023-06-19 14:21:37
1599,14692,38189,pop,2023-06-19 14:25:30
1600,14692,38189,fit,2023-06-19 14:29:20
1601,14692,38189,fit,2023-06-19 14:31:35
1602,14692,38189,pop,2023-06-19 14:41:52
1603,14692,38240,pop,2023-06-19 14:43:34
1604,14692,38240,pop,2023-06-19 14:43:40
1605,14692,38247,pop,2023-06-19 14:44:06
1606,14692,38247,fit,2023-06-19 14:46:04
1607,14692,38247,fit,2023-06-19 14:50:51
1608,14692,38247,fit,2023-06-19 14:50:55
1609,14692,38247,fit,2023-06-19 14:51:50
1610,14692,38247,fit,2023-06-19 14:52:14
1611,14692,38247,fit,2023-06-19 14:52:40
1612,14692,38247,fit,2023-06-19 14:53:09
1613,14692,38247,fit,2023-06-19 14:53:22
1614,14692,38856,pop,2023-06-19 22:10:49
1615,14692,38857,pop,2023-06-19 22:11:11
1616,14692,38857,fit,2023-06-19 22:19:42
1617,14692,39334,pop,2023-06-20 11:47:33
1618,14692,39338,pop,2023-06-20 11:51:20
1619,14692,39425,pop,2023-06-20 13:14:31
1620,14692,39425,pop,2023-06-20 13:14:31
1621,14692,38318,fit,2023-06-20 15:22:19
1622,14692,38318,fit,2023-06-20 15:26:10
1623,14692,38318,fit,2023-06-20 15:26:26
1624,14692,39596,fit,2023-06-20 15:34:01
1625,14692,40057,pop,2023-06-20 19:24:02
1626,14658,35731,pop,2023-06-14 12:43:39
1627,14658,36932,pop,2023-06-16 10:39:32
1628,14658,37045,pop,2023-06-16 12:36:43
1629,14658,37216,pop,2023-06-16 18:44:33
1630,14658,37260,pop,2023-06-17 18:27:24
1631,14658,37618,pop,2023-06-19 12:24:59
1632,14658,38133,pop,2023-06-19 13:57:55
1633,14658,38149,pop,2023-06-19 14:03:38
1634,14658,38149,pop,2023-06-19 14:03:41
1635,14658,38236,pop,2023-06-19 14:40:01
1636,14658,38246,pop,2023-06-19 14:43:59
1637,14658,38776,pop,2023-06-19 21:19:41
1638,14658,38778,pop,2023-06-19 21:20:32
1639,14658,39387,pop,2023-06-20 12:47:04
1640,14658,39467,pop,2023-06-20 14:12:26
1641,14658,39467,pop,2023-06-20 14:15:51
1642,14658,39473,pop,2023-06-20 14:20:08
1643,14658,39477,pop,2023-06-20 14:26:37
1644,14658,39477,pop,2023-06-20 14:33:47
1645,14658,39484,pop,2023-06-20 14:34:03
1646,14658,39498,pop,2023-06-20 14:51:00
1647,14658,39498,fit,2023-06-20 15:03:56
1648,14658,39498,fit,2023-06-20 15:04:08
1649,14658,39529,pop,2023-06-20 15:05:01
1650,14658,39529,pop,2023-06-20 15:06:08
1651,14658,39529,pop,2023-06-20 15:07:13
1652,14658,39529,pop,2023-06-20 15:08:10
1653,14658,39562,pop,2023-06-20 15:15:39
1654,14658,39562,fit,2023-06-20 15:30:50
1655,14658,39615,pop,2023-06-20 15:41:25
1656,14658,39628,pop,2023-06-20 15:52:03
1657,14658,39645,pop,2023-06-20 16:00:01
1658,14658,39653,pop,2023-06-20 16:05:05
1659,14658,39757,pop,2023-06-20 16:52:42
1660,14658,39757,fit,2023-06-20 17:00:37
1661,14658,39757,fit,2023-06-20 17:06:15
1662,14658,40104,pop,2023-06-20 19:47:30
1663,14658,40111,pop,2023-06-20 19:50:23
1664,14658,40558,pop,2023-06-20 23:25:32
1665,14730,35803,pop,2023-06-14 13:27:13
1666,14730,36924,pop,2023-06-16 10:02:54
1667,14730,37531,pop,2023-06-19 12:01:42
1668,14730,37531,pop,2023-06-19 12:03:12
1669,14730,37531,pop,2023-06-19 12:09:27
1670,14730,37612,pop,2023-06-19 12:24:49
1671,14730,37612,pop,2023-06-19 12:53:00
1672,14730,37788,pop,2023-06-19 12:55:46
1673,14730,37788,pop,2023-06-19 13:06:53
1674,14730,37891,pop,2023-06-19 13:13:26
1675,14730,39560,pop,2023-06-20 15:16:13
1676,14730,39567,pop,2023-06-20 15:16:34
1677,14730,39567,pop,2023-06-20 15:17:02
1678,14730,39567,pop,2023-06-20 15:17:33
1679,14730,39567,pop,2023-06-20 15:17:43
1680,14730,39576,pop,2023-06-20 15:22:20
1681,14730,39576,pop,2023-06-20 15:22:58
1682,14730,39576,pop,2023-06-20 15:23:37
1683,14730,39587,pop,2023-06-20 15:30:51
1684,14730,39587,pop,2023-06-20 15:31:15
1685,14730,39602,pop,2023-06-20 15:34:02
1686,14730,39602,pop,2023-06-20 15:34:42
1687,14730,39626,pop,2023-06-20 15:46:17
1688,14730,39626,pop,2023-06-20 15:52:50
1689,14730,39626,pop,2023-06-20 15:53:06
1690,14730,39626,pop,2023-06-20 15:53:17
1691,14730,39626,pop,2023-06-20 15:53:17
1692,14730,39626,pop,2023-06-20 15:55:06
1693,14730,39626,pop,2023-06-20 15:55:08
1694,14730,39753,pop,2023-06-20 16:52:42
1695,14747,35820,pop,2023-06-14 13:40:10
1696,14747,39594,pop,2023-06-20 15:30:48
1697,14747,39627,fit,2023-06-20 15:51:38
1698,14747,40676,pop,2023-06-21 11:39:55
1699,14884,35951,pop,2023-06-14 15:54:28
1700,14884,39591,pop,2023-06-20 15:31:15
1701,14884,39591,pop,2023-06-20 15:31:16
1702,14884,39605,pop,2023-06-20 15:34:32
1703,14884,39605,fit,2023-06-20 15:36:06
1704,14884,39605,fit,2023-06-20 15:41:06
1705,14884,39605,fit,2023-06-20 15:41:10
1706,14884,39605,fit,2023-06-20 15:46:13
1707,14884,39605,fit,2023-06-20 15:46:13
1708,14884,39605,fit,2023-06-20 15:46:32
1709,14884,39605,fit,2023-06-20 15:46:42
1710,14884,39629,pop,2023-06-20 15:51:51
1711,14884,39635,pop,2023-06-20 15:52:49
1712,14884,39635,fit,2023-06-20 15:59:12
1713,14884,39635,fit,2023-06-20 15:59:43
1714,14884,39635,fit,2023-06-20 16:03:22
1715,14884,39635,fit,2023-06-20 16:03:39
1716,14814,35887,pop,2023-06-14 14:17:04
1717,14814,35887,pop,2023-06-14 14:17:17
1718,14814,39697,pop,2023-06-20 16:21:45
1719,14869,35936,pop,2023-06-14 15:32:16
1720,14808,35881,pop,2023-06-14 14:12:06
1721,14771,35844,pop,2023-06-14 13:53:25
1722,14771,37348,fit,2023-06-19 08:15:52
1723,14771,37349,pop,2023-06-19 08:17:26
1724,14771,37350,pop,2023-06-19 08:19:22
1725,14771,38235,pop,2023-06-19 14:39:49
1726,14771,38230,pop,2023-06-19 14:39:49
1727,14771,38230,fit,2023-06-19 14:43:22
1728,14771,38285,pop,2023-06-19 14:53:37
1729,14771,38809,pop,2023-06-19 21:40:23
1730,14771,38827,pop,2023-06-19 21:44:36
1731,14771,38829,pop,2023-06-19 21:48:12
1732,14771,38831,pop,2023-06-19 21:48:22
1733,14771,39690,pop,2023-06-20 16:21:40
1734,14771,39690,fit,2023-06-20 16:22:37
1735,14771,39690,fit,2023-06-20 16:33:55
1736,14771,39690,fit,2023-06-20 16:35:34
1737,14771,39690,fit,2023-06-20 16:37:39
1738,14771,39739,pop,2023-06-20 16:45:22
1739,14805,35878,pop,2023-06-14 14:10:09
1740,14805,35878,pop,2023-06-14 14:14:51
1741,14805,35878,pop,2023-06-14 14:15:03
1742,14805,39706,pop,2023-06-20 16:27:49
1743,14812,35885,pop,2023-06-14 14:15:45
1744,14664,35737,pop,2023-06-14 12:46:20
1745,14664,38864,pop,2023-06-19 22:20:07
1746,14664,38870,pop,2023-06-19 22:27:39
1747,14664,38877,2023-06-19 22:29:56,
1748,14664,39575,pop,2023-06-20 15:23:15
1749,14664,39603,fit,2023-06-20 15:40:46
1750,14664,39603,fit,2023-06-20 15:42:05
1751,14664,39603,fit,2023-06-20 15:43:20
1752,14664,39669,pop,2023-06-20 16:12:11
1753,14664,39681,fit,2023-06-20 16:21:40
1754,14664,39797,pop,2023-06-20 17:07:55
1755,14738,35811,pop,2023-06-14 13:35:24
1756,14738,38825,pop,2023-06-19 21:44:13
1757,14738,38825,pop,2023-06-19 22:03:56
1758,14738,38940,pop,2023-06-19 23:05:27
1759,14738,38940,pop,2023-06-19 23:33:22
1760,14738,38940,pop,2023-06-19 23:35:33
1761,14738,39685,pop,2023-06-20 16:18:45
1762,14738,39713,pop,2023-06-20 16:34:01
1763,14738,39713,fit,2023-06-20 16:40:25
1764,14738,40639,pop,2023-06-21 03:06:56
1765,14651,35724,pop,2023-06-14 12:39:45
1766,14651,39356,pop,2023-06-20 12:48:31
1767,14651,39356,pop,2023-06-20 14:48:38
1768,14651,39505,pop,2023-06-20 15:11:32
1769,14651,39584,pop,2023-06-20 15:30:51
1770,14651,39584,pop,2023-06-20 15:35:51
1771,14651,39687,pop,2023-06-20 16:18:46
1772,14651,39693,pop,2023-06-20 16:21:42
1773,14651,39727,pop,2023-06-20 16:40:27
1774,14651,39734,pop,2023-06-20 16:40:29
1775,14651,39734,pop,2023-06-20 16:41:19
1776,14651,39741,pop,2023-06-20 16:45:10
1777,14651,39741,pop,2023-06-20 16:46:41
1778,14651,39748,pop,2023-06-20 16:52:36
1779,14651,39748,pop,2023-06-20 16:57:20
1780,14651,39748,pop,2023-06-20 16:57:20
1781,14651,39748,pop,2023-06-20 16:57:20
1782,14651,39748,pop,2023-06-20 17:00:11
1783,14651,39748,pop,2023-06-20 17:00:11
1784,14651,39775,pop,2023-06-20 17:03:06
1785,14651,39775,pop,2023-06-20 17:05:57
1786,14651,39788,pop,2023-06-20 17:06:32
1787,14651,39788,pop,2023-06-20 17:07:36
1788,14651,39734,pop,2023-06-20 17:07:36
1789,14651,39788,pop,2023-06-20 17:07:37
1790,14651,39788,pop,2023-06-20 17:07:38
1791,14714,35787,pop,2023-06-14 13:11:26
1792,14714,38718,pop,2023-06-19 20:20:26
1793,14714,38718,pop,2023-06-19 20:36:49
1794,14714,38750,pop,2023-06-19 20:45:51
1795,14714,38750,pop,2023-06-19 20:46:33
1796,14714,38750,pop,2023-06-19 20:47:44
1797,14714,38750,pop,2023-06-19 20:47:53
1798,14714,38750,pop,2023-06-19 20:48:19
1799,14714,39744,pop,2023-06-20 16:45:36
1800,14714,39744,fit,2023-06-20 16:52:33
1801,14714,40638,pop,2023-06-21 03:04:32
1802,14656,35729,pop,2023-06-14 12:42:34
1803,14656,39602,pop,2023-06-20 15:35:47
1804,14656,39612,pop,2023-06-20 15:40:20
1805,14656,39612,pop,2023-06-20 15:41:01
1806,14656,39768,fit,2023-06-20 17:06:40
1807,14656,39768,fit,2023-06-20 17:16:33
1808,14646,35719,pop,2023-06-14 12:36:10
1809,14646,38239,pop,2023-06-19 14:43:17
1810,14646,38243,pop,2023-06-19 14:43:22
1811,14646,38249,pop,2023-06-19 14:46:05
1812,14646,38263,pop,2023-06-19 14:46:22
1813,14646,38286,pop,2023-06-19 14:53:39
1814,14646,38319,pop,2023-06-19 15:02:30
1815,14646,39049,pop,2023-06-20 01:01:22
1816,14646,39051,pop,2023-06-20 01:02:12
1817,14646,39740,pop,2023-06-20 16:45:10
1818,14646,39740,fit,2023-06-20 16:52:37
1819,14646,39740,fit,2023-06-20 16:52:38
1820,14646,39784,pop,2023-06-20 17:07:17
1821,14646,39784,fit,2023-06-20 17:18:52
1822,14742,35815,pop,2023-06-14 13:37:24
1823,14742,39779,pop,2023-06-20 17:06:14
1824,14742,39779,fit,2023-06-20 17:18:47
1825,14742,39870,pop,2023-06-20 17:50:34
1826,14742,39928,pop,2023-06-20 18:11:34
1827,14802,35875,pop,2023-06-14 14:09:01
1828,14802,39866,fit,2023-06-20 17:50:17
1829,14802,39866,fit,2023-06-20 17:50:23
1830,14716,35789,pop,2023-06-14 13:12:34
1831,14716,36912,pop,2023-06-16 09:52:50
1832,14716,36912,fit,2023-06-16 09:59:09
1833,14716,37783,pop,2023-06-19 12:55:08
1834,14716,37925,pop,2023-06-19 13:14:16
1835,14716,37925,fit,2023-06-19 13:57:14
1836,14716,39346,pop,2023-06-20 12:02:49
1837,14716,39346,fit,2023-06-20 13:13:37
1838,14716,39346,fit,2023-06-20 17:30:49
1839,14716,39346,fit,2023-06-20 17:33:36
1840,14716,39346,fit,2023-06-20 17:33:53
1841,14716,39346,fit,2023-06-20 17:34:07
1842,14716,39346,fit,2023-06-20 17:35:11
1843,14716,39346,pop,2023-06-20 17:35:27
1844,14716,39346,pop,2023-06-20 17:36:24
1845,14716,39346,pop,2023-06-20 18:00:10
1846,14716,39903,pop,2023-06-20 18:00:48
1847,14716,39907,pop,2023-06-20 18:03:01
1848,14716,39916,pop,2023-06-20 18:04:56
1849,14665,35738,pop,2023-06-14 12:46:48
1850,14665,37867,fit,2023-06-19 13:13:51
1851,14665,37867,fit,2023-06-19 13:14:04
1852,14665,37867,fit,2023-06-19 13:20:30
1853,14665,37867,fit,2023-06-19 13:20:32
1854,14665,37971,pop,2023-06-19 13:21:23
1855,14665,37971,pop,2023-06-19 13:21:33
1856,14665,38010,pop,2023-06-19 13:26:03
1857,14665,38010,fit,2023-06-19 13:28:52
1858,14665,38010,fit,2023-06-19 13:29:07
1859,14665,38042,pop,2023-06-19 13:36:18
1860,14665,38082,pop,2023-06-19 13:45:40
1861,14665,38183,pop,2023-06-19 14:21:38
1862,14665,38183,pop,2023-06-19 14:23:23
1863,14665,39539,fit,2023-06-20 15:11:32
1864,14665,39539,fit,2023-06-20 15:14:48
1865,14665,39539,fit,2023-06-20 15:14:56
1866,14665,39539,fit,2023-06-20 15:21:40
1867,14665,39539,fit,2023-06-20 15:22:18
1868,14665,39539,fit,2023-06-20 15:23:18
1869,14665,39755,pop,2023-06-20 16:52:48
1870,14665,39764,pop,2023-06-20 16:57:20
1871,14665,39813,pop,2023-06-20 17:18:56
1872,14665,39822,pop,2023-06-20 17:24:41
1873,14665,39890,fit,2023-06-20 17:58:40
1874,14689,35762,pop,2023-06-14 13:00:00
1875,14689,38036,pop,2023-06-19 13:36:30
1876,14689,38865,pop,2023-06-19 22:20:29
1877,14689,38866,pop,2023-06-19 22:22:43
1878,14689,38868,pop,2023-06-19 22:25:00
1879,14689,38891,pop,2023-06-19 22:38:57
1880,14689,39203,pop,2023-06-20 07:53:33
1881,14689,39207,pop,2023-06-20 08:15:27
1882,14689,39504,pop,2023-06-20 14:53:44
1883,14689,39794,pop,2023-06-20 17:07:44
1884,14689,39812,pop,2023-06-20 17:18:52
1885,14689,39819,pop,2023-06-20 17:21:35
1886,14689,39819,fit,2023-06-20 17:24:38
1887,14689,39912,fit,2023-06-20 18:11:44
1888,14689,39956,pop,2023-06-20 18:25:54
1889,14689,39967,pop,2023-06-20 18:31:00
1890,14684,35757,pop,2023-06-14 12:57:42
1891,14684,38539,pop,2023-06-19 18:06:11
1892,14684,38539,pop,2023-06-19 18:06:30
1893,14684,38542,pop,2023-06-19 18:15:04
1894,14684,38542,pop,2023-06-19 18:15:39
1895,14684,38542,pop,2023-06-19 18:27:31
1896,14684,38542,pop,2023-06-19 18:28:07
1897,14684,38542,pop,2023-06-19 18:29:14
1898,14684,38542,pop,2023-06-19 18:33:25
1899,14684,38542,pop,2023-06-19 18:39:28
1900,14684,38542,pop,2023-06-19 18:40:33
1901,14684,38571,pop,2023-06-19 18:42:57
1902,14684,38571,pop,2023-06-19 18:43:40
1903,14684,38572,pop,2023-06-19 18:45:20
1904,14684,38572,fit,2023-06-19 18:47:44
1905,14684,38572,fit,2023-06-19 18:51:02
1906,14684,38572,fit,2023-06-19 18:53:23
1907,14684,39945,pop,2023-06-20 18:18:28
1908,14684,39945,fit,2023-06-20 18:25:20
1909,14684,39945,fit,2023-06-20 18:25:42
1910,14684,39945,fit,2023-06-20 18:26:03
1911,14684,39945,fit,2023-06-20 18:26:17
1912,14684,39945,fit,2023-06-20 18:26:19
1913,14684,39945,fit,2023-06-20 18:26:24
1914,14684,39945,fit,2023-06-20 18:29:50
1915,14684,39945,fit,2023-06-20 18:29:53
1916,14684,39968,pop,2023-06-20 18:31:00
1917,14684,39968,pop,2023-06-20 18:31:05
1918,14684,39971,pop,2023-06-20 18:33:07
1919,14684,39976,pop,2023-06-20 18:38:19
1920,14684,39985,pop,2023-06-20 18:38:41
1921,14684,39985,fit,2023-06-20 18:42:20
1922,14762,35835,pop,2023-06-14 13:47:52
1923,14762,39680,pop,2023-06-20 16:17:38
1924,14762,39833,pop,2023-06-20 17:34:29
1925,14762,39857,pop,2023-06-20 17:43:04
1926,14762,39858,pop,2023-06-20 17:43:20
1927,14762,39858,pop,2023-06-20 17:45:02
1928,14762,39860,pop,2023-06-20 17:45:10
1929,14762,39864,pop,2023-06-20 17:46:26
1930,14762,39864,pop,2023-06-20 17:47:06
1931,14762,39875,pop,2023-06-20 17:50:31
1932,14762,39875,pop,2023-06-20 17:50:48
1933,14762,39880,pop,2023-06-20 17:51:36
1934,14762,39880,pop,2023-06-20 17:51:52
1935,14762,39883,pop,2023-06-20 17:54:15
1936,14762,39894,pop,2023-06-20 17:58:41
1937,14762,39894,pop,2023-06-20 17:59:48
1938,14762,39894,pop,2023-06-20 18:02:09
1939,14762,39894,pop,2023-06-20 18:03:09
1940,14762,39913,pop,2023-06-20 18:04:11
1941,14762,39930,pop,2023-06-20 18:11:51
1942,14762,39942,pop,2023-06-20 18:17:36
1943,14762,39942,pop,2023-06-20 18:18:23
1944,14762,39957,pop,2023-06-20 18:26:51
1945,14762,39957,fit,2023-06-20 18:30:34
1946,14762,39957,fit,2023-06-20 18:33:03
1947,14757,35830,pop,2023-06-14 13:45:42
1948,14757,39292,pop,2023-06-20 11:00:40
1949,14757,39965,pop,2023-06-20 18:30:45
1950,14743,35816,pop,2023-06-14 13:37:49
1951,14743,38540,pop,2023-06-19 18:08:52
1952,14743,38541,pop,2023-06-19 18:09:37
1953,14743,38574,fit,2023-06-19 19:03:09
1954,14743,38574,fit,2023-06-19 19:04:17
1955,14743,39901,pop,2023-06-20 18:02:08
1956,14743,40006,fit,2023-06-20 18:58:51
1957,14743,40006,fit,2023-06-20 19:02:03
1958,14743,40006,fit,2023-06-20 19:02:03
1959,14743,40006,fit,2023-06-20 19:02:12
1960,14743,40028,pop,2023-06-20 19:09:26
1961,14743,40040,pop,2023-06-20 19:14:48
1962,14776,35849,pop,2023-06-14 13:55:51
1963,14776,40038,pop,2023-06-20 19:14:40
1964,14776,40044,pop,2023-06-20 19:20:41
1965,14776,40044,fit,2023-06-20 19:22:17
1966,14776,40044,fit,2023-06-20 19:23:35
1967,14776,40077,pop,2023-06-20 19:33:24
1968,14776,40077,pop,2023-06-20 19:33:25
1969,14776,40080,pop,2023-06-20 19:35:17
1970,14776,40098,pop,2023-06-20 19:43:51
1971,14776,40100,pop,2023-06-20 19:44:28
1972,14776,40109,2023-06-20 19:48:19,
1973,14766,35839,pop,2023-06-14 13:51:06
1974,14766,39296,pop,2023-06-20 11:00:50
1975,14766,39318,pop,2023-06-20 11:29:45
1976,14766,39639,fit,2023-06-20 16:12:48
1977,14766,40039,fit,2023-06-20 19:22:58
1978,14766,40059,pop,2023-06-20 19:24:33
1979,14766,40060,pop,2023-06-20 19:25:22
1980,14766,40133,pop,2023-06-20 20:01:37
1981,14766,40134,pop,2023-06-20 20:01:56
1982,14766,40155,pop,2023-06-20 20:13:13
1983,14766,40549,pop,2023-06-20 23:20:50
1984,14766,40550,pop,2023-06-20 23:21:06
1985,14766,40650,pop,2023-06-21 08:49:50
1986,14768,35841,pop,2023-06-14 13:52:09
1987,14768,38906,pop,2023-06-19 22:48:22
1988,14768,39212,pop,2023-06-20 08:39:29
1989,14768,39212,pop,2023-06-20 08:39:54
1990,14768,39213,pop,2023-06-20 08:40:10
1991,14768,39213,pop,2023-06-20 08:40:45
1992,14768,39559,pop,2023-06-20 15:15:33
1993,14768,39715,pop,2023-06-20 16:34:08
1994,14768,40011,pop,2023-06-20 18:58:50
1995,14768,40024,pop,2023-06-20 19:09:09
1996,14768,40024,fit,2023-06-20 19:14:26
1997,14768,40069,pop,2023-06-20 19:30:30
1998,14768,40153,pop,2023-06-20 20:10:58
1999,14768,40176,pop,2023-06-20 20:33:21
2000,14768,40218,pop,2023-06-20 21:08:04
2001,14768,40266,pop,2023-06-20 21:36:29
2002,14768,40322,pop,2023-06-20 21:52:05
2003,14768,40413,pop,2023-06-20 22:21:03
2004,14787,35860,pop,2023-06-14 14:02:12
2005,14787,39340,pop,2023-06-20 11:58:12
2006,14787,39344,pop,2023-06-20 12:02:49
2007,14787,39344,fit,2023-06-20 12:05:37
2008,14787,39344,fit,2023-06-20 12:12:47
2009,14787,39344,fit,2023-06-20 12:12:57
2010,14787,39344,fit,2023-06-20 12:18:25
2011,14787,39344,fit,2023-06-20 12:18:41
2012,14787,40079,fit,2023-06-20 19:36:48
2013,14787,40079,fit,2023-06-20 19:38:41
2014,14787,40079,fit,2023-06-20 19:38:48
2015,14787,40086,pop,2023-06-20 19:39:08
2016,14787,40086,pop,2023-06-20 19:39:12
2017,14764,35837,pop,2023-06-14 13:48:38
2018,14764,36974,pop,2023-06-16 11:36:34
2019,14764,37040,pop,2023-06-16 12:34:12
2020,14764,38316,pop,2023-06-19 15:02:32
2021,14764,38316,pop,2023-06-19 15:07:07
2022,14764,38355,pop,2023-06-19 15:10:16
2023,14764,38355,pop,2023-06-19 15:11:29
2024,14764,38364,pop,2023-06-19 15:11:39
2025,14764,38364,pop,2023-06-19 15:12:41
2026,14764,39331,pop,2023-06-20 11:44:00
2027,14764,39613,pop,2023-06-20 15:41:30
2028,14764,40047,pop,2023-06-20 19:21:26
2029,14764,40047,pop,2023-06-20 19:22:17
2030,14764,40055,pop,2023-06-20 19:23:34
2031,14764,40058,pop,2023-06-20 19:25:26
2032,14764,40061,pop,2023-06-20 19:25:54
2033,14764,40064,pop,2023-06-20 19:28:32
2034,14764,40067,pop,2023-06-20 19:28:54
2035,14764,40070,pop,2023-06-20 19:30:24
2036,14764,40094,pop,2023-06-20 19:42:56
2037,14764,40115,pop,2023-06-20 19:52:30
2038,14764,40127,pop,2023-06-20 19:58:44
2039,14764,40128,pop,2023-06-20 20:00:46
2040,14649,35722,pop,2023-06-14 12:38:39
2041,14649,37482,pop,2023-06-19 11:45:56
2042,14649,37528,pop,2023-06-19 12:01:12
2043,14649,37584,pop,2023-06-19 12:15:26
2044,14649,37584,fit,2023-06-19 12:18:44
2045,14649,40142,fit,2023-06-20 20:10:09
2046,14649,40204,pop,2023-06-20 21:03:18
2047,14722,35795,pop,2023-06-14 13:17:07
2048,14722,40206,pop,2023-06-20 21:03:55
2049,14722,40206,pop,2023-06-20 21:04:01
2050,14722,40211,pop,2023-06-20 21:05:39
2051,14722,40219,pop,2023-06-20 21:08:16
2052,14722,40222,pop,2023-06-20 21:09:16
2053,14722,40225,pop,2023-06-20 21:09:39
2054,14722,40377,pop,2023-06-20 22:03:07
2055,14722,40383,pop,2023-06-20 22:06:04
2056,14667,35740,pop,2023-06-14 12:47:36
2057,14667,40243,fit,2023-06-20 21:31:51
2058,14667,40409,pop,2023-06-20 22:17:48
2059,14667,40409,fit,2023-06-20 22:20:10
2060,14667,40409,fit,2023-06-20 22:20:20
2061,14667,40433,pop,2023-06-20 22:30:17
2062,14667,40444,pop,2023-06-20 22:33:50
2063,14667,40444,pop,2023-06-20 22:35:11
2064,14669,35742,pop,2023-06-14 12:49:32
2065,14669,40265,pop,2023-06-20 21:36:30
2066,14669,40273,pop,2023-06-20 21:38:23
2067,14669,40273,fit,2023-06-20 21:42:48
2068,14718,35791,pop,2023-06-14 13:13:30
2069,14718,40343,pop,2023-06-20 21:51:58
2070,14718,40343,pop,2023-06-20 21:58:02
2071,14718,40343,pop,2023-06-20 21:58:07
2072,14718,40343,pop,2023-06-20 21:58:20
2073,14718,40343,pop,2023-06-20 21:58:23
2074,14718,40343,pop,2023-06-20 21:58:23
2075,14674,35747,pop,2023-06-14 12:52:18
2076,14674,37585,pop,2023-06-19 12:15:33
2077,14674,37585,pop,2023-06-19 12:20:38
2078,14674,37641,pop,2023-06-19 12:29:12
2079,14674,38265,pop,2023-06-19 14:46:28
2080,14674,38276,pop,2023-06-19 14:52:47
2081,14674,38276,pop,2023-06-19 14:53:09
2082,14674,38315,pop,2023-06-19 15:00:57
2083,14674,38317,pop,2023-06-19 15:01:47
2084,14674,38583,pop,2023-06-19 19:03:03
2085,14674,40279,pop,2023-06-20 21:43:00
2086,14674,40280,pop,2023-06-20 21:43:17
2087,14674,40340,2023-06-20 21:51:58,
2088,14674,40349,pop,2023-06-20 21:53:44
2089,14674,40340,2023-06-20 21:58:21,
2090,14674,40372,pop,2023-06-20 22:03:06
2091,14674,40395,pop,2023-06-20 22:12:42
2092,14696,35769,pop,2023-06-14 13:03:35
2093,14696,38041,pop,2023-06-19 13:36:20
2094,14696,38131,pop,2023-06-19 13:57:34
2095,14696,39500,fit,2023-06-20 15:03:57
2096,14696,39500,fit,2023-06-20 15:04:07
2097,14696,39500,fit,2023-06-20 15:27:45
2098,14696,40370,pop,2023-06-20 22:00:46
2099,14704,35777,pop,2023-06-14 13:07:09
2100,14704,40371,fit,2023-06-20 22:05:49
2101,14704,40388,pop,2023-06-20 22:07:49
2102,14704,40683,fit,2023-06-21 12:08:22
2103,14704,40687,pop,2023-06-21 12:09:18
2104,14907,35974,pop,2023-06-14 16:04:02
2105,14907,39743,fit,2023-06-20 17:06:48
2106,14907,39987,pop,2023-06-20 18:41:52
2107,14907,39987,fit,2023-06-20 20:47:32
2108,14907,39987,fit,2023-06-20 20:47:40
2109,14907,39987,fit,2023-06-20 21:37:58
2110,14907,40330,pop,2023-06-20 21:52:12
2111,14907,40368,pop,2023-06-20 22:00:21
2112,14907,40368,pop,2023-06-20 22:00:55
2113,14907,40368,pop,2023-06-20 22:02:31
2114,14907,40368,pop,2023-06-20 22:12:25
2115,14907,40368,pop,2023-06-20 22:12:42
2116,14907,40368,pop,2023-06-20 22:13:10
2117,14907,40403,pop,2023-06-20 22:14:21
2118,14907,40406,pop,2023-06-20 22:17:38
2119,14907,40702,pop,2023-06-21 13:48:52
2120,14765,35838,pop,2023-06-14 13:50:38
2121,14765,40391,pop,2023-06-20 22:12:43
2122,14765,40391,pop,2023-06-20 22:14:05
2123,14765,40391,pop,2023-06-20 22:16:30
2124,14765,40391,pop,2023-06-20 22:16:37
2125,14765,40391,pop,2023-06-20 22:16:48
2126,14765,40391,pop,2023-06-20 22:16:56
2127,14765,40391,pop,2023-06-20 22:17:49
2128,14765,40391,pop,2023-06-20 22:20:06
2129,14711,35784,pop,2023-06-14 13:10:09
2130,14711,40396,pop,2023-06-20 22:12:44
2131,14711,40401,pop,2023-06-20 22:13:26
2132,14711,40401,fit,2023-06-20 22:16:46
2133,14715,35788,pop,2023-06-14 13:11:50
2134,14715,38197,pop,2023-06-19 14:29:10
2135,14715,38197,pop,2023-06-19 14:29:19
2136,14715,38197,pop,2023-06-19 14:31:28
2137,14715,38197,fit,2023-06-19 14:39:39
2138,14715,39033,pop,2023-06-20 00:37:53
2139,14715,39033,pop,2023-06-20 00:38:14
2140,14715,39033,pop,2023-06-20 00:38:46
2141,14715,39034,pop,2023-06-20 00:39:37
2142,14715,39035,pop,2023-06-20 00:40:01
2143,14715,39036,pop,2023-06-20 00:41:30
2144,14715,39036,pop,2023-06-20 00:42:29
2145,14715,39037,pop,2023-06-20 00:43:29
2146,14715,39037,pop,2023-06-20 00:44:48
2147,14715,39037,pop,2023-06-20 00:45:03
2148,14715,39039,pop,2023-06-20 00:46:56
2149,14715,39039,pop,2023-06-20 09:09:58
2150,14715,39226,pop,2023-06-20 09:10:02
2151,14715,39236,pop,2023-06-20 09:27:24
2152,14715,39242,pop,2023-06-20 09:57:12
2153,14715,39242,pop,2023-06-20 09:57:53
2154,14715,39242,pop,2023-06-20 10:00:42
2155,14715,39242,pop,2023-06-20 10:01:55
2156,14715,39242,pop,2023-06-20 10:03:45
2157,14715,39242,pop,2023-06-20 10:06:03
2158,14715,39677,pop,2023-06-20 16:17:38
2159,14715,39677,pop,2023-06-20 16:18:27
2160,14715,39701,pop,2023-06-20 16:23:09
2161,14715,39701,pop,2023-06-20 16:27:31
2162,14715,39701,pop,2023-06-20 16:33:50
2163,14715,40063,pop,2023-06-20 19:27:42
2164,14715,40163,pop,2023-06-20 20:23:38
2165,14715,40163,pop,2023-06-20 20:23:59
2166,14715,40425,pop,2023-06-20 22:22:26
2167,14715,40437,2023-06-20 22:30:41,
2168,14715,40488,pop,2023-06-21 13:26:19
2169,14715,40488,pop,2023-06-21 13:56:25
2170,14733,35806,pop,2023-06-14 13:33:00
2171,14733,37072,pop,2023-06-16 12:53:30
2172,14733,37075,pop,2023-06-16 12:59:33
2173,14733,39502,pop,2023-06-20 14:59:59
2174,14733,39502,fit,2023-06-20 15:15:10
2175,14733,39561,pop,2023-06-20 15:15:40
2176,14733,39561,pop,2023-06-20 15:21:31
2177,14733,39704,pop,2023-06-20 16:24:40
2178,14733,39704,pop,2023-06-20 16:27:31
2179,14733,39707,pop,2023-06-20 16:27:56
2180,14733,39704,fit,2023-06-20 16:35:30
2181,14733,39704,fit,2023-06-20 16:35:30
2182,14733,40447,pop,2023-06-20 22:34:51
2183,14733,40448,pop,2023-06-20 22:35:29
2184,14733,40536,pop,2023-06-20 23:13:55
2185,14733,40542,pop,2023-06-20 23:15:06
2186,14733,40542,pop,2023-06-20 23:15:16
2187,14733,40544,pop,2023-06-20 23:17:41
2188,14733,40547,pop,2023-06-20 23:18:26
2189,14733,40547,pop,2023-06-20 23:19:03
2190,14733,40570,pop,2023-06-20 23:28:25
2191,14733,40634,pop,2023-06-21 02:20:58
2192,14733,40753,pop,2023-06-21 20:46:53
2193,14733,40767,pop,2023-06-21 23:53:12
2194,14736,35809,pop,2023-06-14 13:34:27
2195,14736,38476,pop,2023-06-19 16:27:40
2196,14736,38477,pop,2023-06-19 16:28:39
2197,14736,38479,pop,2023-06-19 16:29:25
2198,14736,38715,pop,2023-06-19 20:16:07
2199,14736,38720,pop,2023-06-19 20:20:23
2200,14736,38720,pop,2023-06-19 20:20:25
2201,14736,38952,pop,2023-06-19 23:10:52
2202,14736,39001,pop,2023-06-19 23:50:04
2203,14736,39543,pop,2023-06-20 15:14:39
2204,14736,39543,pop,2023-06-20 15:15:00
2205,14736,40012,pop,2023-06-20 18:59:31
2206,14736,40029,pop,2023-06-20 19:10:16
2207,14736,40186,pop,2023-06-20 20:48:11
2208,14736,40452,pop,2023-06-20 22:36:45
2209,14736,40756,pop,2023-06-21 21:32:10
2210,14736,40757,pop,2023-06-21 21:36:40
2211,14736,40766,pop,2023-06-21 23:15:02
2212,14737,35810,pop,2023-06-14 13:34:51
2213,14737,39717,pop,2023-06-20 20:31:08
2214,14737,40173,pop,2023-06-20 20:31:20
2215,14737,40458,fit,2023-06-20 22:41:58
2216,14737,40647,pop,2023-06-21 08:03:34
2217,14739,35812,pop,2023-06-14 13:36:06
2218,14739,37082,pop,2023-06-16 13:17:28
2219,14739,37082,fit,2023-06-16 13:18:52
2220,14739,37743,pop,2023-06-19 12:47:07
2221,14739,38569,pop,2023-06-19 18:39:38
2222,14739,38719,pop,2023-06-19 20:20:27
2223,14739,38885,pop,2023-06-19 22:31:57
2224,14739,39045,pop,2023-06-20 00:54:42
2225,14739,39047,pop,2023-06-20 00:58:01
2226,14739,39048,pop,2023-06-20 00:58:15
2227,14739,39252,pop,2023-06-20 09:49:56
2228,14739,39267,pop,2023-06-20 10:22:48
2229,14739,39270,pop,2023-06-20 10:27:28
2230,14739,39274,pop,2023-06-20 10:31:24
2231,14739,39280,pop,2023-06-20 10:40:41
2232,14739,39282,pop,2023-06-20 10:48:37
2233,14739,39303,pop,2023-06-20 11:06:23
2234,14739,39388,pop,2023-06-20 12:48:05
2235,14739,39446,pop,2023-06-20 13:50:05
2236,14739,39447,pop,2023-06-20 13:52:10
2237,14739,39450,pop,2023-06-20 13:55:53
2238,14739,39452,pop,2023-06-20 14:02:15
2239,14739,39462,pop,2023-06-20 14:07:14
2240,14739,39548,pop,2023-06-20 15:15:03
2241,14739,40101,pop,2023-06-20 19:44:40
2242,14739,40474,pop,2023-06-20 22:46:10
2243,14799,35872,pop,2023-06-14 14:07:40
2244,14799,40404,fit,2023-06-20 22:20:22
2245,14799,40404,fit,2023-06-20 22:28:26
2246,14799,40404,fit,2023-06-20 22:29:43
2247,14799,40404,fit,2023-06-20 22:29:44
2248,14799,40404,fit,2023-06-20 22:35:29
2249,14799,40404,sim,2023-06-20 22:38:02
2250,14799,40404,fit,2023-06-20 22:38:13
2251,14799,40506,pop,2023-06-20 23:01:58
2252,14799,40520,pop,2023-06-20 23:04:06
2253,14799,40506,fit,2023-06-20 23:31:15
2254,14799,40506,fit,2023-06-20 23:52:57
2255,14799,40625,pop,2023-06-21 00:11:57
2256,14740,35813,pop,2023-06-14 13:36:33
2257,14740,40480,fit,2023-06-20 22:54:49
2258,14740,40717,pop,2023-06-21 15:26:41
2259,14740,40741,pop,2023-06-21 18:54:51
2260,14752,35825,pop,2023-06-14 13:43:17
2261,14755,35828,pop,2023-06-14 13:44:52
2262,14755,38115,pop,2023-06-19 13:53:14
2263,14755,38126,pop,2023-06-19 13:54:12
2264,14755,38221,pop,2023-06-19 14:39:44
2265,14755,38238,pop,2023-06-19 14:40:15
2266,14755,38244,pop,2023-06-19 14:43:35
2267,14755,38248,pop,2023-06-19 14:44:05
2268,14755,38262,pop,2023-06-19 14:46:08
2269,14755,38262,pop,2023-06-19 14:46:14
2270,14755,38264,pop,2023-06-19 14:46:22
2271,14755,38269,pop,2023-06-19 14:52:57
2272,14755,38322,pop,2023-06-19 15:02:56
2273,14755,38327,pop,2023-06-19 15:08:27
2274,14755,38356,pop,2023-06-19 15:10:05
2275,14755,38445,pop,2023-06-19 16:14:47
2276,14755,38458,pop,2023-06-19 16:19:37
2277,14755,38461,pop,2023-06-19 16:19:54
2278,14755,38462,pop,2023-06-19 16:20:10
2279,14755,38509,pop,2023-06-19 17:20:11
2280,14755,38510,pop,2023-06-19 17:20:24
2281,14755,38511,pop,2023-06-19 17:20:38
2282,14755,38535,pop,2023-06-19 17:50:18
2283,14755,38783,pop,2023-06-19 21:26:19
2284,14755,38895,pop,2023-06-19 22:40:50
2285,14755,38896,pop,2023-06-19 22:45:39
2286,14755,38897,pop,2023-06-19 22:45:47
2287,14755,38898,pop,2023-06-19 22:45:56
2288,14755,38899,pop,2023-06-19 22:46:18
2289,14755,38900,pop,2023-06-19 22:47:19
2290,14755,38901,pop,2023-06-19 22:47:37
2291,14755,39256,pop,2023-06-20 10:10:04
2292,14755,39257,pop,2023-06-20 10:10:12
2293,14755,39260,pop,2023-06-20 10:11:37
2294,14755,39261,pop,2023-06-20 10:11:45
2295,14755,39432,pop,2023-06-20 13:27:39
2296,14755,39886,pop,2023-06-20 18:16:59
2297,14755,39960,pop,2023-06-20 18:26:11
2298,14755,39961,pop,2023-06-20 18:26:32
2299,14755,39962,pop,2023-06-20 18:26:42
2300,14755,39963,pop,2023-06-20 18:26:56
2301,14755,39981,pop,2023-06-20 18:37:49
2302,14755,40143,pop,2023-06-20 20:05:29
2303,14755,40145,pop,2023-06-20 20:06:17
2304,14755,40148,pop,2023-06-20 20:07:01
2305,14755,40152,pop,2023-06-20 20:11:01
2306,14755,40212,pop,2023-06-20 21:05:58
2307,14755,40213,pop,2023-06-20 21:06:05
2308,14755,40214,pop,2023-06-20 21:06:11
2309,14755,40215,pop,2023-06-20 21:06:16
2310,14755,40228,pop,2023-06-20 21:11:23
2311,14755,40249,pop,2023-06-20 21:22:29
2312,14755,40250,pop,2023-06-20 21:22:37
2313,14755,40306,pop,2023-06-20 21:44:56
2314,14755,40307,pop,2023-06-20 21:45:03
2315,14755,40310,pop,2023-06-20 22:14:20
2316,14755,40455,pop,2023-06-20 22:37:52
2317,14755,40459,pop,2023-06-20 22:42:02
2318,14755,40466,pop,2023-06-20 22:42:42
2319,14755,40469,pop,2023-06-20 22:43:49
2320,14755,40491,pop,2023-06-20 22:55:22
2321,14755,40563,pop,2023-06-20 23:25:52
2322,14759,35832,pop,2023-06-14 13:46:41
2323,14759,40483,pop,2023-06-20 22:49:30
2324,14790,35863,pop,2023-06-14 14:03:40
2325,14790,36928,pop,2023-06-16 10:11:45
2326,14790,36931,pop,2023-06-16 10:19:20
2327,14790,36931,fit,2023-06-16 10:22:22
2328,14790,36931,fit,2023-06-16 10:23:01
2329,14794,35867,pop,2023-06-14 14:05:22
2330,14794,39230,pop,2023-06-20 09:14:42
2331,14794,40704,pop,2023-06-21 14:03:58
2332,14794,40704,pop,2023-06-21 14:05:28
2333,14794,40704,pop,2023-06-21 14:05:43
2334,14794,40704,pop,2023-06-21 14:07:22
2335,14796,35869,pop,2023-06-14 14:06:26
2336,14796,38386,pop,2023-06-19 15:23:15
2337,14796,38556,pop,2023-06-19 18:27:08
2338,14908,35975,pop,2023-06-14 16:04:32
2339,14908,38948,pop,2023-06-19 23:10:37
2340,14908,38948,pop,2023-06-19 23:11:07
2341,14908,40612,pop,2023-06-20 23:59:58
2342,14912,35979,pop,2023-06-14 16:06:24
2343,14912,40528,pop,2023-06-20 23:08:16
2344,14912,40569,pop,2023-06-20 23:27:50
2345,14912,40586,pop,2023-06-20 23:43:52
2346,14912,40651,pop,2023-06-21 09:13:41
2347,14912,40652,pop,2023-06-21 09:17:35
2348,20734,40888,pop,2023-07-11 13:21:54
2349,20734,40896,pop,2023-07-11 13:30:38
2350,20734,40897,pop,2023-07-11 13:32:36
2351,20734,40897,fit,2023-07-11 13:33:19
2352,20734,40897,fit,2023-07-11 13:38:07
2353,20734,40897,fit,2023-07-11 13:40:15
2354,20734,40902,pop,2023-07-11 13:46:44
2355,20734,40904,pop,2023-07-11 13:48:12
2356,20735,40889,pop,2023-07-11 13:22:57
2357,20735,40898,fit,2023-07-11 13:32:37
2358,20735,40899,pop,2023-07-11 13:39:38
2359,20735,40899,fit,2023-07-11 13:42:38
2360,20735,40903,pop,2023-07-11 13:46:44
2361,20735,40905,pop,2023-07-11 13:48:27
2362,20738,40892,pop,2023-07-11 13:24:49
2363,20738,40908,pop,2023-07-11 14:10:24
2364,20738,40909,pop,2023-07-11 14:14:17
2365,20738,40910,fit,2023-07-11 14:20:49
2366,20739,40893,pop,2023-07-11 13:25:50
2367,20739,40911,fit,2023-07-11 14:26:01
2368,20767,40912,pop,2023-07-11 14:29:02
2369,20767,40918,pop,2023-07-11 14:40:59
2370,20767,40918,fit,2023-07-11 14:44:00
2371,20769,40914,pop,2023-07-11 14:33:42
2372,20769,40920,fit,2023-07-11 14:52:45
2373,20770,40915,pop,2023-07-11 14:35:53
2374,20770,40922,fit,2023-07-11 15:05:57
2375,20771,40916,pop,2023-07-11 14:37:09
2376,20771,40924,fit,2023-07-11 15:19:44
2377,20771,40925,pop,2023-07-11 15:23:23
2378,20789,40930,pop,2023-07-11 15:44:22
2379,20789,40932,fit,2023-07-11 15:57:55
2380,20789,40935,pop,2023-07-11 16:12:35
2381,20788,40929,pop,2023-07-11 15:43:19
2382,20788,40933,fit,2023-07-11 16:05:04
2383,20798,40937,pop,2023-07-11 16:19:15
2384,20798,40938,pop,2023-07-11 16:24:59
2385,20798,40938,fit,2023-07-11 16:30:30
2386,20797,40936,pop,2023-07-11 16:15:41
2387,20797,40939,fit,2023-07-11 16:37:58
