organizer,type
14639,G8
14639,G8
14639,G8
14639,G8
14639,G8
14639,G8
14639,G8
14639,G8
14639,G8
14639,G8
14639,G8
14639,G8
14640,G4
14640,G4
14640,G4
14640,G4
14640,G4
14640,G4
14640,G4
14640,G4
14640,G4
14640,G4
14640,G4
14640,G4
14640,G4
14640,G4
14640,G4
14640,G4
14641,G11
14641,G11
14641,G11
14641,G11
14641,G11
14641,G11
14641,G11
14641,G11
14642,G7
14642,G7
14642,G7
14642,G7
14642,G7
14642,G7
14642,G7
14642,G7
14642,G7
14642,G7
14642,G7
14642,G7
14642,G7
14643,G3
14643,G3
14643,G3
14643,G3
14643,G3
14643,G3
14643,G3
14643,G3
14643,G3
14643,G3
14644,G9
14644,G9
14644,G9
14644,G9
14644,G9
14644,G9
14644,G9
14644,G9
14644,G9
14644,G9
14644,G9
14644,G9
14644,G9
14644,G9
14645,G5
14645,G5
14645,G5
14645,G5
14645,G5
14645,G5
14645,G5
14645,G5
14645,G5
14645,G5
14645,G5
14645,G5
14645,G5
14647,G10
14647,G10
14648,G6
14648,G6
14648,G6
14648,G6
14648,G6
14648,G6
14648,G6
14648,G6
14648,G6
14648,G6
14648,G6
14648,G6
14648,G6
14648,G6
14648,G6
14648,G6
14649,G4
14649,G4
14649,G4
14649,G4
14649,G4
14649,G4
14649,G4
14649,G4
14649,G4
14649,G4
14649,G4
14651,G7
14651,G7
14651,G7
14651,G7
14651,G7
14651,G7
14651,G7
14651,G7
14651,G7
14651,G7
14651,G7
14651,G7
14651,G7
14651,G7
14651,G7
14651,G7
14651,G7
14651,G7
14651,G7
14651,G7
14652,G3
14652,G3
14652,G3
14652,G3
14652,G3
14653,G11
14653,G11
14653,G11
14653,G11
14657,G6
14657,G6
14657,G6
14657,G6
14657,G10
14657,G6
14657,G6
14657,G6
14657,G6
14657,G6
14657,G6
14657,G6
14657,G6
14658,G2
14658,G2
14658,G2
14658,G2
14658,G2
14658,G2
14658,G2
14658,G2
14658,G2
14658,G2
14658,G2
14658,G2
14658,G2
14658,G2
14658,G2
14658,G2
14658,G2
14658,G2
14658,G2
14658,G10
14659,G12
14659,G12
14659,G12
14659,G12
14660,G8
14660,G8
14660,G8
14660,G8
14660,G8
14660,G8
14660,G8
14660,G8
14660,G8
14660,G8
14660,G8
14660,G8
14661,G3
14661,G3
14661,G3
14661,G3
14661,G3
14661,G3
14661,G3
14661,G3
14661,G3
14661,G3
14661,G3
14661,G3
14661,G3
14661,G3
14661,G3
14661,G3
14661,G3
14661,G3
14662,G11
14662,G11
14662,G11
14662,G11
14662,G11
14662,G11
14662,G11
14663,G7
14663,G7
14663,G7
14663,G7
14663,G7
14663,G7
14663,G7
14663,G7
14663,G7
14663,G11
14666,G6
14666,G6
14666,G6
14667,G2
14667,G2
14667,G2
14667,G2
14667,G2
14669,G8
14669,G8
14669,G8
14669,G8
14669,G8
14672,G7
14672,G7
14672,G7
14672,G7
14672,G7
14672,G7
14672,G7
14672,G7
14674,G9
14674,G9
14674,G9
14674,G9
14674,G9
14674,G9
14674,G9
14674,G9
14674,G9
14674,G9
14674,G9
14674,G9
14674,G9
14675,G5
14675,G5
14675,G5
14675,G5
14675,G5
14675,G5
14675,G5
14675,G5
14675,G5
14675,G5
14675,G5
14677,G10
14677,G10
14677,G10
14677,G10
14677,G10
14677,G10
14677,G10
14677,G10
14677,G10
14677,G10
14677,G10
14677,G10
14678,G6
14678,G6
14678,G6
14678,G6
14678,G6
14678,G6
14678,G6
14678,G6
14678,G6
14678,G6
14678,G6
14678,G6
14678,G6
14679,G4
14679,G4
14679,G4
14679,G4
14679,G4
14679,G4
14679,G4
14679,G4
14679,G4
14679,G4
14679,G4
14679,G4
14679,G4
14679,G4
14679,G12
14684,G5
14684,G5
14684,G5
14684,G5
14684,G5
14684,G5
14684,G5
14684,G5
14684,G5
14684,G5
14684,G5
14684,G5
14684,G5
14684,G5
14684,G5
14684,G5
14684,G5
14684,G5
14684,G5
14684,G5
14686,G10
14686,G10
14688,G2
14688,G2
14688,G2
14688,G2
14688,G2
14688,G2
14688,G2
14688,G2
14689,G12
14689,G12
14689,G12
14689,G12
14689,G12
14689,G12
14689,G12
14689,G12
14689,G12
14689,G12
14689,G12
14689,G12
14689,G12
14689,G12
14689,G12
14689,G12
14690,G8
14690,G8
14690,G8
14690,G8
14690,G8
14691,G3
14691,G3
14691,G3
14692,G11
14692,G11
14692,G11
14692,G11
14692,G11
14692,G11
14692,G11
14692,G11
14692,G11
14692,G11
14692,G11
14692,G11
14692,G11
14692,G11
14692,G11
14692,G11
14692,G11
14692,G11
14692,G11
14692,G11
14692,G11
14692,G11
14693,G7
14693,G7
14693,G7
14693,G7
14693,G7
14693,G7
14693,G7
14693,G7
14697,G2
14698,G10
14698,G10
14698,G10
14698,G10
14698,G10
14698,G10
14699,G8
14700,G4
14700,G4
14700,G4
14700,G4
14700,G4
14700,G4
14700,G4
14700,G4
14700,G4
14700,G4
14700,G4
14700,G4
14700,G4
14700,G4
14700,G4
14700,G4
14700,G4
14700,G4
14700,G4
14700,G4
14700,G4
14700,G4
14700,G4
14700,G4
14700,G4
14700,G4
14700,G4
14700,G4
14700,G4
14702,G7
14702,G7
14702,G7
14702,G7
14703,G3
14703,G3
14703,G3
14703,G3
14703,G3
14703,G3
14704,G9
14704,G9
14704,G9
14705,G5
14705,G5
14705,G5
14705,G5
14705,G5
14705,G5
14706,G2
14706,G2
14706,G2
14707,G10
14707,G10
14707,G10
14707,G10
14707,G10
14708,G6
14708,G6
14708,G6
14708,G6
14708,G6
14708,G6
14708,G6
14708,G6
14708,G6
14708,G6
14708,G6
14708,G6
14708,G6
14708,G6
14708,G6
14708,G6
14708,G6
14708,G6
14708,G6
14708,G6
14708,G6
14708,G6
14708,G6
14708,G6
14708,G6
14708,G6
14708,G6
14708,G6
14709,G4
14709,G4
14709,G4
14709,G4
14709,G4
14709,G4
14709,G4
14709,G4
14709,G4
14709,G4
14709,G4
14709,G4
14710,G12
14710,G12
14710,G12
14710,G12
14710,G12
14710,G12
14710,G12
14710,G12
14710,G12
14711,G7
14711,G7
14711,G7
14711,G7
14712,G3
14712,G3
14712,G3
14712,G3
14712,G3
14712,G3
14712,G3
14712,G3
14712,G3
14713,G11
14713,G11
14715,G1
14715,G1
14715,G1
14715,G1
14715,G1
14715,G1
14715,G1
14715,G1
14715,G1
14715,G1
14715,G1
14715,G1
14715,G1
14715,G1
14715,G1
14715,G1
14715,G1
14715,G1
14715,G1
14715,G1
14715,G1
14715,G1
14715,G1
14715,G1
14715,G1
14715,G1
14715,G1
14715,G1
14715,G1
14715,G1
14715,G1
14715,G1
14715,G1
14715,G1
14715,G1
14715,G1
14715,G1
14715,G1
14715,G1
14715,G1
14716,G10
14716,G10
14716,G10
14716,G10
14716,G10
14716,G10
14716,G10
14716,G10
14717,G6
14717,G6
14717,G6
14717,G6
14717,G6
14718,G2
14718,G2
14718,G2
14718,G2
14718,G2
14718,G2
14718,G2
14718,G2
14719,G12
14719,G12
14719,G12
14719,G12
14719,G12
14719,G12
14719,G12
14719,G12
14719,G12
14719,G12
14719,G12
14719,G12
14719,G12
14719,G12
14719,G12
14719,G12
14719,G12
14719,G12
14719,G12
14719,G12
14719,G12
14719,G12
14719,G12
14719,G12
14719,G12
14719,G12
14719,G12
14719,G12
14719,G12
14719,G12
14719,G12
14719,G12
14719,G12
14719,G12
14719,G12
14719,G12
14719,G12
14719,G12
14719,G12
14719,G12
14719,G12
14719,G12
14719,G12
14719,G12
14719,G12
14719,G12
14720,G8
14720,G8
14720,G8
14720,G8
14720,G8
14720,G8
14720,G8
14720,G8
14720,G8
14720,G8
14720,G8
14720,G8
14720,G8
14720,G8
14720,G8
14720,G8
14720,G8
14720,G8
14720,G8
14720,G8
14720,G8
14720,G8
14720,G12
14721,G3
14721,G3
14721,G3
14721,G3
14721,G3
14730,G9
14730,G9
14730,G9
14730,G9
14730,G9
14730,G9
14730,G9
14730,G9
14730,G9
14730,G9
14730,G9
14730,G9
14730,G9
14730,G9
14731,G6
14731,G6
14731,G6
14731,G6
14731,G6
14731,G6
14731,G6
14731,G6
14731,G6
14731,G6
14732,G2
14732,G2
14732,G2
14738,G3
14738,G3
14738,G3
14738,G3
14738,G3
14738,G3
14738,G3
14742,G10
14742,G10
14742,G10
14742,G10
14742,G10
14745,G12
14745,G12
14745,G12
14745,G12
14745,G12
14745,G12
14747,G3
14747,G3
14748,G11
14748,G11
14748,G11
14748,G12
14749,G5
14750,G1
14750,G1
14750,G1
14750,G1
14750,G1
14750,G1
14750,G1
14750,G1
14750,G1
14750,G1
14750,G9
14750,G1
14750,G1
14750,G1
14750,G1
14750,G1
14750,G1
14750,G1
14750,G1
14750,G1
14750,G1
14750,G1
14750,G1
14750,G1
14750,G1
14750,G1
14750,G1
14750,G1
14750,G1
14750,G9
14750,G9
14750,G1
14758,G7
14758,G7
14758,G7
14758,G7
14758,G7
14758,G7
14758,G7
14758,G7
14758,G7
14758,G7
14758,G7
14758,G7
14758,G7
14758,G7
14758,G7
14758,G7
14770,G5
14770,G5
14770,G5
14770,G5
14770,G5
14770,G5
14770,G5
14770,G5
14770,G5
14770,G5
14770,G5
14771,G2
14771,G2
14771,G2
14771,G2
14771,G2
14771,G2
14771,G2
14771,G2
14771,G2
14771,G2
14771,G2
14771,G2
14771,G2
14771,G2
14771,G2
14771,G2
14771,G2
14771,G2
14771,G2
14771,G2
14771,G2
14771,G2
14771,G2
14771,G2
14771,G2
14772,G10
14772,G10
14772,G10
14772,G10
14772,G10
14772,G10
14772,G10
14772,G10
14772,G10
14772,G10
14772,G10
14772,G10
14772,G10
14772,G10
14772,G10
14772,G10
14772,G10
14772,G10
14772,G10
14772,G10
14772,G10
14772,G10
14772,G10
14772,G10
14773,G6
14773,G6
14773,G6
14773,G6
14773,G6
14773,G6
14773,G6
14773,G6
14780,G1
14780,G1
14780,G1
14780,G1
14780,G1
14781,G10
14781,G10
14781,G10
14781,G10
14781,G10
14781,G10
14781,G10
14781,G10
14781,G10
14781,G10
14781,G10
14781,G10
14781,G10
14781,G10
14781,G10
14781,G10
14781,G10
14781,G10
14781,G10
14781,G10
14783,G2
14783,G2
14783,G2
14783,G2
14783,G2
14784,G12
14784,G12
14784,G12
14797,G7
14797,G7
14800,G5
14800,G5
14800,G9
14800,G9
14801,G2
14801,G2
14801,G2
14801,G2
14802,G10
14802,G10
14802,G10
14802,G10
14802,G10
14802,G10
14802,G10
14802,G10
14803,G6
14803,G6
14803,G6
14803,G6
14803,G6
14803,G6
14803,G6
14803,G6
14803,G6
14803,G6
14803,G6
14803,G6
14803,G6
14803,G6
14806,G7
14806,G7
14806,G7
14806,G7
14809,G5
14809,G5
14809,G5
14809,G5
14814,G10
14814,G10
14814,G10
14814,G10
14814,G10
14814,G10
14814,G10
14814,G10
14814,G10
14814,G10
14884,G12
14884,G12
14884,G12
14884,G12
14884,G12
14884,G12
14884,G12
14884,G12
14899,G8
14899,G8
14899,G8
14905,G11
14905,G11
14905,G11
14905,G11
14905,G11
14905,G11
14905,G11
14905,G11
14905,G11
14905,G11
14905,G11
14905,G11
14905,G11
14905,G11
14905,G11
14905,G11
14905,G11
14905,G11
14905,G11
14905,G11
14905,G11
14905,G11
14905,G11
14905,G11
14905,G11
14905,G11
14905,G11
14905,G11
14905,G11
14905,G11
14905,G11
14905,G11
14906,G7
14906,G7
14906,G7
14906,G7
14907,G1
14907,G1
14907,G1
14907,G1
14907,G1
14907,G1
14907,G1
14907,G1
14907,G1
14907,G1
14908,G9
14908,G9
14909,G6
14909,G6
14909,G6
14909,G6
14909,G6
14911,G2
14911,G2
14911,G2
14911,G2
14889,G10
14889,G10
14889,G10
14912,G10
14912,G10
14912,G10
20734,G1
20734,G4
20735,G1
20735,G1
20738,G1
20738,G1
20738,G1
20739,G1
20788,G7
20789,G7
20797,G7
20798,G7
