,user_id,group_id,rest_id,avialble_rest,sort_pop,sort_fit,sort_sim,fit_score,sim_score,c1_fit,c2_fit,c3_fit,c4_fit,c5_fit,fit_rank,sim_rank,pop_rank,tip,category,dish,price,time
0,14720,36877,18,-1,1,0,0,0.0,0.0,0.0,-1.0,-1.0,-1.0,-1,-1,-1,2,5,0,13,str,2023-06-15 23:39:58
1,14720,36883,29,0,0,0,1,3.5,0.2556521124770383,3.5,3.5,3.5,3.5,0,-1,26,-1,3,1,99,str,2023-06-15 23:47:13
2,14720,36888,29,-1,1,0,0,0.0,0.0,0.0,-1.0,-1.0,-1.0,-1,-1,-1,1,3,1,99,str,2023-06-16 00:01:42
3,14720,36951,18,1,0,1,0,5.0,0.22212133440947002,5.0,5.0,5.0,5.0,1,1,-1,-1,5,0,13,str,2023-06-16 11:12:18
4,14720,36951,29,0,0,1,0,3.5,0.21819155951203428,3.5,3.5,3.5,3.5,0,4,-1,-1,3,1,99,str,2023-06-16 11:12:25
5,14748,37199,28,-1,0,0,1,4.5,0.2967418546365915,4.5,4.5,4.5,0.0,-1,-1,2,-1,4,0,18,str,2023-06-16 15:41:53
6,14748,37199,4,-1,0,0,1,4.0,0.2671792328042328,4.0,4.0,4.0,0.0,-1,-1,4,-1,4,0,61,str,2023-06-16 15:42:12
7,14750,37221,18,-1,0,1,0,5.0,0.300231124807396,5.0,5.0,5.0,1.0,-1,1,-1,-1,5,0,13,str,2023-06-16 22:30:37
8,14750,37221,30,-1,0,1,0,5.0,0.38991073525957254,5.0,5.0,5.0,1.0,-1,3,-1,-1,5,0,9,str,2023-06-16 22:30:40
9,14750,37221,29,-1,0,1,0,3.5,0.23737074004136322,3.5,3.5,3.5,0.0,-1,4,-1,-1,3,1,99,str,2023-06-16 22:30:48
10,14750,37221,24,-1,0,1,0,4.5,0.4812091503267974,4.5,4.5,4.5,0.0,-1,7,-1,-1,4,0,21,str,2023-06-16 22:30:52
11,14750,37221,2,-1,0,1,0,4.5,0.39513888888888893,4.5,4.5,4.5,0.0,-1,9,-1,-1,4,0,11,str,2023-06-16 22:30:57
12,14750,37221,7,-1,0,1,0,4.5,0.4222222222222222,4.5,4.5,4.5,0.0,-1,11,-1,-1,4,0,20,str,2023-06-16 22:31:09
13,14750,37221,25,-1,0,1,0,4.0,0.3404938271604938,4.0,4.0,4.0,0.0,-1,15,-1,-1,4,0,32,str,2023-06-16 22:31:16
14,14750,39368,29,-1,1,0,0,-1.0,0.0,-1.0,-1.0,-1.0,-1.0,-1,-1,-1,1,3,1,99,str,2023-06-20 12:25:58
15,14745,37229,32,-1,0,1,0,5.0,0.2694260728982951,5.0,5.0,1.0,-1.0,-1,2,-1,-1,5,0,16,str,2023-06-16 23:23:22
16,14745,37229,7,-1,0,1,0,4.5,0.31946031746031744,4.5,4.5,0.0,-1.0,-1,10,-1,-1,4,0,20,str,2023-06-16 23:23:29
17,14745,37229,16,-1,0,1,0,4.5,0.2901960784313726,4.5,4.5,0.0,-1.0,-1,12,-1,-1,4,0,11,str,2023-06-16 23:23:32
18,14745,37229,29,-1,0,1,0,3.5,0.15299561961283029,3.5,3.5,0.0,-1.0,-1,4,-1,-1,3,1,99,str,2023-06-16 23:23:59
19,14675,37245,29,-1,1,0,0,-1.0,0.0,-1.0,-1.0,-1.0,-1.0,-1,-1,-1,1,3,1,99,str,2023-06-17 16:04:17
20,14675,37245,18,-1,1,0,0,-1.0,0.0,-1.0,-1.0,-1.0,-1.0,-1,-1,-1,2,5,0,13,str,2023-06-17 16:04:18
21,14675,37245,5,-1,1,0,0,-1.0,0.0,-1.0,-1.0,-1.0,-1.0,-1,-1,-1,3,4,0,30,str,2023-06-17 16:04:21
22,14801,37282,7,-1,0,1,0,4.5,0.4125610500610501,4.5,4.5,0.0,-1.0,-1,4,-1,-1,4,0,20,str,2023-06-18 11:21:12
23,14801,37282,32,-1,0,1,0,5.0,0.3485743680188125,5.0,5.0,1.0,-1.0,-1,2,-1,-1,5,0,16,str,2023-06-18 11:23:21
24,14801,37282,29,-1,0,1,0,3.5,0.2535608308605341,3.5,3.5,0.0,-1.0,-1,4,-1,-1,3,1,99,str,2023-06-18 11:23:42
25,14801,37282,5,-1,0,1,0,4.0,0.31268601190476186,4.0,4.0,0.0,-1.0,-1,15,-1,-1,4,0,30,str,2023-06-18 11:24:26
26,14660,37315,18,-1,0,1,0,5.0,0.2870813155770783,5.0,5.0,5.0,-1.0,-1,1,-1,-1,5,0,13,str,2023-06-18 20:48:57
27,14660,37315,32,-1,0,1,0,5.0,0.3545524691358025,5.0,5.0,5.0,-1.0,-1,2,-1,-1,5,0,16,str,2023-06-18 20:49:09
28,14660,37315,30,-1,0,1,0,5.0,0.3764258028792912,5.0,5.0,5.0,-1.0,-1,3,-1,-1,5,0,9,str,2023-06-18 20:49:50
29,14660,37315,29,-1,0,1,0,3.5,0.2482101643822712,3.5,3.5,3.5,-1.0,-1,1,-1,-1,3,1,99,str,2023-06-18 20:50:22
30,14660,37315,24,-1,0,1,0,4.5,0.44505718954248374,4.5,4.5,4.5,-1.0,-1,2,-1,-1,4,0,21,str,2023-06-18 20:51:10
31,14660,37315,5,-1,0,1,0,4.0,0.31233103918650795,4.0,4.0,4.0,-1.0,-1,3,-1,-1,4,0,30,str,2023-06-18 20:51:19
32,14660,38444,18,-1,0,1,0,5.0,0.2697521522733387,5.0,5.0,5.0,-1.0,-1,1,-1,-1,5,0,13,str,2023-06-19 16:17:49
33,14660,38444,32,-1,0,1,0,5.0,0.3275132275132276,5.0,5.0,5.0,-1.0,-1,2,-1,-1,5,0,16,str,2023-06-19 16:17:49
34,14660,38444,30,-1,0,1,0,5.0,0.35484496124031,5.0,5.0,5.0,-1.0,-1,3,-1,-1,5,0,9,str,2023-06-19 16:17:56
35,14660,38444,32,-1,0,1,0,5.0,0.3275132275132276,5.0,5.0,5.0,-1.0,-1,2,-1,-1,5,0,16,str,2023-06-19 16:18:07
36,14660,38444,24,-1,0,1,0,4.5,0.41547035480859007,4.5,4.5,4.5,-1.0,-1,6,-1,-1,4,0,21,str,2023-06-19 16:18:09
37,14660,38444,5,-1,0,1,0,4.0,0.3005580357142857,4.0,4.0,4.0,-1.0,-1,16,-1,-1,4,0,30,str,2023-06-19 16:18:16
38,14660,38444,25,-1,0,1,0,4.0,0.3248809523809524,4.0,4.0,4.0,-1.0,-1,17,-1,-1,4,0,32,str,2023-06-19 16:18:21
39,14660,38444,13,-1,0,1,0,3.0,0.36736694677871146,3.0,3.0,3.0,-1.0,-1,27,-1,-1,4,0,43,str,2023-06-19 16:18:40
40,14660,38444,29,-1,0,1,0,3.5,0.2433163769959022,3.5,3.5,3.5,-1.0,-1,23,-1,-1,3,1,99,str,2023-06-19 16:18:40
41,14660,38996,18,-1,1,0,0,5.0,0.16570486951842886,5.0,5.0,-1.0,-1.0,-1,-1,-1,2,5,0,13,str,2023-06-19 23:44:21
42,14660,38996,29,-1,1,0,0,3.5,0.14662757288870049,3.5,3.5,-1.0,-1.0,-1,-1,-1,1,3,1,99,str,2023-06-19 23:44:22
43,14660,38996,5,-1,1,0,0,4.0,0.17344525049603174,4.0,4.0,-1.0,-1.0,-1,-1,-1,3,4,0,30,str,2023-06-19 23:44:25
44,14660,38996,32,-1,0,1,0,5.0,0.1860927395649618,5.0,5.0,1.0,-1.0,-1,2,-1,-1,5,0,16,str,2023-06-19 23:49:19
45,14660,38996,30,-1,0,1,0,5.0,0.22793004798818758,5.0,5.0,1.0,-1.0,-1,3,-1,-1,5,0,9,str,2023-06-19 23:49:19
46,14660,38996,22,-1,0,1,0,4.5,0.2171041921041921,4.5,4.5,0.0,-1.0,-1,4,-1,-1,4,0,18,str,2023-06-19 23:49:19
47,14660,38996,26,-1,0,1,0,4.5,0.20102944559466296,4.5,4.5,0.0,-1.0,-1,5,-1,-1,4,0,23,str,2023-06-19 23:49:20
48,14660,38996,24,-1,0,1,0,4.5,0.2637079831932773,4.5,4.5,0.0,-1.0,-1,6,-1,-1,4,0,21,str,2023-06-19 23:49:20
49,14660,38996,2,-1,0,1,0,4.5,0.2143105158730159,4.5,4.5,0.0,-1.0,-1,7,-1,-1,4,0,11,str,2023-06-19 23:49:20
50,14660,38996,12,-1,0,1,0,4.5,0.18703703703703703,4.5,4.5,0.0,-1.0,-1,9,-1,-1,4,0,17,str,2023-06-19 23:49:20
51,14749,37358,29,-1,0,1,0,3.5,0.229972681456361,3.5,3.5,3.5,0.0,-1,1,-1,-1,3,1,99,str,2023-06-19 09:11:03
52,14749,37358,22,-1,0,1,0,4.5,0.330972730972731,4.5,4.5,4.5,0.0,-1,2,-1,-1,4,0,18,str,2023-06-19 09:11:08
53,14749,37358,15,-1,0,1,0,4.5,0.2802083333333333,4.5,4.5,4.5,0.0,-1,3,-1,-1,4,0,40,str,2023-06-19 09:11:12
54,14909,37363,22,-1,0,1,0,4.5,0.2701312576312576,4.5,4.5,0.0,-1.0,-1,1,-1,-1,4,0,18,str,2023-06-19 09:22:18
55,14909,37363,5,-1,0,1,0,4.0,0.22211216517857144,4.0,4.0,0.0,-1.0,-1,2,-1,-1,4,0,30,str,2023-06-19 09:22:19
56,14909,37363,29,-1,0,1,0,3.5,0.18680584993641375,3.5,3.5,0.0,-1.0,-1,3,-1,-1,3,1,99,str,2023-06-19 09:22:20
57,14700,37369,5,-1,1,0,0,-1.0,0.0,-1.0,-1.0,-1.0,-1.0,-1,-1,-1,3,4,0,30,str,2023-06-19 09:29:10
58,14906,37388,5,-1,0,1,0,2.6666666666666665,0.18452845982142857,4.0,4.0,0.0,0.0,-1,2,-1,-1,4,0,30,str,2023-06-19 11:12:09
59,14702,37411,29,-1,1,0,0,0.0,0.0,0.0,-1.0,-1.0,-1.0,-1,-1,-1,1,3,1,99,str,2023-06-19 11:29:11
60,14702,37411,4,-1,1,0,0,0.0,0.0,0.0,-1.0,-1.0,-1.0,-1,-1,-1,4,4,0,61,str,2023-06-19 11:29:17
61,14702,37411,21,-1,1,0,0,0.0,0.0,0.0,-1.0,-1.0,-1.0,-1,-1,-1,19,2,0,9,str,2023-06-19 11:29:52
62,14773,37404,5,-1,0,1,0,4.0,0.2675409226190476,4.0,4.0,0.0,-1.0,-1,14,-1,-1,4,0,30,str,2023-06-19 11:28:43
63,14773,37404,25,-1,0,1,0,4.0,0.27902998236331567,4.0,4.0,0.0,-1.0,-1,15,-1,-1,4,0,32,str,2023-06-19 11:28:49
64,14773,37404,18,-1,0,1,0,5.0,0.22212133440947002,5.0,5.0,1.0,-1.0,-1,1,-1,-1,5,0,13,str,2023-06-19 11:29:23
65,14773,37404,29,-1,0,1,0,3.5,0.21819155951203428,3.5,3.5,0.0,-1.0,-1,20,-1,-1,3,1,99,str,2023-06-19 11:29:52
66,14707,37438,5,0,0,1,0,4.0,0.2673611111111111,4.0,4.0,4.0,4.0,0,15,-1,-1,4,0,30,str,2023-06-19 11:41:15
67,14707,37438,18,1,0,1,0,5.0,0.277773497688752,5.0,5.0,5.0,5.0,1,1,-1,-1,5,0,13,str,2023-06-19 11:42:02
68,14641,37484,18,-1,0,1,0,5.0,0.2101879876244283,5.0,5.0,1.0,-1.0,-1,1,-1,-1,5,0,13,str,2023-06-19 11:48:26
69,14641,37484,32,-1,0,1,0,5.0,0.25836272780717223,5.0,5.0,1.0,-1.0,-1,2,-1,-1,5,0,16,str,2023-06-19 11:48:28
70,14641,37484,30,-1,0,1,0,5.0,0.2675618309339239,5.0,5.0,1.0,-1.0,-1,3,-1,-1,5,0,9,str,2023-06-19 11:48:29
71,14781,37505,29,-1,1,0,0,3.5,0.13383817037663193,3.5,-1.0,-1.0,-1.0,-1,-1,-1,1,3,1,99,str,2023-06-19 11:56:36
72,14781,37570,26,-1,0,1,0,4.5,0.4110190936277892,4.5,4.5,4.5,4.5,-1,1,-1,-1,4,0,23,str,2023-06-19 12:15:32
73,14781,37570,24,-1,0,1,0,4.5,0.48789098972922496,4.5,4.5,4.5,4.5,-1,2,-1,-1,4,0,21,str,2023-06-19 12:16:07
74,14781,37570,10,-1,0,1,0,4.5,0.40271164021164024,4.5,4.5,4.5,4.5,-1,4,-1,-1,4,0,11,str,2023-06-19 12:16:28
75,14911,37679,18,-1,0,1,0,3.3333333333333335,0.28285916061339783,5.0,5.0,0.0,-1.0,-1,1,-1,-1,5,0,13,str,2023-06-19 12:47:08
76,14911,37679,32,-1,0,1,0,3.3333333333333335,0.3550240279598078,5.0,5.0,0.0,-1.0,-1,2,-1,-1,5,0,16,str,2023-06-19 12:47:10
77,14911,37679,30,-1,0,1,0,3.3333333333333335,0.3820551864156515,5.0,5.0,0.0,-1.0,-1,3,-1,-1,5,0,9,str,2023-06-19 12:47:14
78,14911,37679,26,-1,0,1,0,3.0,0.3874338624338624,4.5,4.5,0.0,-1.0,-1,5,-1,-1,4,0,23,str,2023-06-19 12:47:38
79,14911,37679,24,-1,0,1,0,3.0,0.4308123249299719,4.5,4.5,0.0,-1.0,-1,6,-1,-1,4,0,21,str,2023-06-19 12:48:01
80,14712,37580,5,-1,1,0,0,-1.0,0.0,-1.0,-1.0,-1.0,-1.0,-1,-1,-1,3,4,0,30,str,2023-06-19 12:13:58
81,14712,37580,29,-1,1,0,0,-1.0,0.0,-1.0,-1.0,-1.0,-1.0,-1,-1,-1,1,3,1,99,str,2023-06-19 12:14:01
82,14712,37580,18,-1,1,0,0,-1.0,0.0,-1.0,-1.0,-1.0,-1.0,-1,-1,-1,2,5,0,13,str,2023-06-19 13:06:50
83,14712,38463,29,-1,1,0,0,-1.0,0.0,-1.0,-1.0,-1.0,-1.0,-1,-1,-1,1,3,1,99,str,2023-06-19 16:21:07
84,14712,38463,18,-1,1,0,0,-1.0,0.0,-1.0,-1.0,-1.0,-1.0,-1,-1,-1,2,5,0,13,str,2023-06-19 16:21:10
85,14712,38463,5,-1,1,0,0,-1.0,0.0,-1.0,-1.0,-1.0,-1.0,-1,-1,-1,3,4,0,30,str,2023-06-19 16:21:11
86,14712,39530,29,-1,1,0,0,-1.0,0.0,-1.0,-1.0,-1.0,-1.0,-1,-1,-1,1,3,1,99,str,2023-06-20 15:05:28
87,14712,39530,18,-1,1,0,0,-1.0,0.0,-1.0,-1.0,-1.0,-1.0,-1,-1,-1,2,5,0,13,str,2023-06-20 15:05:31
88,14712,39530,5,-1,1,0,0,-1.0,0.0,-1.0,-1.0,-1.0,-1.0,-1,-1,-1,3,4,0,30,str,2023-06-20 15:05:33
89,14809,37909,23,0,0,1,0,4.0,0.38968253968253963,4.0,4.0,4.0,4.0,0,1,-1,-1,4,0,34,str,2023-06-19 13:22:58
90,14706,37875,18,1,0,1,0,5.0,0.19793516276567125,5.0,5.0,5.0,1.0,1,1,-1,-1,5,0,13,str,2023-06-19 13:26:08
91,14706,37875,32,1,0,1,0,5.0,0.2543283362727807,5.0,5.0,5.0,1.0,1,2,-1,-1,5,0,16,str,2023-06-19 13:26:19
92,14706,37875,30,1,0,1,0,5.0,0.25504798818752306,5.0,5.0,5.0,1.0,1,3,-1,-1,5,0,9,str,2023-06-19 13:27:42
93,14717,38122,13,-1,0,1,0,0.0,0.0,0.0,0.0,0.0,0.0,-1,20,-1,-1,4,0,43,str,2023-06-19 13:58:25
94,14717,38122,5,-1,0,1,0,0.0,0.0,0.0,0.0,0.0,0.0,-1,6,-1,-1,4,0,30,str,2023-06-19 13:59:44
95,14717,38122,22,-1,0,1,0,0.0,0.0,0.0,0.0,0.0,0.0,-1,1,-1,-1,4,0,18,str,2023-06-19 14:00:02
96,14780,38088,29,-1,1,0,0,-1.0,0.0,-1.0,-1.0,-1.0,-1.0,-1,-1,-1,1,3,1,99,str,2023-06-19 13:57:01
97,14780,38088,5,-1,1,0,0,-1.0,0.0,-1.0,-1.0,-1.0,-1.0,-1,-1,-1,3,4,0,30,str,2023-06-19 13:58:34
98,14780,38088,18,-1,1,0,0,-1.0,0.0,-1.0,-1.0,-1.0,-1.0,-1,-1,-1,2,5,0,13,str,2023-06-19 14:00:55
99,14780,38148,5,-1,1,0,0,4.0,0.2956321022727273,4.0,4.0,4.0,4.0,-1,-1,-1,3,4,0,30,str,2023-06-19 14:03:23
100,14780,38148,4,-1,1,0,0,4.0,0.2921969696969697,4.0,4.0,4.0,4.0,-1,-1,-1,4,4,0,61,str,2023-06-19 14:03:23
101,14780,38148,29,-1,1,0,0,3.5,0.23818001978239367,3.5,3.5,3.5,3.5,-1,-1,-1,1,3,1,99,str,2023-06-19 14:03:34
102,14780,38148,18,-1,1,0,0,5.0,0.2914419619928095,5.0,5.0,5.0,5.0,-1,-1,-1,2,5,0,13,str,2023-06-19 14:03:34
103,14780,38148,18,1,0,1,0,5.0,0.2914419619928095,5.0,5.0,5.0,5.0,1,1,-1,-1,5,0,13,str,2023-06-19 14:15:12
104,14780,38148,30,1,0,1,0,5.0,0.37905214940098664,5.0,5.0,5.0,5.0,1,3,-1,-1,5,0,9,str,2023-06-19 14:15:31
105,14780,38148,24,0,0,1,0,4.5,0.4573529411764706,4.5,4.5,4.5,4.5,0,5,-1,-1,4,0,21,str,2023-06-19 14:15:51
106,14780,38148,3,0,0,1,0,4.0,0.31379310344827577,4.0,4.0,4.0,4.0,0,15,-1,-1,4,0,72,str,2023-06-19 14:16:53
107,14780,38148,16,0,0,1,0,4.5,0.311764705882353,4.5,4.5,4.5,4.5,0,12,-1,-1,4,0,11,str,2023-06-19 14:16:58
108,14780,38148,10,0,0,1,0,4.5,0.39444444444444443,4.5,4.5,4.5,4.5,0,11,-1,-1,4,0,11,str,2023-06-19 14:17:00
109,14780,38148,7,0,0,1,0,4.5,0.41600000000000004,4.5,4.5,4.5,4.5,0,10,-1,-1,4,0,20,str,2023-06-19 14:17:02
110,14780,38148,26,0,0,1,0,4.5,0.38113746157224415,4.5,4.5,4.5,4.5,0,6,-1,-1,4,0,23,str,2023-06-19 14:17:09
111,14758,38154,10,-1,0,1,0,4.5,0.1762345679012346,4.5,4.5,0.0,-1.0,-1,5,-1,-1,4,0,11,str,2023-06-19 14:16:40
112,14758,38154,11,-1,0,1,0,4.5,0.14563492063492062,4.5,4.5,0.0,-1.0,-1,4,-1,-1,4,0,10,str,2023-06-19 14:16:40
113,14758,38154,2,-1,0,1,0,4.5,0.2111111111111111,4.5,4.5,0.0,-1.0,-1,3,-1,-1,4,0,11,str,2023-06-19 14:16:40
114,14758,38154,26,-1,0,1,0,4.5,0.19691166321601103,4.5,4.5,0.0,-1.0,-1,2,-1,-1,4,0,23,str,2023-06-19 14:16:40
115,14758,38154,24,-1,0,1,0,4.5,0.23253968253968252,4.5,4.5,0.0,-1.0,-1,1,-1,-1,4,0,21,str,2023-06-19 14:16:41
116,14758,39947,5,-1,0,1,0,4.0,0.2979058159722222,4.0,4.0,4.0,-1.0,-1,5,-1,-1,4,0,30,str,2023-06-20 18:26:43
117,14758,39947,25,-1,0,1,0,4.0,0.33240740740740743,4.0,4.0,4.0,-1.0,-1,6,-1,-1,4,0,32,str,2023-06-20 18:27:21
118,14758,39947,2,-1,0,1,0,4.5,0.3564236111111111,4.5,4.5,4.5,-1.0,-1,4,-1,-1,4,0,11,str,2023-06-20 18:28:10
119,14758,39947,22,-1,0,1,0,4.5,0.36061253561253565,4.5,4.5,4.5,-1.0,-1,3,-1,-1,4,0,18,str,2023-06-20 18:28:27
120,14758,39947,30,-1,0,1,0,5.0,0.3754815597838853,5.0,5.0,5.0,-1.0,-1,2,-1,-1,5,0,9,str,2023-06-20 18:28:27
121,14758,39947,18,-1,0,1,0,5.0,0.2820610768703989,5.0,5.0,5.0,-1.0,-1,1,-1,-1,5,0,13,str,2023-06-20 18:28:43
122,14708,37885,18,1,0,1,0,3.75,0.2814467312348668,0.0,5.0,5.0,5.0,1,1,-1,-1,5,0,13,str,2023-06-19 13:14:31
123,14708,37885,32,1,0,1,0,3.75,0.3490520282186949,0.0,5.0,5.0,5.0,1,2,-1,-1,5,0,16,str,2023-06-19 13:15:00
124,14708,37885,29,0,1,0,0,3.5,0.2556521124770383,3.5,3.5,3.5,3.5,0,-1,-1,1,3,1,99,str,2023-06-19 13:20:57
125,14708,37885,18,1,1,0,0,3.75,0.2814467312348668,0.0,5.0,5.0,5.0,1,-1,-1,2,5,0,13,str,2023-06-19 13:21:24
126,14708,38134,18,1,0,1,0,1.0,0.0,1.0,1.0,1.0,1.0,1,1,-1,-1,5,0,13,str,2023-06-19 14:06:35
127,14708,38134,29,0,1,0,0,0.0,0.0,0.0,0.0,0.0,0.0,0,-1,-1,1,3,1,99,str,2023-06-19 14:06:37
128,14708,38134,5,0,1,0,0,0.0,0.0,0.0,0.0,0.0,0.0,0,-1,-1,3,4,0,30,str,2023-06-19 14:06:42
129,14708,38134,32,1,0,1,0,1.0,0.0,1.0,1.0,1.0,1.0,1,2,-1,-1,5,0,16,str,2023-06-19 14:06:48
130,14708,38185,18,1,0,1,0,5.0,0.2814467312348668,5.0,5.0,5.0,5.0,1,1,-1,-1,5,0,13,str,2023-06-19 14:29:26
131,14708,38185,32,1,0,1,0,5.0,0.3490520282186949,5.0,5.0,5.0,5.0,1,2,-1,-1,5,0,16,str,2023-06-19 14:29:52
132,14708,38185,30,1,0,1,0,5.0,0.3781792174234035,5.0,5.0,5.0,5.0,1,3,-1,-1,5,0,9,str,2023-06-19 14:30:08
133,14708,38185,29,0,1,0,0,3.5,0.2556521124770383,3.5,3.5,3.5,3.5,0,-1,-1,1,3,1,99,str,2023-06-19 14:30:18
134,14708,38185,5,0,1,0,0,4.0,0.3184136284722222,4.0,4.0,4.0,4.0,0,-1,-1,3,4,0,30,str,2023-06-19 14:31:01
135,14698,38031,5,-1,0,1,0,2.0,0.13966238839285713,4.0,0.0,0.0,-1.0,-1,2,-1,-1,4,0,30,str,2023-06-19 13:46:59
136,14698,38121,5,-1,1,0,0,-1.0,0.0,-1.0,-1.0,-1.0,-1.0,-1,-1,-1,3,4,0,30,str,2023-06-19 13:53:34
137,14698,38121,29,-1,0,1,0,0.0,0.0,0.0,0.0,0.0,-1.0,-1,1,-1,-1,3,1,99,str,2023-06-19 14:22:43
138,14698,38121,8,-1,0,1,0,0.0,0.0,0.0,0.0,0.0,-1.0,-1,2,-1,-1,3,0,47,str,2023-06-19 14:22:43
139,14688,38313,18,-1,0,1,0,5.0,0.24860774818401937,5.0,5.0,5.0,-1.0,-1,1,-1,-1,5,0,13,str,2023-06-19 15:06:07
140,14688,38313,32,-1,0,1,0,5.0,0.2848030570252792,5.0,5.0,5.0,-1.0,-1,2,-1,-1,5,0,16,str,2023-06-19 15:06:07
141,14688,38313,16,-1,0,1,0,4.5,0.29365079365079366,4.5,4.5,4.5,-1.0,-1,10,-1,-1,4,0,11,str,2023-06-19 15:06:27
142,14688,38313,19,-1,0,1,0,4.0,0.25396825396825395,4.0,4.0,4.0,-1.0,-1,16,-1,-1,4,0,26,str,2023-06-19 15:06:47
143,14688,38313,26,-1,0,1,0,4.5,0.3518173452956061,4.5,4.5,4.5,-1.0,-1,6,-1,-1,4,0,23,str,2023-06-19 15:08:19
144,14688,38313,11,-1,0,1,0,4.5,0.34476190476190477,4.5,4.5,4.5,-1.0,-1,7,-1,-1,4,0,10,str,2023-06-19 15:08:21
145,14688,38313,24,-1,0,1,0,4.5,0.41663748832866476,4.5,4.5,4.5,-1.0,-1,5,-1,-1,4,0,21,str,2023-06-19 15:08:24
146,14688,38313,7,-1,0,1,0,3.0,0.33909523809523806,4.5,0.0,4.5,-1.0,-1,9,-1,-1,4,0,20,str,2023-06-19 15:08:30
147,14640,37923,29,-1,1,0,0,-1.0,0.0,-1.0,-1.0,-1.0,-1.0,-1,-1,-1,1,3,1,99,str,2023-06-19 13:14:36
148,14640,37976,29,-1,1,0,0,-1.0,0.0,-1.0,-1.0,-1.0,-1.0,-1,-1,-1,1,3,1,99,str,2023-06-19 13:26:19
149,14640,38222,29,-1,1,0,0,-1.0,0.0,-1.0,-1.0,-1.0,-1.0,-1,-1,-1,1,3,1,99,str,2023-06-19 15:17:45
150,14690,38366,29,-1,1,0,0,0.0,0.0,0.0,-1.0,-1.0,-1.0,-1,-1,-1,1,3,1,99,str,2023-06-19 15:20:41
151,14690,38366,18,-1,1,0,0,1.0,0.0,1.0,-1.0,-1.0,-1.0,-1,-1,-1,2,5,0,13,str,2023-06-19 15:20:43
152,14690,38366,5,-1,1,0,0,0.0,0.0,0.0,-1.0,-1.0,-1.0,-1,-1,-1,3,4,0,30,str,2023-06-19 15:21:04
153,14784,38358,18,-1,0,1,0,5.0,0.27443502824858756,5.0,1.0,-1.0,-1.0,-1,1,-1,-1,5,0,13,str,2023-06-19 15:17:41
154,14784,38358,32,-1,0,1,0,5.0,0.3445950911228689,5.0,1.0,-1.0,-1.0,-1,2,-1,-1,5,0,16,str,2023-06-19 15:17:53
155,14784,38358,30,-1,0,1,0,5.0,0.34538575119970466,5.0,1.0,-1.0,-1.0,-1,2,-1,-1,5,0,9,str,2023-06-19 15:20:07
156,14784,38358,26,-1,0,1,0,4.5,0.3910397975615367,4.5,0.0,-1.0,-1.0,-1,3,-1,-1,4,0,23,str,2023-06-19 15:20:51
157,14661,38372,29,-1,1,0,0,0.0,0.0,0.0,-1.0,-1.0,-1.0,-1,-1,-1,1,3,1,99,str,2023-06-19 15:18:17
158,14661,38372,5,-1,1,0,0,0.0,0.0,0.0,-1.0,-1.0,-1.0,-1,-1,-1,3,4,0,30,str,2023-06-19 15:18:24
159,14661,38372,4,-1,1,0,0,0.0,0.0,0.0,-1.0,-1.0,-1.0,-1,-1,-1,4,4,0,61,str,2023-06-19 15:18:36
160,14661,38372,25,-1,1,0,0,0.0,0.0,0.0,-1.0,-1.0,-1.0,-1,-1,-1,9,4,0,32,str,2023-06-19 15:18:46
161,14661,38378,29,-1,1,0,0,0.0,0.0,0.0,-1.0,-1.0,-1.0,-1,-1,-1,1,3,1,99,str,2023-06-19 15:21:07
162,14661,38378,18,-1,1,0,0,0.0,0.0,0.0,-1.0,-1.0,-1.0,-1,-1,-1,2,5,0,13,str,2023-06-19 15:21:09
163,14661,38378,5,-1,1,0,0,0.0,0.0,0.0,-1.0,-1.0,-1.0,-1,-1,-1,3,4,0,30,str,2023-06-19 15:21:15
164,14661,38378,4,-1,1,0,0,0.0,0.0,0.0,-1.0,-1.0,-1.0,-1,-1,-1,4,4,0,61,str,2023-06-19 15:21:17
165,14661,38378,15,-1,1,0,0,0.0,0.0,0.0,-1.0,-1.0,-1.0,-1,-1,-1,12,4,0,40,str,2023-06-19 15:21:26
166,14661,38384,5,-1,0,1,0,0.0,0.0,0.0,-1.0,-1.0,-1.0,-1,2,-1,-1,4,0,30,str,2023-06-19 15:35:22
167,14661,38384,29,-1,0,1,0,0.0,0.0,0.0,-1.0,-1.0,-1.0,-1,3,-1,-1,3,1,99,str,2023-06-19 15:35:32
168,14661,38384,22,-1,0,1,0,0.0,0.0,0.0,-1.0,-1.0,-1.0,-1,1,-1,-1,4,0,18,str,2023-06-19 15:35:32
169,14661,38384,8,-1,0,1,0,0.0,0.0,0.0,-1.0,-1.0,-1.0,-1,4,-1,-1,3,0,47,str,2023-06-19 15:36:13
170,14661,38384,22,-1,0,1,0,0.0,0.0,0.0,-1.0,-1.0,-1.0,-1,1,-1,-1,4,0,18,str,2023-06-19 15:36:15
171,14659,36906,29,-1,0,1,0,3.5,0.25095850407423104,3.5,3.5,3.5,0.0,-1,1,-1,-1,3,1,99,str,2023-06-16 09:36:23
172,14659,36906,5,-1,0,1,0,4.0,0.31299293154761904,4.0,4.0,4.0,0.0,-1,4,-1,-1,4,0,30,str,2023-06-16 09:36:29
173,14659,38397,29,-1,1,0,0,3.5,0.25095850407423104,3.5,3.5,3.5,-1.0,-1,-1,-1,1,3,1,99,str,2023-06-19 15:36:16
174,14659,38397,5,-1,1,0,0,4.0,0.3129929315476191,4.0,4.0,4.0,-1.0,-1,-1,-1,3,4,0,30,str,2023-06-19 15:36:16
175,14659,38397,5,-1,0,1,0,4.0,0.3129929315476191,4.0,4.0,4.0,0.0,-1,14,-1,-1,4,0,30,str,2023-06-19 15:43:41
176,14659,38397,29,-1,0,1,0,3.5,0.25095850407423104,3.5,3.5,3.5,0.0,-1,20,-1,-1,3,1,99,str,2023-06-19 15:43:51
177,14806,38415,22,-1,0,1,0,4.5,0.380811733976291,4.5,4.5,4.5,0.0,-1,4,-1,-1,4,0,18,str,2023-06-19 16:06:26
178,14806,38415,26,-1,0,1,0,4.5,0.34616402116402123,4.5,4.5,4.5,0.0,-1,5,-1,-1,4,0,23,str,2023-06-19 16:06:49
179,14806,38415,24,-1,0,1,0,4.5,0.3956174136321195,4.5,4.5,4.5,0.0,-1,1,-1,-1,4,0,21,str,2023-06-19 16:07:30
180,14806,38415,29,-1,0,1,0,3.5,0.24701968819179504,3.5,3.5,3.5,0.0,-1,5,-1,-1,3,1,99,str,2023-06-19 16:08:13
181,14806,38415,7,-1,0,1,0,4.5,0.37236507936507934,4.5,4.5,4.5,0.0,-1,4,-1,-1,4,0,20,str,2023-06-19 16:10:15
182,14806,38415,17,-1,0,1,0,4.0,0.3958638583638584,4.0,4.0,4.0,0.0,-1,7,-1,-1,4,0,46,str,2023-06-19 16:11:02
183,14657,38464,18,-1,0,1,0,5.0,0.2101879876244283,5.0,5.0,1.0,-1.0,-1,1,-1,-1,5,0,13,str,2023-06-19 16:36:26
184,14657,38464,5,-1,0,1,0,4.0,0.22211216517857144,4.0,4.0,0.0,-1.0,-1,16,-1,-1,4,0,30,str,2023-06-19 16:36:40
185,14657,38464,25,-1,0,1,0,4.0,0.2419312169312169,4.0,4.0,0.0,-1.0,-1,17,-1,-1,4,0,32,str,2023-06-19 16:36:42
186,14657,38464,29,-1,0,1,0,3.5,0.18680584993641372,3.5,3.5,0.0,-1.0,-1,22,-1,-1,3,1,99,str,2023-06-19 16:36:55
187,14657,38492,5,-1,0,1,0,4.0,0.22211216517857144,4.0,4.0,0.0,-1.0,-1,14,-1,-1,4,0,30,str,2023-06-19 16:58:02
188,14657,38492,29,-1,0,1,0,3.5,0.18680584993641372,3.5,3.5,0.0,-1.0,-1,20,-1,-1,3,1,99,str,2023-06-19 16:58:07
189,14657,38545,5,-1,0,1,0,4.0,0.22211216517857144,4.0,4.0,0.0,-1.0,-1,16,-1,-1,4,0,30,str,2023-06-19 18:19:26
190,14657,38545,29,-1,0,1,0,3.5,0.18680584993641375,3.5,3.5,0.0,-1.0,-1,22,-1,-1,3,1,99,str,2023-06-19 18:19:31
191,14657,38545,13,-1,0,1,0,3.0,0.25434173669467786,3.0,3.0,0.0,-1.0,-1,26,-1,-1,4,0,43,str,2023-06-19 18:19:39
192,14648,38487,24,0,0,1,0,4.5,0.46175303454715216,4.5,4.5,4.5,4.5,0,1,-1,-1,4,0,21,str,2023-06-19 17:03:00
193,14648,38487,5,0,0,1,0,4.0,0.2761160714285714,4.0,4.0,4.0,4.0,0,3,-1,-1,4,0,30,str,2023-06-19 17:03:05
194,14648,38487,27,0,0,1,0,3.525,0.29517195767195764,3.5,3.5,3.6,3.5,0,8,-1,-1,3,0,111,str,2023-06-19 17:03:18
195,14648,38487,29,0,0,1,0,3.5,0.22676393010220905,3.5,3.5,3.5,3.5,0,7,-1,-1,3,1,99,str,2023-06-19 17:03:28
196,14648,38504,18,1,0,1,0,5.0,0.19347592144202314,5.0,5.0,5.0,5.0,1,1,-1,-1,5,0,13,str,2023-06-19 17:16:40
197,14648,38504,5,0,0,1,0,4.0,0.2041558159722222,4.0,4.0,4.0,4.0,0,15,-1,-1,4,0,30,str,2023-06-19 17:16:58
198,14648,38504,4,0,0,1,0,4.0,0.2157638888888889,4.0,4.0,4.0,4.0,0,16,-1,-1,4,0,61,str,2023-06-19 17:17:03
199,14648,38504,29,0,0,1,0,3.5,0.16565517403796337,3.5,3.5,3.5,3.5,0,23,-1,-1,3,1,99,str,2023-06-19 17:17:09
200,14693,38554,18,-1,0,1,0,5.0,0.2280535377993005,5.0,5.0,5.0,5.0,-1,1,-1,-1,5,0,13,str,2023-06-19 18:31:03
201,14693,38554,32,-1,0,1,0,5.0,0.2849537037037037,5.0,5.0,5.0,5.0,-1,2,-1,-1,5,0,16,str,2023-06-19 18:32:43
202,14693,38554,26,-1,0,1,0,4.5,0.32032436162870936,4.5,4.5,4.5,4.5,-1,5,-1,-1,4,0,23,str,2023-06-19 18:33:05
203,14693,38554,5,-1,0,1,0,4.0,0.23209635416666669,4.0,4.0,4.0,4.0,-1,13,-1,-1,4,0,30,str,2023-06-19 18:34:04
204,14693,38554,4,-1,0,1,0,4.0,0.22262896825396825,4.0,4.0,4.0,4.0,-1,17,-1,-1,4,0,61,str,2023-06-19 18:34:48
205,14693,38570,18,-1,0,1,0,5.0,0.2734967715899919,5.0,5.0,5.0,5.0,-1,1,-1,-1,5,0,13,str,2023-06-19 18:46:09
206,14693,38570,26,-1,0,1,0,4.5,0.37434437543133187,4.5,4.5,4.5,4.5,-1,5,-1,-1,4,0,23,str,2023-06-19 18:46:53
207,14693,38570,24,-1,0,1,0,4.5,0.44063375350140055,4.5,4.5,4.5,4.5,-1,6,-1,-1,4,0,21,str,2023-06-19 18:46:59
208,14693,38570,5,-1,0,1,0,4.0,0.26065538194444443,4.0,4.0,4.0,4.0,-1,12,-1,-1,4,0,30,str,2023-06-19 18:47:47
209,14693,38570,17,-1,0,1,0,4.0,0.3715048840048839,4.0,4.0,4.0,4.0,-1,13,-1,-1,4,0,46,str,2023-06-19 18:48:08
210,14693,38570,4,-1,0,1,0,4.0,0.26825066137566134,4.0,4.0,4.0,4.0,-1,16,-1,-1,4,0,61,str,2023-06-19 18:48:28
211,14703,37405,29,-1,1,0,0,3.5,0.23945595003287312,3.5,3.5,3.5,-1.0,-1,-1,-1,1,3,1,99,str,2023-06-19 11:28:13
212,14703,37405,5,-1,1,0,0,4.0,0.2987738715277778,4.0,4.0,4.0,-1.0,-1,-1,-1,3,4,0,30,str,2023-06-19 11:28:27
213,14703,37405,25,-1,1,0,0,4.0,0.33771604938271604,4.0,4.0,4.0,-1.0,-1,-1,-1,8,4,0,32,str,2023-06-19 11:28:49
214,14703,37405,20,-1,1,0,0,4.0,0.28125,4.0,4.0,4.0,-1.0,-1,-1,-1,24,4,0,7,str,2023-06-19 11:29:47
215,14703,37881,5,-1,1,0,0,0.0,0.0,0.0,-1.0,-1.0,-1.0,-1,-1,-1,3,4,0,30,str,2023-06-19 13:07:18
216,14703,37881,22,-1,1,0,0,0.0,0.0,0.0,-1.0,-1.0,-1.0,-1,-1,-1,7,4,0,18,str,2023-06-19 13:07:20
217,14703,37881,29,-1,1,0,0,0.0,0.0,0.0,-1.0,-1.0,-1.0,-1,-1,-1,1,3,1,99,str,2023-06-19 13:08:11
218,14703,38737,5,-1,1,0,0,0.0,0.0,0.0,-1.0,-1.0,-1.0,-1,-1,-1,3,4,0,30,str,2023-06-19 20:33:49
219,14703,38737,22,-1,1,0,0,0.0,0.0,0.0,-1.0,-1.0,-1.0,-1,-1,-1,7,4,0,18,str,2023-06-19 20:33:56
220,14703,38737,8,-1,1,0,0,0.0,0.0,0.0,-1.0,-1.0,-1.0,-1,-1,-1,15,3,0,47,str,2023-06-19 20:34:09
221,14803,37465,18,-1,0,1,0,5.0,0.2870813155770783,5.0,5.0,5.0,-1.0,-1,1,-1,-1,5,0,13,str,2023-06-19 12:03:11
222,14803,37465,5,-1,0,1,0,4.0,0.31233103918650795,4.0,4.0,4.0,-1.0,-1,12,-1,-1,4,0,30,str,2023-06-19 12:03:51
223,14803,37465,30,-1,0,1,0,5.0,0.37642580287929134,5.0,5.0,5.0,-1.0,-1,3,-1,-1,5,0,9,str,2023-06-19 12:05:58
224,14803,38742,18,-1,0,1,0,5.0,0.20738162496637072,5.0,5.0,5.0,1.0,-1,1,-1,-1,5,0,13,str,2023-06-19 20:43:02
225,14803,38742,30,-1,0,1,0,5.0,0.2928017718715392,5.0,5.0,5.0,1.0,-1,3,-1,-1,5,0,9,str,2023-06-19 20:43:08
226,14803,38742,5,-1,0,1,0,4.0,0.21894066220238095,4.0,4.0,4.0,0.0,-1,12,-1,-1,4,0,30,str,2023-06-19 20:43:27
227,14783,38744,29,-1,1,0,0,3.5,0.2466782063963073,3.5,3.5,3.5,3.5,-1,-1,-1,1,3,1,99,str,2023-06-19 20:45:57
228,14783,38744,18,1,0,1,0,5.0,0.2841051251008878,5.0,5.0,5.0,5.0,1,1,-1,-1,5,0,13,str,2023-06-19 21:00:41
229,14783,38744,32,1,0,1,0,5.0,0.3252241328630217,5.0,5.0,5.0,5.0,1,2,-1,-1,5,0,16,str,2023-06-19 21:01:00
230,14783,38744,22,0,0,1,0,4.5,0.3587250712250712,4.5,4.5,4.5,4.5,0,4,-1,-1,4,0,18,str,2023-06-19 21:01:52
231,14783,38744,17,0,0,1,0,4.0,0.4056013431013431,4.0,4.0,4.0,4.0,0,14,-1,-1,4,0,46,str,2023-06-19 21:03:33
232,14783,39441,18,-1,1,0,0,-1.0,0.0,-1.0,-1.0,-1.0,-1.0,-1,-1,-1,3,5,0,13,str,2023-06-20 13:41:39
233,14783,39441,32,-1,1,0,0,-1.0,0.0,-1.0,-1.0,-1.0,-1.0,-1,-1,-1,5,5,0,16,str,2023-06-20 13:41:44
234,14783,39441,30,-1,1,0,0,-1.0,0.0,-1.0,-1.0,-1.0,-1.0,-1,-1,-1,6,5,0,9,str,2023-06-20 13:41:48
235,14783,39441,25,-1,1,0,0,-1.0,0.0,-1.0,-1.0,-1.0,-1.0,-1,-1,-1,7,4,0,32,str,2023-06-20 13:41:59
236,14709,38771,15,-1,0,1,0,4.5,0.18244047619047618,4.5,-1.0,-1.0,-1.0,-1,1,-1,-1,4,0,40,str,2023-06-19 21:16:10
237,14709,38771,28,-1,0,1,0,4.5,0.1886591478696742,4.5,-1.0,-1.0,-1.0,-1,2,-1,-1,4,0,18,str,2023-06-19 21:16:13
238,14709,38771,4,-1,0,1,0,4.0,0.13693121693121696,4.0,-1.0,-1.0,-1.0,-1,3,-1,-1,4,0,61,str,2023-06-19 21:16:16
239,14709,38771,17,-1,0,1,0,4.0,0.1978556166056166,4.0,-1.0,-1.0,-1.0,-1,4,-1,-1,4,0,46,str,2023-06-19 21:16:18
240,14709,38771,5,-1,0,1,0,4.0,0.13071831597222222,4.0,-1.0,-1.0,-1.0,-1,5,-1,-1,4,0,30,str,2023-06-19 21:16:24
241,14691,38780,5,0,0,1,0,4.0,0.3050657242063492,4.0,4.0,4.0,4.0,0,6,-1,-1,4,0,30,str,2023-06-19 21:38:09
242,14691,38780,15,0,0,1,0,4.5,0.3404017857142857,4.5,4.5,4.5,4.5,0,2,-1,-1,4,0,40,str,2023-06-19 21:39:34
243,14691,38780,4,0,0,1,0,4.0,0.30242394179894183,4.0,4.0,4.0,4.0,0,4,-1,-1,4,0,61,str,2023-06-19 21:40:09
244,14691,38780,17,0,0,1,0,4.0,0.40418956043956034,4.0,4.0,4.0,4.0,0,5,-1,-1,4,0,46,str,2023-06-19 21:40:49
245,14691,38824,5,0,0,1,0,4.0,0.24250837053571425,4.0,4.0,4.0,4.0,0,6,-1,-1,4,0,30,str,2023-06-19 21:59:54
246,14691,38824,29,0,0,1,0,3.5,0.19892641977211709,3.5,3.5,3.5,3.5,0,21,-1,-1,3,1,99,str,2023-06-19 22:01:04
247,14691,38824,17,0,0,1,0,4.0,0.3150641025641025,4.0,4.0,4.0,4.0,0,5,-1,-1,4,0,46,str,2023-06-19 22:02:32
248,14691,38824,4,0,0,1,0,4.0,0.23833002645502646,4.0,4.0,4.0,4.0,0,4,-1,-1,4,0,61,str,2023-06-19 22:02:32
249,14691,38824,30,1,0,1,0,5.0,0.3243271586294842,5.0,5.0,5.0,5.0,1,2,-1,-1,5,0,9,str,2023-06-19 22:02:43
250,14691,38824,18,1,0,1,0,5.0,0.2324323745933915,5.0,5.0,5.0,5.0,1,1,-1,-1,5,0,13,str,2023-06-19 22:02:43
251,14642,38568,29,-1,1,0,0,-1.0,0.0,-1.0,-1.0,-1.0,-1.0,-1,-1,-1,1,3,1,99,str,2023-06-19 18:44:12
252,14642,38886,29,-1,1,0,0,-1.0,0.0,-1.0,-1.0,-1.0,-1.0,-1,-1,-1,1,3,1,99,str,2023-06-19 22:33:17
253,14642,38886,18,-1,1,0,0,-1.0,0.0,-1.0,-1.0,-1.0,-1.0,-1,-1,-1,2,5,0,13,str,2023-06-19 22:33:19
254,14642,38886,5,-1,1,0,0,-1.0,0.0,-1.0,-1.0,-1.0,-1.0,-1,-1,-1,3,4,0,30,str,2023-06-19 22:33:33
255,14797,38888,18,1,0,1,0,5.0,0.2712200699488835,5.0,5.0,5.0,5.0,1,1,-1,-1,5,0,13,str,2023-06-19 22:37:42
256,14797,38888,29,0,0,0,1,3.5,0.229972681456361,3.5,3.5,3.5,3.5,0,-1,8,-1,3,1,99,str,2023-06-19 22:38:20
257,14697,38893,28,-1,0,1,0,4.5,0.25275689223057646,4.5,4.5,0.0,-1.0,-1,13,-1,-1,4,0,18,str,2023-06-19 22:43:22
258,14697,38893,8,-1,0,0,1,3.5,0.18606701940035272,3.5,3.5,0.0,-1.0,-1,-1,9,-1,3,0,47,str,2023-06-19 22:45:33
259,14697,38893,29,-1,0,0,1,3.5,0.18680584993641375,3.5,3.5,0.0,-1.0,-1,-1,10,-1,3,1,99,str,2023-06-19 22:45:51
260,14697,38893,6,-1,0,0,1,4.0,0.23598484848484846,4.0,4.0,0.0,-1.0,-1,-1,12,-1,4,0,13,str,2023-06-19 22:46:16
261,14697,39002,29,-1,1,0,0,0.0,0.0,0.0,-1.0,-1.0,-1.0,-1,-1,-1,1,3,1,99,str,2023-06-19 23:55:19
262,14905,38941,18,-1,0,1,0,5.0,0.2724340866290019,5.0,5.0,5.0,-1.0,-1,1,-1,-1,5,0,13,str,2023-06-19 23:07:13
263,14905,38941,32,-1,0,1,0,5.0,0.31771017048794825,5.0,5.0,5.0,-1.0,-1,2,-1,-1,5,0,16,str,2023-06-19 23:07:14
264,14905,38941,24,-1,0,1,0,4.5,0.43593020541549954,4.5,4.5,4.5,-1.0,-1,5,-1,-1,4,0,21,str,2023-06-19 23:07:17
265,14905,38941,4,-1,0,1,0,4.0,0.2719973544973545,4.0,4.0,4.0,-1.0,-1,9,-1,-1,4,0,61,str,2023-06-19 23:07:20
266,14905,38941,17,-1,0,1,0,4.0,0.36771214896214893,4.0,4.0,4.0,-1.0,-1,10,-1,-1,4,0,46,str,2023-06-19 23:07:22
267,14905,38941,5,-1,0,1,0,4.0,0.2574962797619047,4.0,4.0,4.0,-1.0,-1,11,-1,-1,4,0,30,str,2023-06-19 23:07:23
268,14905,38941,25,-1,0,1,0,4.0,0.27888007054673714,4.0,4.0,4.0,-1.0,-1,12,-1,-1,4,0,32,str,2023-06-19 23:07:26
269,14639,38974,29,-1,1,0,0,3.5,0.11143964014883896,3.5,-1.0,-1.0,-1.0,-1,-1,-1,1,3,1,99,str,2023-06-19 23:18:41
270,14639,38987,5,-1,0,1,0,4.0,0.25443793402777776,4.0,4.0,-1.0,-1.0,-1,14,-1,-1,4,0,30,str,2023-06-19 23:32:32
271,14639,38987,18,-1,0,1,0,2.5,0.1990819209039548,0.0,5.0,-1.0,-1.0,-1,1,-1,-1,5,0,13,str,2023-06-19 23:34:41
272,14639,38987,25,-1,0,1,0,4.0,0.25482804232804235,4.0,4.0,-1.0,-1.0,-1,12,-1,-1,4,0,32,str,2023-06-19 23:34:41
273,14705,39056,22,0,0,1,0,4.5,0.22498473748473743,4.5,4.5,4.5,0.0,0,1,-1,-1,4,0,18,str,2023-06-20 01:29:14
274,14705,39056,5,0,0,1,0,4.0,0.16562965029761906,4.0,4.0,4.0,0.0,0,2,-1,-1,4,0,30,str,2023-06-20 01:30:27
275,14705,39056,17,0,0,1,0,2.6666666666666665,0.17628968253968252,4.0,0.0,4.0,0.0,0,3,-1,-1,4,0,46,str,2023-06-20 01:30:28
276,14705,39056,25,0,0,1,0,2.6666666666666665,0.16734567901234568,4.0,0.0,4.0,0.0,0,4,-1,-1,4,0,32,str,2023-06-20 01:31:19
277,14705,39056,4,0,0,1,0,2.6666666666666665,0.1489649470899471,4.0,0.0,4.0,0.0,0,5,-1,-1,4,0,61,str,2023-06-20 01:31:45
278,14647,39078,25,-1,0,1,0,4.0,0.2709259259259259,4.0,4.0,4.0,-1.0,-1,1,-1,-1,4,0,32,str,2023-06-20 02:17:29
279,14647,39078,5,-1,0,1,0,4.0,0.22991071428571427,4.0,4.0,4.0,-1.0,-1,2,-1,-1,4,0,30,str,2023-06-20 02:17:32
280,14647,39078,23,-1,0,1,0,4.0,0.23171296296296295,4.0,4.0,4.0,-1.0,-1,5,-1,-1,4,0,34,str,2023-06-20 02:17:36
281,14647,39078,29,-1,0,1,0,3.5,0.18635132589138523,3.5,3.5,3.5,-1.0,-1,7,-1,-1,3,1,99,str,2023-06-20 02:17:40
282,14643,39085,5,-1,0,1,0,4.0,0.21563895089285712,4.0,4.0,0.0,-1.0,-1,3,-1,-1,4,0,30,str,2023-06-20 02:33:18
283,14653,39123,18,-1,0,1,0,5.0,0.23354687920365885,5.0,5.0,5.0,-1.0,-1,1,-1,-1,5,0,13,str,2023-06-20 03:31:06
284,14653,39123,5,-1,0,1,0,4.0,0.23239862351190477,4.0,4.0,4.0,-1.0,-1,2,-1,-1,4,0,30,str,2023-06-20 03:32:25
285,14772,39018,18,-1,0,1,0,5.0,0.279383575464084,5.0,5.0,-1.0,-1.0,-1,1,-1,-1,5,0,13,str,2023-06-20 00:28:28
286,14772,39018,32,-1,0,1,0,5.0,0.3364454732510288,5.0,5.0,-1.0,-1.0,-1,2,-1,-1,5,0,16,str,2023-06-20 00:36:56
287,14772,39018,22,-1,0,1,0,4.5,0.3110449735449735,4.5,4.5,-1.0,-1.0,-1,4,-1,-1,4,0,18,str,2023-06-20 00:45:19
288,14772,39018,25,-1,0,1,0,4.0,0.33421075837742503,4.0,4.0,-1.0,-1.0,-1,13,-1,-1,4,0,32,str,2023-06-20 00:48:47
289,14772,39018,17,-1,0,1,0,4.0,0.37902930402930407,4.0,4.0,-1.0,-1.0,-1,14,-1,-1,4,0,46,str,2023-06-20 00:50:49
290,14772,39018,4,-1,0,1,0,4.0,0.2937037037037037,4.0,4.0,-1.0,-1.0,-1,16,-1,-1,4,0,61,str,2023-06-20 00:52:43
291,14772,39018,29,-1,0,1,0,3.5,0.22053365361970706,3.5,3.5,-1.0,-1.0,-1,23,-1,-1,3,1,99,str,2023-06-20 00:57:02
292,14772,39127,18,-1,0,1,0,5.0,0.279383575464084,5.0,5.0,-1.0,-1.0,-1,1,-1,-1,5,0,13,str,2023-06-20 03:35:17
293,14772,39127,32,-1,0,1,0,5.0,0.3364454732510288,5.0,5.0,-1.0,-1.0,-1,2,-1,-1,5,0,16,str,2023-06-20 03:35:18
294,14772,39131,18,-1,0,1,0,5.0,0.279383575464084,5.0,5.0,-1.0,-1.0,-1,1,-1,-1,5,0,13,str,2023-06-20 03:37:47
295,14772,39131,32,-1,0,1,0,5.0,0.3364454732510288,5.0,5.0,-1.0,-1.0,-1,2,-1,-1,5,0,16,str,2023-06-20 03:37:47
296,14772,39131,26,-1,0,1,0,4.5,0.4376178974005061,4.5,4.5,-1.0,-1.0,-1,5,-1,-1,4,0,23,str,2023-06-20 03:38:48
297,14772,39131,17,-1,0,1,0,4.0,0.37902930402930407,4.0,4.0,-1.0,-1.0,-1,14,-1,-1,4,0,46,str,2023-06-20 03:40:35
298,14772,39131,25,-1,0,1,0,4.0,0.33421075837742503,4.0,4.0,-1.0,-1.0,-1,13,-1,-1,4,0,32,str,2023-06-20 03:41:16
299,14772,39131,4,-1,0,1,0,4.0,0.2937037037037037,4.0,4.0,-1.0,-1.0,-1,16,-1,-1,4,0,61,str,2023-06-20 03:41:17
300,14772,39131,29,-1,0,1,0,3.5,0.22053365361970706,3.5,3.5,-1.0,-1.0,-1,23,-1,-1,3,1,99,str,2023-06-20 03:41:54
301,14652,39144,5,-1,1,0,0,-1.0,0.0,-1.0,-1.0,-1.0,-1.0,-1,-1,-1,3,4,0,30,str,2023-06-20 03:57:09
302,14652,39144,25,-1,1,0,0,-1.0,0.0,-1.0,-1.0,-1.0,-1.0,-1,-1,-1,7,4,0,32,str,2023-06-20 03:57:12
303,14652,39144,18,-1,1,0,0,-1.0,0.0,-1.0,-1.0,-1.0,-1.0,-1,-1,-1,2,5,0,13,str,2023-06-20 03:58:48
304,14652,39144,6,-1,1,0,0,-1.0,0.0,-1.0,-1.0,-1.0,-1.0,-1,-1,-1,19,4,0,13,str,2023-06-20 04:01:00
305,14710,37081,18,-1,0,1,0,5.0,0.22863027979553405,5.0,1.0,-1.0,-1.0,-1,1,-1,-1,5,0,13,str,2023-06-16 13:31:15
306,14710,37081,5,-1,0,1,0,4.0,0.26928633432539684,4.0,0.0,-1.0,-1.0,-1,18,-1,-1,4,0,30,str,2023-06-16 13:31:38
307,14710,37081,29,-1,0,1,0,3.5,0.2098676463661627,3.5,0.0,-1.0,-1.0,-1,4,-1,-1,3,1,99,str,2023-06-16 13:32:06
308,14710,37081,15,-1,0,1,0,4.5,0.34970238095238093,4.5,0.0,-1.0,-1.0,-1,6,-1,-1,4,0,40,str,2023-06-16 13:32:13
309,14710,39160,5,-1,0,1,0,4.0,0.2685050843253968,4.0,-1.0,-1.0,-1.0,-1,17,-1,-1,4,0,30,str,2023-06-20 04:55:28
310,14710,39160,29,-1,0,1,0,3.5,0.20927417455607367,3.5,-1.0,-1.0,-1.0,-1,25,-1,-1,3,1,99,str,2023-06-20 04:55:40
311,14710,39160,13,-1,0,1,0,3.0,0.37408963585434174,3.0,-1.0,-1.0,-1.0,-1,29,-1,-1,4,0,43,str,2023-06-20 04:55:56
312,14710,39160,6,-1,0,1,0,4.0,0.29154040404040404,4.0,-1.0,-1.0,-1.0,-1,22,-1,-1,4,0,13,str,2023-06-20 04:56:05
313,14710,39160,3,-1,0,1,0,4.0,0.23017241379310344,4.0,-1.0,-1.0,-1.0,-1,19,-1,-1,4,0,72,str,2023-06-20 04:56:09
314,14710,39160,4,-1,0,1,0,4.0,0.26838293650793654,4.0,-1.0,-1.0,-1.0,-1,15,-1,-1,4,0,61,str,2023-06-20 04:56:17
315,14710,39160,24,-1,0,1,0,4.5,0.37413632119514467,4.5,-1.0,-1.0,-1.0,-1,6,-1,-1,4,0,21,str,2023-06-20 04:56:27
316,14710,39160,15,-1,0,1,0,4.5,0.34345238095238095,4.5,-1.0,-1.0,-1.0,-1,5,-1,-1,4,0,40,str,2023-06-20 04:56:28
317,14710,39160,18,-1,0,1,0,5.0,0.2277828221684154,5.0,-1.0,-1.0,-1.0,-1,1,-1,-1,5,0,13,str,2023-06-20 04:56:34
318,14731,39159,26,-1,0,1,0,4.5,0.21606855302507474,4.5,4.5,0.0,-1.0,-1,1,-1,-1,4,0,23,str,2023-06-20 05:09:23
319,14731,39159,5,-1,0,1,0,4.0,0.13846726190476188,4.0,4.0,0.0,-1.0,-1,6,-1,-1,4,0,30,str,2023-06-20 05:09:47
320,14686,39176,4,-1,0,1,0,4.0,0.3110515873015873,4.0,4.0,4.0,0.0,-1,4,-1,-1,4,0,61,str,2023-06-20 06:25:39
321,14686,39176,5,-1,0,1,0,4.0,0.3129820808531746,4.0,4.0,4.0,0.0,-1,6,-1,-1,4,0,30,str,2023-06-20 06:25:55
322,14644,39181,17,-1,0,1,0,4.0,0.33221153846153845,4.0,4.0,4.0,0.0,-1,3,-1,-1,4,0,46,str,2023-06-20 07:25:24
323,14644,39181,5,-1,0,1,0,4.0,0.24711061507936508,4.0,4.0,4.0,0.0,-1,4,-1,-1,4,0,30,str,2023-06-20 07:25:29
324,14644,39181,4,-1,0,1,0,4.0,0.24647817460317462,4.0,4.0,4.0,0.0,-1,5,-1,-1,4,0,61,str,2023-06-20 07:25:37
325,14644,39181,3,-1,0,1,0,4.0,0.25935960591133006,4.0,4.0,4.0,0.0,-1,7,-1,-1,4,0,72,str,2023-06-20 07:25:47
326,14644,39181,29,-1,0,0,1,3.5,0.20293085582403086,3.5,3.5,3.5,0.0,-1,-1,14,-1,3,1,99,str,2023-06-20 07:26:19
327,14644,39181,27,-1,0,0,1,3.5,0.21433862433862433,3.5,3.5,3.5,0.0,-1,-1,13,-1,3,0,111,str,2023-06-20 07:26:24
328,14645,38612,18,-1,0,1,0,5.0,0.2118425477535647,5.0,5.0,5.0,1.0,-1,1,-1,-1,5,0,13,str,2023-06-19 19:24:28
329,14645,38612,32,-1,0,1,0,5.0,0.23810993533215752,5.0,5.0,5.0,1.0,-1,2,-1,-1,5,0,16,str,2023-06-19 19:25:11
330,14645,38612,30,-1,0,1,0,5.0,0.2646456256921373,5.0,5.0,5.0,1.0,-1,3,-1,-1,5,0,9,str,2023-06-19 19:25:11
331,14645,39180,15,-1,0,1,0,4.5,0.33950892857142856,4.5,4.5,4.5,0.0,-1,1,-1,-1,4,0,40,str,2023-06-20 07:26:33
332,14645,39180,24,-1,0,1,0,4.5,0.3272408963585433,4.5,4.5,4.5,0.0,-1,2,-1,-1,4,0,21,str,2023-06-20 07:26:36
333,14645,39180,5,-1,0,1,0,4.0,0.2675409226190476,4.0,4.0,4.0,0.0,-1,4,-1,-1,4,0,30,str,2023-06-20 07:26:42
334,14663,37497,11,0,0,1,0,4.5,0.3563492063492063,4.5,4.5,4.5,4.5,0,3,-1,-1,4,0,10,str,2023-06-19 12:02:11
335,14663,37497,26,0,0,1,0,4.5,0.33140096618357495,4.5,4.5,4.5,4.5,0,1,-1,-1,4,0,23,str,2023-06-19 12:02:11
336,14663,37497,5,0,0,1,0,4.0,0.22601221478174605,4.0,4.0,4.0,4.0,0,5,-1,-1,4,0,30,str,2023-06-19 12:02:18
337,14663,37497,25,0,0,1,0,4.0,0.25951499118165783,4.0,4.0,4.0,4.0,0,6,-1,-1,4,0,32,str,2023-06-19 12:02:18
338,14663,39229,26,0,0,1,0,4.5,0.42996894409937886,4.5,4.5,4.5,4.5,0,1,-1,-1,4,0,23,str,2023-06-20 09:17:36
339,14663,39229,5,0,0,1,0,4.0,0.28012307787698415,4.0,4.0,4.0,4.0,0,5,-1,-1,4,0,30,str,2023-06-20 09:17:41
340,14663,39229,25,0,0,1,0,4.0,0.31600970017636676,4.0,4.0,4.0,4.0,0,6,-1,-1,4,0,32,str,2023-06-20 09:17:43
341,14663,39229,11,0,0,1,0,4.5,0.405,4.5,4.5,4.5,4.5,0,3,-1,-1,4,0,10,str,2023-06-20 09:19:04
342,14732,39234,25,-1,0,1,0,4.0,0.2419312169312169,4.0,4.0,0.0,-1.0,-1,15,-1,-1,4,0,32,str,2023-06-20 09:27:23
343,14732,39234,5,-1,0,1,0,4.0,0.22211216517857144,4.0,4.0,0.0,-1.0,-1,14,-1,-1,4,0,30,str,2023-06-20 09:28:17
344,14732,39234,29,-1,0,1,0,3.5,0.18680584993641375,3.5,3.5,0.0,-1.0,-1,20,-1,-1,3,1,99,str,2023-06-20 09:28:33
345,14721,36881,29,-1,1,0,0,-1.0,0.0,-1.0,-1.0,-1.0,-1.0,-1,-1,-1,1,3,1,99,str,2023-06-15 23:41:03
346,14721,39243,22,-1,0,1,0,0.0,0.0,0.0,-1.0,-1.0,-1.0,-1,1,-1,-1,4,0,18,str,2023-06-20 09:34:05
347,14721,39243,5,-1,0,1,0,0.0,0.0,0.0,-1.0,-1.0,-1.0,-1,2,-1,-1,4,0,30,str,2023-06-20 09:34:06
348,14721,39243,8,-1,0,1,0,0.0,0.0,0.0,-1.0,-1.0,-1.0,-1,4,-1,-1,3,0,47,str,2023-06-20 09:34:16
349,14721,39243,29,-1,0,1,0,0.0,0.0,0.0,-1.0,-1.0,-1.0,-1,3,-1,-1,3,1,99,str,2023-06-20 09:34:18
350,14679,39254,29,-1,1,0,0,-1.0,0.0,-1.0,-1.0,-1.0,-1.0,-1,-1,-1,1,3,1,99,str,2023-06-20 09:58:43
351,14679,39254,5,-1,1,0,0,-1.0,0.0,-1.0,-1.0,-1.0,-1.0,-1,-1,-1,3,4,0,30,str,2023-06-20 09:59:22
352,14679,39254,18,-1,1,0,0,-1.0,0.0,-1.0,-1.0,-1.0,-1.0,-1,-1,-1,2,5,0,13,str,2023-06-20 09:59:34
353,14679,39254,4,-1,1,0,0,-1.0,0.0,-1.0,-1.0,-1.0,-1.0,-1,-1,-1,4,4,0,61,str,2023-06-20 10:00:20
354,14679,39254,25,-1,1,0,0,-1.0,0.0,-1.0,-1.0,-1.0,-1.0,-1,-1,-1,7,4,0,32,str,2023-06-20 10:02:56
355,14679,39254,32,-1,1,0,0,-1.0,0.0,-1.0,-1.0,-1.0,-1.0,-1,-1,-1,5,5,0,16,str,2023-06-20 10:03:07
356,14679,39254,30,-1,1,0,0,-1.0,0.0,-1.0,-1.0,-1.0,-1.0,-1,-1,-1,6,5,0,9,str,2023-06-20 10:03:14
357,14679,39254,26,-1,1,0,0,-1.0,0.0,-1.0,-1.0,-1.0,-1.0,-1,-1,-1,9,4,0,23,str,2023-06-20 10:03:51
358,14679,39254,32,-1,1,0,0,-1.0,0.0,-1.0,-1.0,-1.0,-1.0,-1,-1,-1,5,5,0,16,str,2023-06-20 10:05:56
359,14679,39254,27,-1,1,0,0,-1.0,0.0,-1.0,-1.0,-1.0,-1.0,-1,-1,-1,13,3,0,111,str,2023-06-20 10:06:20
360,14679,39254,31,-1,1,0,0,-1.0,0.0,-1.0,-1.0,-1.0,-1.0,-1,-1,-1,27,4,0,49,str,2023-06-20 10:08:01
361,14679,39254,15,-1,1,0,0,-1.0,0.0,-1.0,-1.0,-1.0,-1.0,-1,-1,-1,12,4,0,40,str,2023-06-20 10:08:33
362,14678,39275,24,-1,0,1,0,4.5,0.12904301817345296,4.5,-1.0,-1.0,-1.0,-1,1,-1,-1,4,0,21,str,2023-06-20 10:40:27
363,14678,39275,3,-1,0,1,0,4.0,0.10320197044334975,4.0,-1.0,-1.0,-1.0,-1,2,-1,-1,4,0,72,str,2023-06-20 10:40:27
364,14678,39275,5,-1,0,1,0,4.0,0.050516183035714285,4.0,-1.0,-1.0,-1.0,-1,3,-1,-1,4,0,30,str,2023-06-20 10:40:34
365,14678,39275,4,-1,0,1,0,4.0,0.04963624338624339,4.0,-1.0,-1.0,-1.0,-1,4,-1,-1,4,0,61,str,2023-06-20 10:40:36
366,14678,39283,26,-1,0,1,0,4.5,0.12403956751782838,4.5,-1.0,-1.0,-1.0,-1,1,-1,-1,4,0,23,str,2023-06-20 10:49:57
367,14678,39283,24,-1,0,1,0,4.5,0.11623482726423903,4.5,-1.0,-1.0,-1.0,-1,2,-1,-1,4,0,21,str,2023-06-20 10:49:57
368,14678,39283,3,-1,0,1,0,4.0,0.10320197044334975,4.0,-1.0,-1.0,-1.0,-1,6,-1,-1,4,0,72,str,2023-06-20 10:50:04
369,14678,39283,10,-1,0,1,0,4.5,0.157473544973545,4.5,-1.0,-1.0,-1.0,-1,5,-1,-1,4,0,11,str,2023-06-20 10:50:07
370,14678,39285,26,-1,0,1,0,4.5,0.23736484932137106,4.5,4.5,-1.0,-1.0,-1,1,-1,-1,4,0,23,str,2023-06-20 11:06:42
371,14678,39285,24,-1,0,1,0,4.5,0.225046685340803,4.5,4.5,-1.0,-1.0,-1,2,-1,-1,4,0,21,str,2023-06-20 11:06:43
372,14678,39285,10,-1,0,1,0,4.5,0.2654761904761905,4.5,4.5,-1.0,-1.0,-1,5,-1,-1,4,0,11,str,2023-06-20 11:06:51
373,14678,39285,5,-1,0,1,0,4.0,0.12112630208333333,4.0,4.0,-1.0,-1.0,-1,7,-1,-1,4,0,30,str,2023-06-20 11:06:57
374,14678,39310,24,-1,0,1,0,4.5,0.11623482726423903,4.5,-1.0,-1.0,-1.0,-1,2,-1,-1,4,0,21,str,2023-06-20 11:15:27
375,14678,39310,5,-1,0,1,0,4.0,0.050516183035714285,4.0,-1.0,-1.0,-1.0,-1,8,-1,-1,4,0,30,str,2023-06-20 11:15:32
376,14678,39310,26,-1,0,1,0,4.5,0.12403956751782838,4.5,-1.0,-1.0,-1.0,-1,1,-1,-1,4,0,23,str,2023-06-20 11:15:38
377,14666,39273,5,0,0,1,0,4.0,0.27845207093253965,4.0,4.0,4.0,4.0,0,3,-1,-1,4,0,30,str,2023-06-20 10:42:20
378,14666,39273,4,0,0,1,0,4.0,0.28485449735449736,4.0,4.0,4.0,4.0,0,1,-1,-1,4,0,61,str,2023-06-20 10:43:01
379,14666,39965,26,-1,0,1,0,4.5,0.1218541522889349,4.5,0.0,-1.0,-1.0,-1,4,-1,-1,4,0,23,str,2023-06-20 18:38:20
380,14662,39276,17,0,0,1,0,4.0,0.4018620268620268,4.0,4.0,4.0,4.0,0,2,-1,-1,4,0,46,str,2023-06-20 10:43:13
381,14662,39276,5,0,0,1,0,4.0,0.28012307787698415,4.0,4.0,4.0,4.0,0,3,-1,-1,4,0,30,str,2023-06-20 10:43:34
382,14662,39276,25,0,0,1,0,4.0,0.3160097001763668,4.0,4.0,4.0,4.0,0,4,-1,-1,4,0,32,str,2023-06-20 10:44:34
383,14662,39276,29,0,0,1,0,3.5,0.2213143516555979,3.5,3.5,3.5,3.5,0,18,-1,-1,3,1,99,str,2023-06-20 10:46:03
384,14662,39276,9,0,0,1,0,3.0,0.41843711843711845,3.0,3.0,3.0,3.0,0,24,-1,-1,3,0,40,str,2023-06-20 10:47:32
385,14677,39323,5,0,0,1,0,4.0,0.23251178075396825,4.0,4.0,4.0,4.0,0,2,-1,-1,4,0,30,str,2023-06-20 11:41:31
386,14677,39323,3,0,0,1,0,4.0,0.2685686918445539,4.0,4.0,4.0,4.0,0,3,-1,-1,4,0,72,str,2023-06-20 11:42:51
387,14677,39323,29,0,0,1,0,3.5,0.1848346757100466,3.5,3.5,3.5,3.5,0,8,-1,-1,3,1,99,str,2023-06-20 11:44:41
388,14677,40627,18,-1,1,0,0,1.0,0.0,1.0,-1.0,-1.0,-1.0,-1,-1,-1,3,5,0,13,str,2023-06-21 00:20:09
389,14677,40627,4,-1,1,0,0,0.0,0.0,0.0,-1.0,-1.0,-1.0,-1,-1,-1,4,4,0,61,str,2023-06-21 00:20:12
390,14677,40627,29,-1,1,0,0,0.0,0.0,0.0,-1.0,-1.0,-1.0,-1,-1,-1,1,3,1,99,str,2023-06-21 00:20:24
391,14677,40765,29,0,0,1,0,3.5,0.19770404340137274,3.5,3.5,3.5,3.5,0,3,-1,-1,3,1,99,str,2023-06-21 22:41:09
392,14677,40765,5,0,0,1,0,4.0,0.24748263888888888,4.0,4.0,4.0,4.0,0,1,-1,-1,4,0,30,str,2023-06-21 22:41:11
393,14770,39339,5,-1,1,0,0,0.0,0.0,0.0,-1.0,-1.0,-1.0,-1,-1,-1,3,4,0,30,str,2023-06-20 11:56:59
394,14770,39339,29,-1,1,0,0,0.0,0.0,0.0,-1.0,-1.0,-1.0,-1,-1,-1,1,3,1,99,str,2023-06-20 11:57:14
395,14770,39339,25,-1,1,0,0,0.0,0.0,0.0,-1.0,-1.0,-1.0,-1,-1,-1,7,4,0,32,str,2023-06-20 11:57:25
396,14770,39339,17,-1,1,0,0,0.0,0.0,0.0,-1.0,-1.0,-1.0,-1,-1,-1,11,4,0,46,str,2023-06-20 11:57:32
397,14770,39339,6,-1,1,0,0,0.0,0.0,0.0,-1.0,-1.0,-1.0,-1,-1,-1,18,4,0,13,str,2023-06-20 11:57:46
398,14770,40183,18,-1,0,1,0,5.0,0.13794558783965563,5.0,1.0,-1.0,-1.0,-1,1,-1,-1,5,0,13,str,2023-06-20 20:57:20
399,14770,40183,5,-1,0,1,0,4.0,0.19410652281746033,4.0,0.0,-1.0,-1.0,-1,7,-1,-1,4,0,30,str,2023-06-20 20:57:21
400,14770,40183,4,-1,0,1,0,4.0,0.1849272486772487,4.0,0.0,-1.0,-1.0,-1,9,-1,-1,4,0,61,str,2023-06-20 20:57:26
401,14770,40183,1,-1,0,1,0,4.0,0.1988095238095238,4.0,0.0,-1.0,-1.0,-1,14,-1,-1,4,0,6,str,2023-06-20 20:57:30
402,14770,40183,29,-1,0,1,0,3.5,0.16038457915312515,3.5,0.0,-1.0,-1.0,-1,15,-1,-1,3,1,99,str,2023-06-20 20:57:32
403,14719,37689,4,0,0,1,0,4.0,0.3262433862433863,4.0,4.0,4.0,4.0,0,1,-1,-1,4,0,61,str,2023-06-19 12:52:04
404,14719,37689,29,0,0,1,0,3.5,0.25016367575714754,3.5,3.5,3.5,3.5,0,5,-1,-1,3,1,99,str,2023-06-19 12:52:28
405,14719,37689,8,0,0,1,0,3.5,0.3021751910640799,3.5,3.5,3.5,3.5,0,6,-1,-1,3,0,47,str,2023-06-19 12:53:00
406,14719,37689,9,0,0,1,0,3.0,0.5876068376068376,3.0,3.0,3.0,3.0,0,9,-1,-1,3,0,40,str,2023-06-19 12:53:23
407,14719,37689,5,0,0,1,0,4.0,0.31875310019841263,4.0,4.0,4.0,4.0,0,2,-1,-1,4,0,30,str,2023-06-19 12:53:40
408,14719,39247,4,0,0,1,0,4.0,0.3262433862433863,4.0,4.0,4.0,4.0,0,1,-1,-1,4,0,61,str,2023-06-20 10:00:59
409,14719,39247,25,0,0,1,0,4.0,0.37112874779541444,4.0,4.0,4.0,4.0,0,4,-1,-1,4,0,32,str,2023-06-20 10:02:28
410,14719,39247,15,0,0,1,0,3.375,0.35751488095238093,4.5,4.5,4.5,0.0,0,13,-1,-1,4,0,40,str,2023-06-20 10:30:09
411,14719,39247,13,0,0,1,0,2.25,0.4541316526610645,3.0,3.0,3.0,0.0,0,29,-1,-1,4,0,43,str,2023-06-20 11:08:34
412,14719,39247,27,0,0,1,0,3.525,0.32175925925925924,3.6,3.5,3.5,3.5,0,28,-1,-1,3,0,111,str,2023-06-20 11:16:37
413,14719,39247,9,0,0,1,0,3.0,0.5876068376068376,3.0,3.0,3.0,3.0,0,27,-1,-1,3,0,40,str,2023-06-20 11:16:42
414,14719,39247,28,0,0,1,0,3.375,0.31474519632414366,4.5,4.5,4.5,0.0,0,18,-1,-1,4,0,18,str,2023-06-20 11:17:22
415,14719,39247,24,0,0,1,0,4.5,0.5235294117647058,4.5,4.5,4.5,4.5,0,10,-1,-1,4,0,21,str,2023-06-20 11:18:57
416,14713,39316,18,-1,0,1,0,5.0,0.29341370729082594,5.0,5.0,1.0,-1.0,-1,1,-1,-1,5,0,13,str,2023-06-20 12:01:47
417,14713,39316,32,-1,0,1,0,5.0,0.3512198706643151,5.0,5.0,1.0,-1.0,-1,2,-1,-1,5,0,16,str,2023-06-20 12:04:03
418,14713,40071,29,-1,1,0,0,0.0,0.0,0.0,-1.0,-1.0,-1.0,-1,-1,-1,1,3,1,99,str,2023-06-20 19:31:16
419,14713,40427,29,-1,1,0,0,-1.0,0.0,-1.0,-1.0,-1.0,-1.0,-1,-1,-1,1,3,1,99,str,2023-06-20 22:24:05
420,14713,40427,5,-1,1,0,0,-1.0,0.0,-1.0,-1.0,-1.0,-1.0,-1,-1,-1,2,4,0,30,str,2023-06-20 22:24:05
421,14672,39380,18,-1,0,1,0,5.0,0.28144673123486685,5.0,5.0,5.0,1.0,-1,1,-1,-1,5,0,13,str,2023-06-20 12:38:57
422,14672,39380,32,-1,0,1,0,5.0,0.3490520282186949,5.0,5.0,5.0,1.0,-1,2,-1,-1,5,0,16,str,2023-06-20 12:39:11
423,14672,39380,30,-1,0,1,0,5.0,0.3781792174234035,5.0,5.0,5.0,1.0,-1,3,-1,-1,5,0,9,str,2023-06-20 12:39:13
424,14672,39380,22,-1,0,1,0,4.5,0.3905982905982906,4.5,4.5,4.5,0.0,-1,4,-1,-1,4,0,18,str,2023-06-20 12:39:14
425,14672,39380,26,-1,0,1,0,4.5,0.38260294455946625,4.5,4.5,4.5,0.0,-1,6,-1,-1,4,0,23,str,2023-06-20 12:39:18
426,14672,39380,11,-1,0,1,0,4.5,0.3298412698412699,4.5,4.5,4.5,0.0,-1,7,-1,-1,4,0,10,str,2023-06-20 12:39:22
427,14672,39380,4,-1,0,1,0,4.0,0.31378968253968254,4.0,4.0,4.0,0.0,-1,12,-1,-1,4,0,61,str,2023-06-20 12:40:23
428,14672,39380,16,-1,0,1,0,4.5,0.40910364145658257,4.5,4.5,4.5,0.0,-1,11,-1,-1,4,0,11,str,2023-06-20 12:40:37
429,14800,39438,29,-1,1,0,0,-1.0,0.0,-1.0,-1.0,-1.0,-1.0,-1,-1,-1,1,3,1,99,str,2023-06-20 13:36:57
430,14800,39438,5,-1,1,0,0,-1.0,0.0,-1.0,-1.0,-1.0,-1.0,-1,-1,-1,2,4,0,30,str,2023-06-20 13:36:59
431,14800,39438,18,-1,1,0,0,-1.0,0.0,-1.0,-1.0,-1.0,-1.0,-1,-1,-1,3,5,0,13,str,2023-06-20 13:38:26
432,14800,39438,4,-1,1,0,0,0.0,0.0,0.0,-1.0,-1.0,-1.0,-1,-1,-1,4,4,0,61,str,2023-06-20 13:39:04
433,14800,40293,15,-1,1,0,0,0.0,0.0,-1.0,-1.0,-1.0,-1.0,-1,-1,-1,1,4,0,40,str,2023-06-20 21:43:54
434,14800,40293,28,-1,1,0,0,-1.0,0.0,-1.0,-1.0,-1.0,-1.0,-1,-1,-1,2,4,0,18,str,2023-06-20 21:43:55
435,14800,40293,26,-1,1,0,0,-1.0,0.0,-1.0,-1.0,-1.0,-1.0,-1,-1,-1,3,4,0,23,str,2023-06-20 21:43:55
436,14889,39494,26,-1,0,1,0,4.5,0.33493213710605013,4.5,4.5,0.0,-1.0,-1,1,-1,-1,4,0,23,str,2023-06-20 14:51:17
437,14889,39494,25,-1,0,1,0,4.0,0.29373015873015873,4.0,4.0,0.0,-1.0,-1,5,-1,-1,4,0,32,str,2023-06-20 14:52:29
438,14889,39494,29,-1,0,1,0,3.5,0.21161360007513855,3.5,3.5,0.0,-1.0,-1,8,-1,-1,3,1,99,str,2023-06-20 14:52:59
439,14899,39510,18,-1,0,1,0,5.0,0.28144673123486685,5.0,5.0,1.0,-1.0,-1,1,-1,-1,5,0,13,str,2023-06-20 15:03:55
440,14899,39510,13,-1,0,0,1,3.0,0.3995798319327731,3.0,3.0,0.0,-1.0,-1,-1,3,-1,4,0,43,str,2023-06-20 15:04:05
441,14899,39510,28,-1,0,1,0,4.5,0.3596491228070175,4.5,4.5,0.0,-1.0,-1,14,-1,-1,4,0,18,str,2023-06-20 15:06:41
442,14699,39552,29,-1,1,0,0,0.0,0.0,0.0,-1.0,-1.0,-1.0,-1,-1,-1,1,3,1,99,str,2023-06-20 15:16:09
443,14692,38247,24,-1,0,1,0,4.5,0.44118814192343603,4.5,4.5,4.5,4.5,-1,2,-1,-1,4,0,21,str,2023-06-19 14:46:13
444,14692,38247,5,-1,0,1,0,4.0,0.2698722718253968,4.0,4.0,4.0,4.0,-1,8,-1,-1,4,0,30,str,2023-06-19 14:46:35
445,14692,38247,3,-1,0,1,0,4.0,0.29723590585659554,4.0,4.0,4.0,4.0,-1,9,-1,-1,4,0,72,str,2023-06-19 14:46:47
446,14692,38247,6,-1,0,1,0,4.0,0.316504329004329,4.0,4.0,4.0,4.0,-1,13,-1,-1,4,0,13,str,2023-06-19 14:47:07
447,14692,38247,17,-1,0,1,0,4.0,0.35073260073260065,4.0,4.0,4.0,4.0,-1,7,-1,-1,4,0,46,str,2023-06-19 14:48:56
448,14692,38247,25,-1,0,1,0,4.0,0.31109788359788354,4.0,4.0,4.0,4.0,-1,6,-1,-1,4,0,32,str,2023-06-19 14:50:51
449,14692,38247,4,-1,0,1,0,4.0,0.2785714285714285,4.0,4.0,4.0,4.0,-1,10,-1,-1,4,0,61,str,2023-06-19 14:53:49
450,14692,38318,5,-1,0,1,0,4.0,0.2306113591269841,4.0,4.0,4.0,-1.0,-1,8,-1,-1,4,0,30,str,2023-06-20 15:23:01
451,14692,38318,26,-1,0,1,0,4.5,0.34629054520358865,4.5,4.5,4.5,-1.0,-1,1,-1,-1,4,0,23,str,2023-06-20 15:23:04
452,14692,38318,24,-1,0,1,0,4.5,0.41367880485527536,4.5,4.5,4.5,-1.0,-1,2,-1,-1,4,0,21,str,2023-06-20 15:23:06
453,14692,38318,17,-1,0,1,0,4.0,0.32500763125763127,4.0,4.0,4.0,-1.0,-1,6,-1,-1,4,0,46,str,2023-06-20 15:23:10
454,14692,38318,8,-1,0,1,0,3.5,0.2203115814226925,3.5,3.5,3.5,-1.0,-1,17,-1,-1,3,0,47,str,2023-06-20 15:23:16
455,14692,38318,29,-1,0,1,0,3.5,0.18260444632848194,3.5,3.5,3.5,-1.0,-1,15,-1,-1,3,1,99,str,2023-06-20 15:23:36
456,14692,38318,19,-1,0,1,0,4.0,0.22123015873015872,4.0,4.0,4.0,-1.0,-1,12,-1,-1,4,0,26,str,2023-06-20 15:23:40
457,14692,39596,26,-1,0,1,0,4.5,0.35307683459857364,4.5,4.5,4.5,4.5,-1,1,-1,-1,4,0,23,str,2023-06-20 15:34:18
458,14692,39596,24,-1,0,1,0,4.5,0.44118814192343603,4.5,4.5,4.5,4.5,-1,2,-1,-1,4,0,21,str,2023-06-20 15:34:26
459,14692,39596,17,-1,0,1,0,4.0,0.35073260073260065,4.0,4.0,4.0,4.0,-1,7,-1,-1,4,0,46,str,2023-06-20 15:34:27
460,14692,39596,5,-1,0,1,0,4.0,0.26987227182539686,4.0,4.0,4.0,4.0,-1,8,-1,-1,4,0,30,str,2023-06-20 15:34:29
461,14692,39596,3,-1,0,1,0,4.0,0.29723590585659554,4.0,4.0,4.0,4.0,-1,9,-1,-1,4,0,72,str,2023-06-20 15:34:29
462,14692,39596,4,-1,0,1,0,4.0,0.2785714285714286,4.0,4.0,4.0,4.0,-1,10,-1,-1,4,0,61,str,2023-06-20 15:34:33
463,14658,38133,29,-1,1,0,0,-1.0,0.0,-1.0,-1.0,-1.0,-1.0,-1,-1,-1,1,3,1,99,str,2023-06-19 13:58:18
464,14658,38133,18,-1,1,0,0,-1.0,0.0,-1.0,-1.0,-1.0,-1.0,-1,-1,-1,2,5,0,13,str,2023-06-19 13:58:20
465,14658,38133,5,-1,1,0,0,-1.0,0.0,-1.0,-1.0,-1.0,-1.0,-1,-1,-1,3,4,0,30,str,2023-06-19 13:58:26
466,14658,39467,5,-1,1,0,0,-1.0,0.0,-1.0,-1.0,-1.0,-1.0,-1,-1,-1,3,4,0,30,str,2023-06-20 14:12:59
467,14658,39529,29,-1,1,0,0,3.5,0.09335052517545099,3.5,-1.0,-1.0,-1.0,-1,-1,-1,1,3,1,99,str,2023-06-20 15:07:58
468,14658,39562,22,-1,0,1,0,4.5,0.3403693528693528,4.5,4.5,0.0,0.0,-1,1,-1,-1,4,0,18,str,2023-06-20 15:35:12
469,14658,39562,22,-1,0,1,0,4.5,0.3403693528693528,4.5,4.5,0.0,0.0,-1,1,-1,-1,4,0,18,str,2023-06-20 15:35:14
470,14658,39562,5,-1,0,1,0,4.0,0.2685174851190476,4.0,4.0,0.0,0.0,-1,4,-1,-1,4,0,30,str,2023-06-20 15:35:31
471,14658,39562,5,-1,0,1,0,4.0,0.2685174851190476,4.0,4.0,0.0,0.0,-1,4,-1,-1,4,0,30,str,2023-06-20 15:35:46
472,14658,39562,29,-1,0,1,0,3.5,0.21893339927464556,3.5,3.5,0.0,0.0,-1,9,-1,-1,3,1,99,str,2023-06-20 15:35:46
473,14658,39757,5,-1,0,1,0,4.0,0.253777591765873,4.0,4.0,4.0,0.0,-1,3,-1,-1,4,0,30,str,2023-06-20 17:01:47
474,14658,39757,22,-1,0,1,0,3.0,0.3092185592185592,4.5,0.0,4.5,0.0,-1,7,-1,-1,4,0,18,str,2023-06-20 17:01:47
475,14658,39757,29,-1,0,1,0,3.5,0.20078540812962178,3.5,3.5,3.5,0.0,-1,5,-1,-1,3,1,99,str,2023-06-20 17:01:47
476,14658,40104,29,-1,1,0,0,0.0,0.0,0.0,-1.0,-1.0,-1.0,-1,-1,-1,1,3,1,99,str,2023-06-20 19:47:50
477,14658,40104,5,-1,1,0,0,0.0,0.0,0.0,-1.0,-1.0,-1.0,-1,-1,-1,2,4,0,30,str,2023-06-20 19:47:58
478,14658,40104,18,-1,1,0,0,1.0,0.0,1.0,-1.0,-1.0,-1.0,-1,-1,-1,3,5,0,13,str,2023-06-20 19:48:26
479,14730,39567,29,-1,1,0,0,-1.0,0.0,-1.0,-1.0,-1.0,-1.0,-1,-1,-1,1,3,1,99,str,2023-06-20 15:16:37
480,14730,39567,5,-1,1,0,0,-1.0,0.0,-1.0,-1.0,-1.0,-1.0,-1,-1,-1,3,4,0,30,str,2023-06-20 15:16:39
481,14730,39567,5,-1,1,0,0,-1.0,0.0,-1.0,-1.0,-1.0,-1.0,-1,-1,-1,3,4,0,30,str,2023-06-20 15:18:56
482,14730,39576,5,-1,1,0,0,-1.0,0.0,-1.0,-1.0,-1.0,-1.0,-1,-1,-1,3,4,0,30,str,2023-06-20 15:23:54
483,14730,39626,29,-1,1,0,0,-1.0,0.0,-1.0,-1.0,-1.0,-1.0,-1,-1,-1,1,3,1,99,str,2023-06-20 15:53:05
484,14730,39626,4,-1,1,0,0,-1.0,0.0,-1.0,-1.0,-1.0,-1.0,-1,-1,-1,4,4,0,61,str,2023-06-20 15:53:05
485,14730,39626,4,-1,1,0,0,-1.0,0.0,-1.0,-1.0,-1.0,-1.0,-1,-1,-1,4,4,0,61,str,2023-06-20 15:53:21
486,14747,39627,24,-1,0,1,0,4.5,0.4388188608776844,4.5,4.5,4.5,0.0,-1,2,-1,-1,4,0,21,str,2023-06-20 15:55:06
487,14747,39627,26,-1,0,1,0,4.5,0.42996894409937886,4.5,4.5,4.5,0.0,-1,1,-1,-1,4,0,23,str,2023-06-20 15:55:06
488,14747,39627,11,-1,0,1,0,4.5,0.405,4.5,4.5,4.5,0.0,-1,3,-1,-1,4,0,10,str,2023-06-20 15:55:07
489,14884,39605,29,-1,1,0,0,3.5,0.17118364655456644,3.5,3.5,-1.0,-1.0,-1,-1,-1,1,3,1,99,str,2023-06-20 15:35:13
490,14884,39605,22,-1,0,1,0,4.5,0.2532153032153032,4.5,4.5,0.0,-1.0,-1,1,-1,-1,4,0,18,str,2023-06-20 15:43:06
491,14884,39605,27,-1,0,1,0,3.55,0.2453968253968254,3.6,3.5,0.0,-1.0,-1,5,-1,-1,3,0,111,str,2023-06-20 15:44:35
492,14884,39605,18,-1,0,1,0,2.5,0.16127253161151467,5.0,0.0,0.0,-1.0,-1,7,-1,-1,5,0,13,str,2023-06-20 15:44:35
493,14884,39605,8,-1,0,1,0,3.5,0.28813932980599644,3.5,3.5,0.0,-1.0,-1,6,-1,-1,3,0,47,str,2023-06-20 15:45:35
494,14884,39605,26,-1,0,1,0,2.25,0.18186105360018398,4.5,0.0,0.0,-1.0,-1,10,-1,-1,4,0,23,str,2023-06-20 15:46:06
495,14884,39605,24,-1,0,1,0,2.25,0.26036998132586364,4.5,0.0,0.0,-1.0,-1,11,-1,-1,4,0,21,str,2023-06-20 15:46:06
496,14884,39605,11,-1,0,1,0,2.25,0.14928571428571427,4.5,0.0,0.0,-1.0,-1,13,-1,-1,4,0,10,str,2023-06-20 15:46:07
497,14884,39605,2,-1,0,1,0,2.25,0.19635416666666666,4.5,0.0,0.0,-1.0,-1,12,-1,-1,4,0,11,str,2023-06-20 15:46:07
498,14884,39605,16,-1,0,1,0,2.25,0.20630252100840335,4.5,0.0,0.0,-1.0,-1,16,-1,-1,4,0,11,str,2023-06-20 15:46:07
499,14884,39605,31,-1,0,1,0,2.25,0.1958874458874459,4.5,0.0,0.0,-1.0,-1,14,-1,-1,4,0,49,str,2023-06-20 15:46:07
500,14884,39605,25,-1,0,1,0,2.0,0.21059523809523806,4.0,0.0,0.0,-1.0,-1,17,-1,-1,4,0,32,str,2023-06-20 15:46:07
501,14884,39605,12,-1,0,1,0,2.25,0.20833333333333334,4.5,0.0,0.0,-1.0,-1,15,-1,-1,4,0,17,str,2023-06-20 15:46:07
502,14884,39605,17,-1,0,1,0,2.0,0.263804945054945,4.0,0.0,0.0,-1.0,-1,18,-1,-1,4,0,46,str,2023-06-20 15:46:07
503,14884,39605,4,-1,0,1,0,2.0,0.2040376984126984,4.0,0.0,0.0,-1.0,-1,19,-1,-1,4,0,61,str,2023-06-20 15:46:07
504,14884,39605,19,-1,0,1,0,2.0,0.1369047619047619,4.0,0.0,0.0,-1.0,-1,21,-1,-1,4,0,26,str,2023-06-20 15:46:07
505,14884,39605,23,-1,0,1,0,2.0,0.28680555555555554,0.0,4.0,0.0,-1.0,-1,20,-1,-1,4,0,34,str,2023-06-20 15:46:08
506,14884,39605,9,-1,0,1,0,1.5,0.27454212454212457,3.0,0.0,0.0,-1.0,-1,24,-1,-1,3,0,40,str,2023-06-20 15:46:08
507,14884,39605,5,-1,0,1,0,4.0,0.20431857638888887,4.0,4.0,0.0,-1.0,-1,2,-1,-1,4,0,30,str,2023-06-20 15:46:09
508,14884,39605,3,-1,0,1,0,4.0,0.26683087027914615,4.0,4.0,0.0,-1.0,-1,3,-1,-1,4,0,72,str,2023-06-20 15:46:09
509,14884,39605,32,-1,0,1,0,2.5,0.18339579659024102,5.0,0.0,0.0,-1.0,-1,8,-1,-1,5,0,16,str,2023-06-20 15:46:09
510,14884,39605,30,-1,0,1,0,2.5,0.21246770025839792,5.0,0.0,0.0,-1.0,-1,9,-1,-1,5,0,9,str,2023-06-20 15:46:09
511,14884,39635,5,-1,0,1,0,4.0,0.1951140873015873,4.0,4.0,-1.0,-1.0,-1,2,-1,-1,4,0,30,str,2023-06-20 15:59:47
512,14884,39635,22,-1,0,1,0,4.5,0.2553825803825804,4.5,4.5,-1.0,-1.0,-1,1,-1,-1,4,0,18,str,2023-06-20 15:59:47
513,14884,39635,29,-1,0,1,0,3.5,0.16047171588714615,3.5,3.5,-1.0,-1.0,-1,3,-1,-1,3,1,99,str,2023-06-20 15:59:47
514,14884,39635,8,-1,0,1,0,3.5,0.25308641975308643,3.5,3.5,-1.0,-1.0,-1,4,-1,-1,3,0,47,str,2023-06-20 15:59:47
515,14814,39679,29,-1,1,0,0,-1.0,0.0,-1.0,-1.0,-1.0,-1.0,-1,-1,-1,1,3,1,99,str,2023-06-20 16:18:26
516,14814,39679,29,-1,1,0,0,-1.0,0.0,-1.0,-1.0,-1.0,-1.0,-1,-1,-1,1,3,1,99,str,2023-06-20 16:18:26
517,14814,39697,29,-1,1,0,0,-1.0,0.0,-1.0,-1.0,-1.0,-1.0,-1,-1,-1,1,3,1,99,str,2023-06-20 16:21:45
518,14869,39667,29,-1,1,0,0,-1.0,0.0,-1.0,-1.0,-1.0,-1.0,-1,-1,-1,1,3,1,99,str,2023-06-20 16:13:33
519,14869,39700,29,-1,1,0,0,-1.0,0.0,-1.0,-1.0,-1.0,-1.0,-1,-1,-1,1,3,1,99,str,2023-06-20 16:23:00
520,14771,37348,29,-1,0,1,0,3.5,0.16047171588714615,3.5,0.0,-1.0,-1.0,-1,1,-1,-1,3,1,99,str,2023-06-19 08:16:50
521,14771,37349,29,-1,1,0,0,3.5,0.13876407140502098,3.5,-1.0,-1.0,-1.0,-1,-1,-1,1,3,1,99,str,2023-06-19 08:17:35
522,14771,38827,29,-1,1,0,0,0.0,0.0,0.0,-1.0,-1.0,-1.0,-1,-1,-1,1,3,1,99,str,2023-06-19 21:44:47
523,14771,38827,18,-1,1,0,0,1.0,0.0,1.0,-1.0,-1.0,-1.0,-1,-1,-1,2,5,0,13,str,2023-06-19 21:44:57
524,14771,38827,5,-1,1,0,0,0.0,0.0,0.0,-1.0,-1.0,-1.0,-1,-1,-1,3,4,0,30,str,2023-06-19 21:44:58
525,14771,38829,5,-1,1,0,0,0.0,0.0,0.0,-1.0,-1.0,-1.0,-1,-1,-1,3,4,0,30,str,2023-06-19 21:49:50
526,14771,39690,18,-1,0,1,0,0.0,0.13341705177148214,0.0,-1.0,-1.0,-1.0,-1,1,-1,-1,5,0,13,str,2023-06-20 16:22:44
527,14771,39690,15,-1,0,1,0,4.5,0.31592261904761904,4.5,-1.0,-1.0,-1.0,-1,5,-1,-1,4,0,40,str,2023-06-20 16:23:08
528,14771,39690,5,-1,0,1,0,4.0,0.1951140873015873,4.0,-1.0,-1.0,-1.0,-1,16,-1,-1,4,0,30,str,2023-06-20 16:23:35
529,14771,39690,4,-1,0,1,0,4.0,0.19304232804232804,4.0,0.0,-1.0,-1.0,-1,4,-1,-1,4,0,61,str,2023-06-20 16:37:38
530,14771,39690,4,-1,0,1,0,4.0,0.19304232804232804,4.0,0.0,-1.0,-1.0,-1,4,-1,-1,4,0,61,str,2023-06-20 16:38:01
531,14771,39690,5,-1,0,1,0,4.0,0.1951140873015873,4.0,0.0,-1.0,-1.0,-1,6,-1,-1,4,0,30,str,2023-06-20 16:38:31
532,14771,39690,15,-1,0,1,0,4.5,0.31592261904761904,4.5,0.0,-1.0,-1.0,-1,2,-1,-1,4,0,40,str,2023-06-20 16:38:31
533,14738,39713,18,1,0,1,0,5.0,0.15801889965025556,5.0,5.0,5.0,5.0,1,1,-1,-1,5,0,13,str,2023-06-20 16:40:27
534,14738,39713,32,1,0,1,0,5.0,0.19648736037624928,5.0,5.0,5.0,5.0,1,2,-1,-1,5,0,16,str,2023-06-20 16:40:29
535,14738,39713,30,1,0,1,0,5.0,0.18064784053156144,5.0,5.0,5.0,5.0,1,3,-1,-1,5,0,9,str,2023-06-20 16:40:32
536,14651,39584,5,-1,1,0,0,4.0,0.21143043154761904,4.0,4.0,4.0,-1.0,-1,-1,-1,2,4,0,30,str,2023-06-20 15:40:08
537,14651,39584,18,-1,1,0,0,5.0,0.24272430723701913,5.0,5.0,5.0,-1.0,-1,-1,-1,3,5,0,13,str,2023-06-20 15:40:08
538,14651,39584,4,-1,1,0,0,4.0,0.21138227513227514,4.0,4.0,4.0,-1.0,-1,-1,-1,4,4,0,61,str,2023-06-20 15:40:08
539,14651,39584,32,-1,1,0,0,5.0,0.2715645208700764,5.0,5.0,5.0,-1.0,-1,-1,-1,5,5,0,16,str,2023-06-20 15:40:09
540,14651,39584,29,-1,1,0,0,3.5,0.17116641189341483,3.5,3.5,3.5,-1.0,-1,-1,-1,1,3,1,99,str,2023-06-20 15:40:14
541,14651,39734,29,-1,1,0,0,-1.0,0.0,-1.0,-1.0,-1.0,-1.0,-1,-1,-1,1,3,1,99,str,2023-06-20 16:40:31
542,14651,39734,5,-1,1,0,0,-1.0,0.0,-1.0,-1.0,-1.0,-1.0,-1,-1,-1,2,4,0,30,str,2023-06-20 16:40:33
543,14651,39734,18,-1,1,0,0,-1.0,0.0,-1.0,-1.0,-1.0,-1.0,-1,-1,-1,3,5,0,13,str,2023-06-20 16:40:34
544,14651,39734,4,-1,1,0,0,-1.0,0.0,-1.0,-1.0,-1.0,-1.0,-1,-1,-1,4,4,0,61,str,2023-06-20 16:40:36
545,14651,39734,32,-1,1,0,0,-1.0,0.0,-1.0,-1.0,-1.0,-1.0,-1,-1,-1,5,5,0,16,str,2023-06-20 16:40:38
546,14651,39734,25,-1,1,0,0,-1.0,0.0,-1.0,-1.0,-1.0,-1.0,-1,-1,-1,6,4,0,32,str,2023-06-20 16:40:40
547,14651,39734,30,-1,1,0,0,-1.0,0.0,-1.0,-1.0,-1.0,-1.0,-1,-1,-1,7,5,0,9,str,2023-06-20 16:40:41
548,14651,39741,29,-1,1,0,0,-1.0,0.0,-1.0,-1.0,-1.0,-1.0,-1,-1,-1,1,3,1,99,str,2023-06-20 16:45:15
549,14651,39741,5,-1,1,0,0,-1.0,0.0,-1.0,-1.0,-1.0,-1.0,-1,-1,-1,2,4,0,30,str,2023-06-20 16:45:15
550,14651,39741,18,-1,1,0,0,-1.0,0.0,-1.0,-1.0,-1.0,-1.0,-1,-1,-1,3,5,0,13,str,2023-06-20 16:45:18
551,14651,39741,4,-1,1,0,0,-1.0,0.0,-1.0,-1.0,-1.0,-1.0,-1,-1,-1,4,4,0,61,str,2023-06-20 16:45:21
552,14651,39741,32,-1,1,0,0,-1.0,0.0,-1.0,-1.0,-1.0,-1.0,-1,-1,-1,5,5,0,16,str,2023-06-20 16:45:21
553,14651,39748,29,-1,1,0,0,-1.0,0.0,-1.0,-1.0,-1.0,-1.0,-1,-1,-1,1,3,1,99,str,2023-06-20 16:54:32
554,14651,39748,5,-1,1,0,0,-1.0,0.0,-1.0,-1.0,-1.0,-1.0,-1,-1,-1,2,4,0,30,str,2023-06-20 16:54:32
555,14651,39748,18,-1,1,0,0,-1.0,0.0,-1.0,-1.0,-1.0,-1.0,-1,-1,-1,3,5,0,13,str,2023-06-20 16:55:03
556,14651,39748,4,-1,1,0,0,-1.0,0.0,-1.0,-1.0,-1.0,-1.0,-1,-1,-1,4,4,0,61,str,2023-06-20 16:55:03
557,14651,39748,32,-1,1,0,0,-1.0,0.0,-1.0,-1.0,-1.0,-1.0,-1,-1,-1,5,5,0,16,str,2023-06-20 16:57:07
558,14651,39748,25,-1,1,0,0,-1.0,0.0,-1.0,-1.0,-1.0,-1.0,-1,-1,-1,6,4,0,32,str,2023-06-20 16:57:07
559,14651,39788,29,-1,1,0,0,-1.0,0.0,-1.0,-1.0,-1.0,-1.0,-1,-1,-1,1,3,1,99,str,2023-06-20 17:06:46
560,14651,39788,32,-1,1,0,0,-1.0,0.0,-1.0,-1.0,-1.0,-1.0,-1,-1,-1,5,5,0,16,str,2023-06-20 17:06:47
561,14651,39788,5,-1,1,0,0,-1.0,0.0,-1.0,-1.0,-1.0,-1.0,-1,-1,-1,2,4,0,30,str,2023-06-20 17:06:47
562,14651,39788,18,-1,1,0,0,-1.0,0.0,-1.0,-1.0,-1.0,-1.0,-1,-1,-1,3,5,0,13,str,2023-06-20 17:06:47
563,14651,39788,4,-1,1,0,0,-1.0,0.0,-1.0,-1.0,-1.0,-1.0,-1,-1,-1,4,4,0,61,str,2023-06-20 17:06:47
564,14651,39788,25,-1,1,0,0,-1.0,0.0,-1.0,-1.0,-1.0,-1.0,-1,-1,-1,6,4,0,32,str,2023-06-20 17:06:47
565,14742,39779,5,-1,0,1,0,4.0,0.12112630208333333,4.0,-1.0,-1.0,-1.0,-1,16,-1,-1,4,0,30,str,2023-06-20 17:24:06
566,14742,39779,25,-1,0,1,0,4.0,0.1323941798941799,4.0,-1.0,-1.0,-1.0,-1,13,-1,-1,4,0,32,str,2023-06-20 17:24:06
567,14742,39779,4,-1,0,1,0,4.0,0.12711970899470898,4.0,-1.0,-1.0,-1.0,-1,19,-1,-1,4,0,61,str,2023-06-20 17:24:22
568,14742,39779,29,-1,0,1,0,3.5,0.09094955489614243,3.5,-1.0,-1.0,-1.0,-1,23,-1,-1,3,1,99,str,2023-06-20 17:24:22
569,14742,39928,5,-1,1,0,0,-1.0,0.0,-1.0,-1.0,-1.0,-1.0,-1,-1,-1,2,4,0,30,str,2023-06-20 18:12:25
570,14742,39928,29,-1,1,0,0,-1.0,0.0,-1.0,-1.0,-1.0,-1.0,-1,-1,-1,1,3,1,99,str,2023-06-20 18:12:25
571,14742,39928,4,-1,1,0,0,-1.0,0.0,-1.0,-1.0,-1.0,-1.0,-1,-1,-1,4,4,0,61,str,2023-06-20 18:12:41
572,14742,39928,25,-1,1,0,0,-1.0,0.0,-1.0,-1.0,-1.0,-1.0,-1,-1,-1,6,4,0,32,str,2023-06-20 18:12:57
573,14802,39866,18,-1,0,1,0,5.0,0.2020951035781544,5.0,5.0,-1.0,-1.0,-1,1,-1,-1,5,0,13,str,2023-06-20 17:50:35
574,14802,39866,32,-1,0,1,0,5.0,0.2407419542740643,5.0,5.0,-1.0,-1.0,-1,2,-1,-1,5,0,16,str,2023-06-20 17:50:35
575,14802,39866,30,-1,0,1,0,5.0,0.2650286083425618,5.0,5.0,-1.0,-1.0,-1,3,-1,-1,5,0,9,str,2023-06-20 17:50:35
576,14802,39866,30,-1,0,1,0,5.0,0.2650286083425618,5.0,5.0,-1.0,-1.0,-1,3,-1,-1,5,0,9,str,2023-06-20 17:50:41
577,14802,39866,26,-1,0,1,0,4.5,0.2564469749252357,4.5,4.5,-1.0,-1.0,-1,5,-1,-1,4,0,23,str,2023-06-20 17:50:45
578,14802,39866,24,-1,0,1,0,4.5,0.33766923436041074,4.5,4.5,-1.0,-1.0,-1,6,-1,-1,4,0,21,str,2023-06-20 17:50:46
579,14802,39866,16,-1,0,1,0,4.5,0.24194677871148465,4.5,4.5,-1.0,-1.0,-1,10,-1,-1,4,0,11,str,2023-06-20 17:50:52
580,14802,39866,3,-1,0,1,0,4.0,0.19590859332238642,4.0,4.0,-1.0,-1.0,-1,11,-1,-1,4,0,72,str,2023-06-20 17:50:54
581,14802,39866,17,-1,0,1,0,4.0,0.2990842490842491,4.0,4.0,-1.0,-1.0,-1,13,-1,-1,4,0,46,str,2023-06-20 17:51:00
582,14802,39866,5,-1,0,1,0,4.0,0.19795851934523812,4.0,4.0,-1.0,-1.0,-1,14,-1,-1,4,0,30,str,2023-06-20 17:51:02
583,14802,39866,4,-1,0,1,0,4.0,0.21511243386243387,4.0,4.0,-1.0,-1.0,-1,15,-1,-1,4,0,61,str,2023-06-20 17:51:04
584,14802,39866,6,-1,0,1,0,4.0,0.21107503607503608,4.0,4.0,-1.0,-1.0,-1,17,-1,-1,4,0,13,str,2023-06-20 17:51:08
585,14802,39866,29,-1,0,1,0,3.5,0.1660708398097122,3.5,3.5,-1.0,-1.0,-1,19,-1,-1,3,1,99,str,2023-06-20 17:51:11
586,14802,39866,27,-1,0,1,0,3.55,0.19818783068783072,3.6,3.5,-1.0,-1.0,-1,20,-1,-1,3,0,111,str,2023-06-20 17:51:20
587,14802,39866,8,-1,0,1,0,3.5,0.18999118165784828,3.5,3.5,-1.0,-1.0,-1,21,-1,-1,3,0,47,str,2023-06-20 17:51:24
588,14802,39866,9,-1,0,1,0,3.0,0.28962148962148965,3.0,3.0,-1.0,-1.0,-1,22,-1,-1,3,0,40,str,2023-06-20 17:51:30
589,14716,39346,18,-1,0,1,0,1.6666666666666667,0.14675309389292437,0.0,5.0,0.0,1.0,-1,1,-1,-1,5,0,13,str,2023-06-20 17:31:13
590,14716,39346,24,-1,0,1,0,3.0,0.26915266106442576,0.0,4.5,4.5,0.0,-1,5,-1,-1,4,0,21,str,2023-06-20 17:32:09
591,14716,39346,29,-1,0,1,0,3.5,0.1349630257642127,3.5,3.5,3.5,0.0,-1,21,-1,-1,3,1,99,str,2023-06-20 17:33:04
592,14716,39346,4,-1,0,1,0,2.6666666666666665,0.1771296296296296,0.0,4.0,4.0,0.0,-1,15,-1,-1,4,0,61,str,2023-06-20 17:33:07
593,14716,39346,7,-1,0,1,0,1.5,0.25,0.0,4.5,0.0,0.0,-1,9,-1,-1,4,0,20,str,2023-06-20 17:33:17
594,14716,39346,2,-1,0,1,0,3.0,0.17616567460317462,0.0,4.5,4.5,0.0,-1,6,-1,-1,4,0,11,str,2023-06-20 17:33:23
595,14716,39346,22,-1,0,1,0,3.0,0.21146723646723645,4.5,4.5,0.0,0.0,-1,3,-1,-1,4,0,18,str,2023-06-20 17:33:29
596,14716,39346,5,-1,1,0,0,4.0,0.17728639632936508,4.0,4.0,4.0,0.0,-1,-1,-1,2,4,0,30,str,2023-06-20 17:36:21
597,14689,39912,5,-1,0,1,0,4.0,0.25346137152777776,4.0,4.0,4.0,0.0,-1,5,-1,-1,4,0,30,str,2023-06-20 18:17:17
598,14689,39912,4,-1,0,1,0,4.0,0.25573743386243386,4.0,4.0,4.0,0.0,-1,3,-1,-1,4,0,61,str,2023-06-20 18:17:17
599,14689,39912,17,-1,0,1,0,4.0,0.33622557997558,4.0,4.0,4.0,0.0,-1,4,-1,-1,4,0,46,str,2023-06-20 18:17:18
600,14689,39912,15,-1,0,1,0,4.5,0.34561011904761907,4.5,4.5,4.5,0.0,-1,1,-1,-1,4,0,40,str,2023-06-20 18:17:18
601,14689,39912,13,-1,0,1,0,3.0,0.31139122315592904,3.0,3.0,3.0,0.0,-1,10,-1,-1,4,0,43,str,2023-06-20 18:17:22
602,14689,39912,28,-1,0,1,0,4.5,0.34182539682539687,4.5,4.5,4.5,0.0,-1,2,-1,-1,4,0,18,str,2023-06-20 18:17:27
603,14684,38572,5,-1,0,1,0,4.0,0.2476841517857143,4.0,4.0,0.0,-1.0,-1,1,-1,-1,4,0,30,str,2023-06-19 18:48:00
604,14684,38572,15,-1,0,1,0,4.5,0.2948660714285714,4.5,4.5,0.0,-1.0,-1,1,-1,-1,4,0,40,str,2023-06-19 18:52:32
605,14684,38572,28,-1,0,1,0,4.5,0.3018379281537176,4.5,4.5,0.0,-1.0,-1,2,-1,-1,4,0,18,str,2023-06-19 18:52:33
606,14684,38572,4,-1,0,1,0,4.0,0.23476521164021164,4.0,4.0,0.0,-1.0,-1,3,-1,-1,4,0,61,str,2023-06-19 18:52:33
607,14684,38572,17,-1,0,1,0,4.0,0.3106456043956044,4.0,4.0,0.0,-1.0,-1,4,-1,-1,4,0,46,str,2023-06-19 18:52:33
608,14684,38572,25,-1,0,1,0,4.0,0.26431657848324513,4.0,4.0,0.0,-1.0,-1,6,-1,-1,4,0,32,str,2023-06-19 18:52:48
609,14684,39945,5,-1,0,1,0,4.0,0.2977942088293651,4.0,4.0,-1.0,-1.0,-1,2,-1,-1,4,0,30,str,2023-06-20 18:25:37
610,14684,39945,29,-1,0,1,0,3.5,0.2379162545334652,3.5,3.5,-1.0,-1.0,-1,3,-1,-1,3,1,99,str,2023-06-20 18:25:53
611,14684,39945,8,-1,0,1,0,3.5,0.2851410934744268,3.5,3.5,-1.0,-1.0,-1,4,-1,-1,3,0,47,str,2023-06-20 18:25:54
612,14684,39945,22,-1,0,1,0,4.5,0.36957671957671967,4.5,4.5,-1.0,-1.0,-1,1,-1,-1,4,0,18,str,2023-06-20 18:25:54
613,14684,39945,5,-1,0,1,0,4.0,0.2977942088293651,4.0,4.0,-1.0,-1.0,-1,2,-1,-1,4,0,30,str,2023-06-20 18:30:17
614,14684,39971,5,-1,1,0,0,-1.0,0.0,-1.0,-1.0,-1.0,-1.0,-1,-1,-1,2,4,0,30,str,2023-06-20 18:33:14
615,14684,39971,4,-1,1,0,0,-1.0,0.0,-1.0,-1.0,-1.0,-1.0,-1,-1,-1,4,4,0,61,str,2023-06-20 18:33:21
616,14684,39971,18,-1,1,0,0,-1.0,0.0,-1.0,-1.0,-1.0,-1.0,-1,-1,-1,3,5,0,13,str,2023-06-20 18:33:24
617,14649,37584,5,0,0,1,0,4.0,0.2548812624007937,4.0,4.0,4.0,4.0,0,6,-1,-1,4,0,30,str,2023-06-19 12:18:58
618,14649,40142,5,0,0,1,0,4.0,0.21558004712301584,4.0,4.0,4.0,4.0,0,9,-1,-1,4,0,30,str,2023-06-20 20:10:10
619,14649,40142,24,0,0,1,0,4.5,0.3684348739495798,4.5,4.5,4.5,4.5,0,5,-1,-1,4,0,21,str,2023-06-20 20:11:04
620,14649,40142,18,1,0,1,0,5.0,0.2331853645412967,5.0,5.0,5.0,5.0,1,1,-1,-1,5,0,13,str,2023-06-20 20:11:17
621,14667,40243,18,-1,0,1,0,5.0,0.2101879876244283,5.0,1.0,-1.0,-1.0,-1,1,-1,-1,5,0,13,str,2023-06-20 21:31:54
622,14667,40243,32,-1,0,1,0,5.0,0.25836272780717223,5.0,1.0,-1.0,-1.0,-1,2,-1,-1,5,0,16,str,2023-06-20 21:32:35
623,14667,40243,30,-1,0,1,0,5.0,0.26756183093392394,5.0,1.0,-1.0,-1.0,-1,3,-1,-1,5,0,9,str,2023-06-20 21:32:59
624,14667,40433,5,-1,1,0,0,-1.0,0.0,-1.0,-1.0,-1.0,-1.0,-1,-1,-1,2,4,0,30,str,2023-06-20 22:31:12
625,14667,40433,29,-1,1,0,0,-1.0,0.0,-1.0,-1.0,-1.0,-1.0,-1,-1,-1,1,3,1,99,str,2023-06-20 22:31:25
626,14667,40444,5,-1,1,0,0,-1.0,0.0,-1.0,-1.0,-1.0,-1.0,-1,-1,-1,2,4,0,30,str,2023-06-20 22:34:52
627,14667,40444,29,-1,1,0,0,-1.0,0.0,-1.0,-1.0,-1.0,-1.0,-1,-1,-1,1,3,1,99,str,2023-06-20 22:34:54
628,14669,40273,29,-1,0,1,0,3.5,0.229972681456361,3.5,3.5,3.5,-1.0,-1,22,-1,-1,3,1,99,str,2023-06-20 21:44:00
629,14669,40273,32,-1,0,1,0,5.0,0.34152704291593183,5.0,5.0,5.0,-1.0,-1,2,-1,-1,5,0,16,str,2023-06-20 21:44:26
630,14718,40343,29,-1,1,0,0,-1.0,0.0,-1.0,-1.0,-1.0,-1.0,-1,-1,-1,1,3,1,99,str,2023-06-20 21:52:02
631,14718,40343,5,-1,1,0,0,-1.0,0.0,-1.0,-1.0,-1.0,-1.0,-1,-1,-1,2,4,0,30,str,2023-06-20 21:52:02
632,14718,40343,18,-1,1,0,0,-1.0,0.0,-1.0,-1.0,-1.0,-1.0,-1,-1,-1,3,5,0,13,str,2023-06-20 21:52:05
633,14674,40340,4,-1,1,0,0,4.0,0.2960813492063492,4.0,4.0,4.0,-1.0,-1,-1,-1,1,4,0,61,str,2023-06-20 21:58:22
634,14674,40340,17,-1,1,0,0,4.0,0.4016483516483516,4.0,4.0,4.0,-1.0,-1,-1,-1,2,4,0,46,str,2023-06-20 21:58:22
635,14704,40371,17,-1,0,1,0,4.0,0.2981379731379731,4.0,4.0,4.0,4.0,-1,1,-1,-1,4,0,46,str,2023-06-20 22:05:54
636,14704,40371,5,-1,0,1,0,4.0,0.21292937748015872,4.0,4.0,4.0,4.0,-1,2,-1,-1,4,0,30,str,2023-06-20 22:05:55
637,14704,40683,24,-1,0,1,0,4.5,0.31750700280112043,4.5,4.5,4.5,4.5,-1,5,-1,-1,4,0,21,str,2023-06-21 12:08:23
638,14704,40683,32,-1,0,1,0,5.0,0.24785787771898882,5.0,5.0,5.0,5.0,-1,2,-1,-1,5,0,16,str,2023-06-21 12:08:26
639,14704,40683,25,-1,0,1,0,4.0,0.24759700176366847,4.0,4.0,4.0,4.0,-1,15,-1,-1,4,0,32,str,2023-06-21 12:08:37
640,14907,39987,30,-1,0,1,0,5.0,0.37379106681432256,5.0,5.0,5.0,1.0,-1,2,-1,-1,5,0,9,str,2023-06-20 21:41:14
641,14907,39987,7,-1,0,1,0,4.5,0.3943174603174603,4.5,4.5,4.5,0.0,-1,4,-1,-1,4,0,20,str,2023-06-20 21:41:14
642,14907,39987,10,-1,0,1,0,4.5,0.382583774250441,4.5,4.5,4.5,0.0,-1,6,-1,-1,4,0,11,str,2023-06-20 21:42:47
643,14907,40368,29,-1,1,0,0,0.0,0.0,0.0,-1.0,-1.0,-1.0,-1,-1,-1,1,3,1,99,str,2023-06-20 22:00:38
644,14907,40368,17,-1,1,0,0,0.0,0.0,0.0,-1.0,-1.0,-1.0,-1,-1,-1,4,4,0,46,str,2023-06-20 22:01:04
645,14907,40368,5,-1,1,0,0,0.0,0.0,0.0,-1.0,-1.0,-1.0,-1,-1,-1,2,4,0,30,str,2023-06-20 22:05:40
646,14907,40368,4,-1,1,0,0,0.0,0.0,0.0,-1.0,-1.0,-1.0,-1,-1,-1,4,4,0,61,str,2023-06-20 22:05:42
647,14907,40368,8,-1,1,0,0,0.0,0.0,0.0,-1.0,-1.0,-1.0,-1,-1,-1,16,3,0,47,str,2023-06-20 22:06:12
648,14711,40401,22,-1,0,1,0,4.5,0.3108414733414733,4.5,4.5,0.0,-1.0,-1,4,-1,-1,4,0,18,str,2023-06-20 22:19:59
649,14715,40437,29,-1,1,0,0,0.0,0.0,0.0,-1.0,-1.0,-1.0,-1,-1,-1,25,3,1,99,str,2023-06-20 22:31:03
650,14908,40522,21,-1,1,0,0,-1.0,0.0,-1.0,-1.0,-1.0,-1.0,-1,-1,-1,31,2,0,9,str,2023-06-20 23:05:09
651,14912,40528,28,-1,1,0,0,-1.0,0.0,-1.0,-1.0,-1.0,-1.0,-1,-1,-1,19,4,0,18,str,2023-06-20 23:08:24
652,20734,40897,30,-1,0,1,0,5.0,0.0,5.0,5.0,-1.0,-1.0,-1,2,-1,-1,5,0,9,str,2023-07-11 13:40:28
653,20734,40897,22,-1,0,1,0,4.0,0.0,4.0,4.0,-1.0,-1.0,-1,3,-1,-1,4,0,18,str,2023-07-11 13:40:44
654,20734,40897,18,-1,0,1,0,5.0,0.0,5.0,5.0,-1.0,-1.0,-1,1,-1,-1,5,0,13,str,2023-07-11 13:43:41
655,20735,40899,18,-1,0,1,0,5.0,0.0,5.0,5.0,-1.0,-1.0,-1,1,-1,-1,5,0,13,str,2023-07-11 13:43:24
656,20735,40899,32,-1,0,1,0,5.0,0.0,5.0,5.0,-1.0,-1.0,-1,2,-1,-1,5,0,16,str,2023-07-11 13:43:42
657,20735,40899,26,-1,0,1,0,4.0,0.0,4.0,4.0,-1.0,-1.0,-1,5,-1,-1,4,0,23,str,2023-07-11 13:43:53
658,20735,40899,22,-1,0,1,0,4.0,0.0,4.0,4.0,-1.0,-1.0,-1,4,-1,-1,4,0,18,str,2023-07-11 13:44:26
659,20738,40910,32,-1,0,1,0,5.0,0.0,5.0,5.0,-1.0,-1.0,-1,2,-1,-1,5,0,16,str,2023-07-11 14:21:05
660,20738,40910,30,-1,0,1,0,5.0,0.0,5.0,5.0,-1.0,-1.0,-1,3,-1,-1,5,0,9,str,2023-07-11 14:21:07
661,20738,40910,22,-1,0,1,0,4.0,0.0,4.0,4.0,-1.0,-1.0,-1,4,-1,-1,4,0,18,str,2023-07-11 14:21:09
662,20738,40910,11,-1,0,1,0,4.0,0.0,4.0,4.0,-1.0,-1.0,-1,8,-1,-1,4,0,10,str,2023-07-11 14:21:37
663,20739,40911,22,-1,0,1,0,4.0,0.0,4.0,4.0,-1.0,-1.0,-1,1,-1,-1,4,0,18,str,2023-07-11 14:26:25
664,20739,40911,25,-1,0,1,0,4.0,0.0,4.0,4.0,-1.0,-1.0,-1,2,-1,-1,4,0,32,str,2023-07-11 14:26:40
665,20739,40911,5,-1,0,1,0,4.0,0.0,4.0,4.0,-1.0,-1.0,-1,3,-1,-1,4,0,30,str,2023-07-11 14:26:53
666,20789,40932,18,-1,0,1,0,5.0,0.0,5.0,5.0,-1.0,-1.0,-1,1,-1,-1,5,0,13,str,2023-07-11 15:59:10
667,20789,40932,32,-1,0,1,0,5.0,0.0,5.0,5.0,-1.0,-1.0,-1,2,-1,-1,5,0,16,str,2023-07-11 15:59:40
668,20789,40932,30,-1,0,1,0,5.0,0.0,5.0,5.0,-1.0,-1.0,-1,3,-1,-1,5,0,9,str,2023-07-11 16:00:04
669,20788,40933,18,-1,0,1,0,5.0,0.0,5.0,5.0,-1.0,-1.0,-1,1,-1,-1,5,0,13,str,2023-07-11 16:06:19
670,20788,40933,31,-1,0,1,0,4.0,0.0,4.0,4.0,-1.0,-1.0,-1,13,-1,-1,4,0,49,str,2023-07-11 16:09:17
671,20788,40933,3,-1,0,1,0,4.0,0.0,4.0,4.0,-1.0,-1.0,-1,19,-1,-1,4,0,72,str,2023-07-11 16:10:33
672,20798,40938,6,-1,0,1,0,4.0,0.0,4.0,4.0,-1.0,-1.0,-1,21,-1,-1,4,0,13,str,2023-07-11 16:33:47
673,20798,40938,5,-1,0,1,0,4.0,0.0,4.0,4.0,-1.0,-1.0,-1,15,-1,-1,4,0,30,str,2023-07-11 16:34:02
674,20798,40938,18,-1,0,1,0,5.0,0.0,5.0,5.0,-1.0,-1.0,-1,1,-1,-1,5,0,13,str,2023-07-11 16:34:21
675,20797,40939,18,-1,0,1,0,5.0,0.0,5.0,5.0,-1.0,-1.0,-1,1,-1,-1,5,0,13,str,2023-07-11 16:38:20
676,20797,40939,32,-1,0,1,0,5.0,0.0,5.0,5.0,-1.0,-1.0,-1,2,-1,-1,5,0,16,str,2023-07-11 16:39:18
