,Unnamed: 0,user_id,group_id,rest_id,avialble_rest,sort_pop,sort_fit,sort_sim,fit_score,sim_score,c1_fit,c2_fit,c3_fit,c4_fit,c5_fit,fit_rank,sim_rank,pop_rank,tip,category,dish,price,time
0,0,14720,36883,29,7,0,0,1,3.5,0.2558177437641723,3.5,3.5,3.5,3.5,0,-1,26,-1,3,10,99,str,2023-06-15 23:47:20
1,1,14720,36883,1,7,0,0,1,1.0,0.3789115646258503,4.0,0.0,0.0,0.0,0,-1,1,-1,4,4,6,str,2023-06-15 23:49:58
2,2,14720,36951,18,24,0,1,0,5.0,0.2230665315771698,5.0,5.0,5.0,5.0,1,1,-1,-1,5,6,13,str,2023-06-16 11:12:05
3,3,14748,37199,29,11,0,0,1,3.5,0.2076091564222127,3.5,3.5,3.5,3.5,-1,-1,1,-1,3,10,99,str,2023-06-16 15:40:56
4,4,14748,37199,28,11,0,0,1,4.5,0.2903508771929824,4.5,4.5,4.5,4.5,-1,-1,2,-1,4,1,18,str,2023-06-16 15:41:36
5,5,14750,39377,5,0,1,0,0,-1.0,0.0,-1.0,-1.0,-1.0,-1.0,-1,-1,-1,2,4,8,30,str,2023-06-20 12:28:09
6,6,14801,37282,18,24,0,1,0,5.0,0.2964403416733925,5.0,5.0,1.0,-1.0,-1,1,-1,-1,5,6,13,str,2023-06-18 11:20:32
7,7,14801,37282,30,24,0,1,0,5.0,0.3866555924695459,5.0,5.0,1.0,-1.0,-1,2,-1,-1,5,5,9,str,2023-06-18 11:20:43
8,8,14801,37282,26,24,0,1,0,4.5,0.3847538532321141,4.5,4.5,0.0,-1.0,-1,3,-1,-1,4,6,23,str,2023-06-18 11:20:50
9,9,14801,37282,7,24,0,1,0,4.5,0.4125610500610501,4.5,4.5,0.0,-1.0,-1,4,-1,-1,4,4,20,str,2023-06-18 11:21:07
10,10,14801,37282,18,24,0,1,0,5.0,0.2964403416733925,5.0,5.0,1.0,-1.0,-1,1,-1,-1,5,6,13,str,2023-06-18 11:21:50
11,11,14801,37282,30,24,0,1,0,5.0,0.3866555924695459,5.0,5.0,1.0,-1.0,-1,2,-1,-1,5,5,9,str,2023-06-18 11:22:23
12,12,14801,37282,10,24,0,1,0,4.5,0.3786131996658312,4.5,4.5,0.0,-1.0,-1,5,-1,-1,4,4,11,str,2023-06-18 11:22:33
13,13,14801,37282,32,24,0,1,0,5.0,0.3485743680188125,5.0,5.0,1.0,-1.0,-1,2,-1,-1,5,5,16,str,2023-06-18 11:23:11
14,14,14801,37282,29,24,0,1,0,3.5,0.2538194444444444,3.5,3.5,0.0,-1.0,-1,4,-1,-1,3,10,99,str,2023-06-18 11:23:34
15,15,14801,37282,22,24,0,1,0,4.5,0.3856990231990232,4.5,4.5,0.0,-1.0,-1,5,-1,-1,4,7,18,str,2023-06-18 11:23:50
16,16,14801,37282,5,24,0,1,0,4.0,0.3126860119047618,4.0,4.0,0.0,-1.0,-1,15,-1,-1,4,8,30,str,2023-06-18 11:24:18
17,17,14801,37282,6,24,0,1,0,4.0,0.3679089026915114,4.0,4.0,0.0,-1.0,-1,19,-1,-1,4,5,13,str,2023-06-18 11:24:45
18,18,14671,37284,18,27,0,1,0,5.0,0.164275625504439,5.0,5.0,1.0,-1.0,-1,1,-1,-1,5,6,13,str,2023-06-18 11:32:23
19,19,14671,37284,32,27,0,1,0,5.0,0.1956858890345129,5.0,5.0,1.0,-1.0,-1,2,-1,-1,5,5,16,str,2023-06-18 11:33:47
20,20,14671,37284,30,27,0,1,0,5.0,0.176610372831303,5.0,5.0,1.0,-1.0,-1,3,-1,-1,5,5,9,str,2023-06-18 11:33:59
21,21,14671,37284,22,27,0,1,0,4.5,0.1706349206349206,4.5,4.5,0.0,-1.0,-1,5,-1,-1,4,7,18,str,2023-06-18 11:34:10
22,22,14671,37284,16,27,0,1,0,4.5,0.2125661375661375,4.5,4.5,0.0,-1.0,-1,12,-1,-1,4,4,11,str,2023-06-18 11:34:26
23,23,14671,37284,5,27,0,1,0,4.0,0.1456333705357143,4.0,4.0,0.0,-1.0,-1,15,-1,-1,4,8,30,str,2023-06-18 11:34:38
24,24,14671,37284,27,27,0,1,0,3.5,0.1429232804232804,3.5,3.5,0.0,-1.0,-1,24,-1,-1,3,8,111,str,2023-06-18 11:34:58
25,25,14671,37284,2,27,0,1,0,4.5,0.1849206349206349,4.5,4.5,0.0,-1.0,-1,8,-1,-1,4,6,11,str,2023-06-18 11:35:46
26,26,14671,37284,24,27,0,1,0,4.5,0.2655946458185264,4.5,4.5,0.0,-1.0,-1,6,-1,-1,4,6,21,str,2023-06-18 11:36:05
27,27,14671,37284,26,27,0,1,0,4.5,0.2710084033613445,4.5,4.5,0.0,-1.0,-1,7,-1,-1,4,6,23,str,2023-06-18 11:36:19
28,28,14660,37315,18,27,0,1,0,5.0,0.2883029381965552,5.0,5.0,5.0,-1.0,-1,1,-1,-1,5,6,13,str,2023-06-18 20:49:20
29,29,14660,37315,22,27,0,1,0,4.5,0.3861670736670737,4.5,4.5,4.5,-1.0,-1,5,-1,-1,4,7,18,str,2023-06-18 20:49:42
30,30,14660,37315,18,27,0,1,0,5.0,0.2883029381965552,5.0,5.0,5.0,-1.0,-1,1,-1,-1,5,6,13,str,2023-06-18 20:49:57
31,31,14660,37315,29,27,0,1,0,3.5,0.2484528533635676,3.5,3.5,3.5,-1.0,-1,1,-1,-1,3,10,99,str,2023-06-18 20:50:17
32,32,14660,37315,5,27,0,1,0,4.0,0.3123310391865079,4.0,4.0,4.0,-1.0,-1,3,-1,-1,4,8,30,str,2023-06-18 20:51:20
33,33,14749,37358,29,11,0,1,0,3.5,0.2299130763416478,3.5,3.5,3.5,0.0,-1,1,-1,-1,3,10,99,str,2023-06-19 09:10:49
34,34,14749,37358,22,11,0,1,0,4.5,0.335271078128221,4.5,4.5,4.5,0.0,-1,2,-1,-1,4,7,18,str,2023-06-19 09:11:04
35,35,14909,37363,22,4,0,1,0,4.5,0.2736394557823129,4.5,4.5,0.0,-1.0,-1,1,-1,-1,4,7,18,str,2023-06-19 09:22:23
36,36,14909,37363,5,4,0,1,0,4.0,0.2221121651785714,4.0,4.0,0.0,-1.0,-1,2,-1,-1,4,8,30,str,2023-06-19 09:22:36
37,37,14906,37388,5,26,0,1,0,2.6666666666666665,0.1845284598214285,4.0,4.0,0.0,0.0,-1,2,-1,-1,4,8,30,str,2023-06-19 11:11:39
38,38,14702,37411,21,0,1,0,0,0.0,0.0,0.0,-1.0,-1.0,-1.0,-1,-1,-1,19,2,5,9,str,2023-06-19 11:29:54
39,39,14641,37484,32,27,0,1,0,5.0,0.2583627278071722,5.0,5.0,1.0,-1.0,-1,2,-1,-1,5,5,16,str,2023-06-19 11:48:24
40,40,14782,36898,4,31,0,1,0,4.0,0.2938636363636363,4.0,4.0,4.0,4.0,0,4,-1,-1,4,5,61,str,2023-06-16 08:52:20
41,41,14781,37340,25,22,0,1,0,0.0,0.0,0.0,0.0,0.0,0.0,-1,2,-1,-1,4,8,32,str,2023-06-19 07:58:22
42,42,14781,37570,26,28,0,1,0,4.5,0.4128618113912231,4.5,4.5,4.5,4.5,-1,1,-1,-1,4,6,23,str,2023-06-19 12:15:30
43,43,14781,37570,26,28,0,1,0,4.5,0.4128618113912231,4.5,4.5,4.5,4.5,-1,1,-1,-1,4,6,23,str,2023-06-19 12:15:45
44,44,14781,37570,24,28,0,1,0,4.5,0.491612554112554,4.5,4.5,4.5,4.5,-1,2,-1,-1,4,6,21,str,2023-06-19 12:16:00
45,45,14781,37570,10,28,0,1,0,4.5,0.4027116402116402,4.5,4.5,4.5,4.5,-1,4,-1,-1,4,4,11,str,2023-06-19 12:16:10
46,46,14911,37619,29,0,1,0,0,3.5,0.2223140690499741,3.5,3.5,-1.0,-1.0,-1,-1,-1,1,3,10,99,str,2023-06-19 12:25:45
47,47,14809,37909,23,27,0,1,0,4.0,0.3705627705627705,4.0,4.0,4.0,4.0,0,1,-1,-1,4,7,34,str,2023-06-19 13:21:28
48,48,14809,37909,18,27,0,1,0,3.75,0.2640049098735539,5.0,0.0,5.0,5.0,1,2,-1,-1,5,6,13,str,2023-06-19 13:21:53
49,49,14809,37909,23,27,0,1,0,4.0,0.3705627705627705,4.0,4.0,4.0,4.0,0,1,-1,-1,4,7,34,str,2023-06-19 13:21:59
50,50,14809,37909,23,27,0,1,0,4.0,0.3705627705627705,4.0,4.0,4.0,4.0,0,1,-1,-1,4,7,34,str,2023-06-19 13:22:17
51,51,14809,37909,18,27,0,1,0,3.75,0.2640049098735539,5.0,0.0,5.0,5.0,1,2,-1,-1,5,6,13,str,2023-06-19 13:22:22
52,52,14809,37909,32,27,0,1,0,3.75,0.3223496432212028,5.0,0.0,5.0,5.0,1,3,-1,-1,5,5,16,str,2023-06-19 13:22:42
53,53,14706,37875,18,24,0,1,0,5.0,0.1987774400540358,5.0,5.0,5.0,1.0,1,1,-1,-1,5,6,13,str,2023-06-19 13:24:19
54,54,14706,37875,32,24,0,1,0,5.0,0.2543283362727807,5.0,5.0,5.0,1.0,1,2,-1,-1,5,5,16,str,2023-06-19 13:25:09
55,55,14706,37875,18,24,0,1,0,5.0,0.1987774400540358,5.0,5.0,5.0,1.0,1,1,-1,-1,5,6,13,str,2023-06-19 13:25:35
56,56,14706,37875,30,24,0,1,0,5.0,0.2502054154995331,5.0,5.0,5.0,1.0,1,3,-1,-1,5,5,9,str,2023-06-19 13:26:19
57,57,14706,37875,22,24,0,1,0,4.5,0.2392450142450142,4.5,4.5,4.5,0.0,0,4,-1,-1,4,7,18,str,2023-06-19 13:26:25
58,58,14706,37875,22,24,0,1,0,4.5,0.2392450142450142,4.5,4.5,4.5,0.0,0,4,-1,-1,4,7,18,str,2023-06-19 13:26:35
59,59,14706,37875,24,24,0,1,0,4.5,0.2792347784885098,4.5,4.5,4.5,0.0,0,5,-1,-1,4,6,21,str,2023-06-19 13:27:09
60,60,14706,37875,26,24,0,1,0,4.5,0.3075684380032205,4.5,4.5,4.5,0.0,0,6,-1,-1,4,6,23,str,2023-06-19 13:27:33
61,61,14717,38122,5,11,0,1,0,0.0,0.0,0.0,0.0,0.0,0.0,-1,6,-1,-1,4,8,30,str,2023-06-19 14:02:37
62,62,14717,38122,22,11,0,1,0,0.0,0.0,0.0,0.0,0.0,0.0,-1,1,-1,-1,4,7,18,str,2023-06-19 14:03:12
63,63,14780,38088,18,31,1,0,0,-1.0,0.0,-1.0,-1.0,-1.0,-1.0,-1,-1,-1,2,5,6,13,str,2023-06-19 13:57:01
64,64,14758,38154,18,0,1,0,0,2.5,0.1441485068603712,5.0,0.0,-1.0,-1.0,-1,-1,-1,2,5,6,13,str,2023-06-19 14:03:56
65,65,14758,38154,26,28,0,1,0,4.5,0.1973564425770308,4.5,4.5,0.0,-1.0,-1,2,-1,-1,4,6,23,str,2023-06-19 14:15:01
66,66,14758,38154,24,28,0,1,0,4.5,0.2284030784030783,4.5,4.5,0.0,-1.0,-1,1,-1,-1,4,6,21,str,2023-06-19 14:15:11
67,67,14708,37885,18,24,0,1,0,3.75,0.282644376899696,0.0,5.0,5.0,5.0,1,1,-1,-1,5,6,13,str,2023-06-19 13:14:07
68,68,14708,37885,32,24,0,1,0,3.75,0.3490520282186949,0.0,5.0,5.0,5.0,1,2,-1,-1,5,5,16,str,2023-06-19 13:14:36
69,69,14708,37885,11,24,0,1,0,3.375,0.3717261904761905,0.0,4.5,4.5,4.5,0,7,-1,-1,4,6,10,str,2023-06-19 13:17:33
70,70,14708,37885,30,24,0,1,0,3.75,0.3810861941675896,0.0,5.0,5.0,5.0,1,3,-1,-1,5,5,9,str,2023-06-19 13:18:06
71,71,14708,37885,18,24,0,1,0,3.75,0.282644376899696,0.0,5.0,5.0,5.0,1,1,-1,-1,5,6,13,str,2023-06-19 13:20:27
72,72,14708,37885,32,24,0,1,0,3.75,0.3490520282186949,0.0,5.0,5.0,5.0,1,2,-1,-1,5,5,16,str,2023-06-19 13:20:27
73,73,14708,37885,30,24,0,1,0,3.75,0.3810861941675896,0.0,5.0,5.0,5.0,1,3,-1,-1,5,5,9,str,2023-06-19 13:20:30
74,74,14708,37885,22,24,0,1,0,4.5,0.4034188034188034,4.5,4.5,4.5,4.5,0,4,-1,-1,4,7,18,str,2023-06-19 13:20:51
75,75,14708,37885,29,24,1,0,0,3.5,0.2558177437641723,3.5,3.5,3.5,3.5,0,-1,-1,1,3,10,99,str,2023-06-19 13:20:53
76,76,14708,37885,29,24,1,0,0,3.5,0.2558177437641723,3.5,3.5,3.5,3.5,0,-1,-1,1,3,10,99,str,2023-06-19 13:21:31
77,77,14708,38134,18,24,0,1,0,1.0,0.0,1.0,1.0,1.0,1.0,1,1,-1,-1,5,6,13,str,2023-06-19 14:04:30
78,78,14708,38134,32,24,0,1,0,1.0,0.0,1.0,1.0,1.0,1.0,1,2,-1,-1,5,5,16,str,2023-06-19 14:05:07
79,79,14708,38134,29,24,1,0,0,0.0,0.0,0.0,0.0,0.0,0.0,0,-1,-1,1,3,10,99,str,2023-06-19 14:06:36
80,80,14708,38134,5,24,1,0,0,0.0,0.0,0.0,0.0,0.0,0.0,0,-1,-1,3,4,8,30,str,2023-06-19 14:06:39
81,81,14708,38134,4,24,1,0,0,0.0,0.0,0.0,0.0,0.0,0.0,0,-1,-1,4,4,5,61,str,2023-06-19 14:06:45
82,82,14708,38134,30,24,0,1,0,1.0,0.0,1.0,1.0,1.0,1.0,1,3,-1,-1,5,5,9,str,2023-06-19 14:06:45
83,83,14708,38185,18,24,0,1,0,5.0,0.282644376899696,5.0,5.0,5.0,5.0,1,1,-1,-1,5,6,13,str,2023-06-19 14:29:25
84,84,14708,38185,32,24,0,1,0,5.0,0.3490520282186949,5.0,5.0,5.0,5.0,1,2,-1,-1,5,5,16,str,2023-06-19 14:29:49
85,85,14708,38185,30,24,0,1,0,5.0,0.3738048552754435,5.0,5.0,5.0,5.0,1,3,-1,-1,5,5,9,str,2023-06-19 14:29:55
86,86,14708,38185,29,24,1,0,0,3.5,0.2558177437641723,3.5,3.5,3.5,3.5,0,-1,-1,1,3,10,99,str,2023-06-19 14:30:14
87,87,14708,38185,5,24,1,0,0,4.0,0.3184136284722222,4.0,4.0,4.0,4.0,0,-1,-1,3,4,8,30,str,2023-06-19 14:30:33
88,88,14676,38198,30,30,0,1,0,1.0,0.0,1.0,-1.0,-1.0,-1.0,-1,3,-1,-1,5,5,9,str,2023-06-19 14:31:51
89,89,14698,37661,29,0,1,0,0,0.0,0.0,0.0,-1.0,-1.0,-1.0,-1,-1,-1,1,3,10,99,str,2023-06-19 12:34:57
90,90,14698,38121,5,0,1,0,0,-1.0,0.0,-1.0,-1.0,-1.0,-1.0,-1,-1,-1,3,4,8,30,str,2023-06-19 13:53:32
91,91,14784,38358,18,28,0,1,0,5.0,0.2756028368794326,5.0,1.0,-1.0,-1.0,-1,1,-1,-1,5,6,13,str,2023-06-19 15:17:30
92,92,14784,38358,32,28,0,1,0,5.0,0.3445950911228689,5.0,1.0,-1.0,-1.0,-1,2,-1,-1,5,5,16,str,2023-06-19 15:17:46
93,93,14784,38358,30,28,0,1,0,5.0,0.34062558356676,5.0,1.0,-1.0,-1.0,-1,3,-1,-1,5,5,9,str,2023-06-19 15:17:58
94,94,14784,38358,22,28,0,1,0,4.5,0.3321174196174196,4.5,0.0,-1.0,-1.0,-1,4,-1,-1,4,7,18,str,2023-06-19 15:18:13
95,95,14784,38358,22,28,0,1,0,4.5,0.3321174196174196,4.5,0.0,-1.0,-1.0,-1,4,-1,-1,4,7,18,str,2023-06-19 15:18:21
96,96,14784,38358,30,28,0,1,0,5.0,0.34062558356676,5.0,1.0,-1.0,-1.0,-1,2,-1,-1,5,5,9,str,2023-06-19 15:20:26
97,97,14784,38358,26,28,0,1,0,4.5,0.3938492063492063,4.5,0.0,-1.0,-1.0,-1,3,-1,-1,4,6,23,str,2023-06-19 15:20:45
98,98,14784,38358,31,28,0,1,0,4.5,0.1746031746031746,4.5,0.0,-1.0,-1.0,-1,7,-1,-1,4,3,49,str,2023-06-19 15:21:04
99,99,14784,38358,1,28,0,1,0,4.0,0.3789115646258503,4.0,0.0,-1.0,-1.0,-1,9,-1,-1,4,4,6,str,2023-06-19 15:21:09
100,100,14661,38384,5,0,0,1,0,0.0,0.0,0.0,-1.0,-1.0,-1.0,-1,2,-1,-1,4,8,30,str,2023-06-19 15:40:16
101,101,14661,38384,22,0,0,1,0,0.0,0.0,0.0,-1.0,-1.0,-1.0,-1,1,-1,-1,4,7,18,str,2023-06-19 15:40:16
102,102,14655,38209,22,11,0,1,0,4.5,0.3354344729344728,4.5,4.5,0.0,-1.0,-1,1,-1,-1,4,7,18,str,2023-06-19 14:43:01
103,103,14655,38209,5,11,0,1,0,4.0,0.2605830399604719,4.0,4.0,0.0,-1.0,-1,2,-1,-1,4,8,30,str,2023-06-19 14:43:11
104,104,14655,38209,17,11,0,1,0,4.0,0.3196886446886446,4.0,4.0,0.0,-1.0,-1,3,-1,-1,4,7,46,str,2023-06-19 14:43:18
105,105,14655,38209,25,11,0,1,0,4.0,0.2674118165784832,4.0,4.0,0.0,-1.0,-1,4,-1,-1,4,8,32,str,2023-06-19 14:43:32
106,106,14655,38209,4,11,0,1,0,4.0,0.2501917989417989,4.0,4.0,0.0,-1.0,-1,5,-1,-1,4,5,61,str,2023-06-19 14:43:51
107,107,14655,38209,23,11,0,1,0,4.0,0.3949074074074073,4.0,4.0,0.0,-1.0,-1,6,-1,-1,4,7,34,str,2023-06-19 14:44:49
108,108,14655,38209,17,11,0,1,0,4.0,0.3196886446886446,4.0,4.0,0.0,-1.0,-1,1,-1,-1,4,7,46,str,2023-06-19 14:46:03
109,109,14655,38209,18,25,0,1,0,5.0,0.2076477541371158,5.0,5.0,1.0,-1.0,-1,1,-1,-1,5,6,13,str,2023-06-19 14:52:28
110,110,14655,38209,30,25,0,1,0,5.0,0.2837486157253598,5.0,5.0,1.0,-1.0,-1,2,-1,-1,5,5,9,str,2023-06-19 14:52:55
111,111,14655,38209,26,25,0,1,0,4.5,0.271687370600414,4.5,4.5,0.0,-1.0,-1,3,-1,-1,4,6,23,str,2023-06-19 14:53:08
112,112,14655,38209,7,25,0,1,0,4.5,0.2950702075702076,4.5,4.5,0.0,-1.0,-1,4,-1,-1,4,4,20,str,2023-06-19 14:53:28
113,113,14655,38209,16,25,0,1,0,4.5,0.3116402116402116,4.5,4.5,0.0,-1.0,-1,5,-1,-1,4,4,11,str,2023-06-19 14:53:49
114,114,14655,38209,10,25,0,1,0,4.5,0.270843776106934,4.5,4.5,0.0,-1.0,-1,6,-1,-1,4,4,11,str,2023-06-19 14:53:54
115,115,14655,38389,18,30,0,1,0,5.0,0.1581063357546408,5.0,5.0,1.0,-1.0,-1,1,-1,-1,5,6,13,str,2023-06-19 15:32:50
116,116,14655,38389,32,30,0,1,0,5.0,0.1874485596707819,5.0,5.0,1.0,-1.0,-1,2,-1,-1,5,5,16,str,2023-06-19 15:32:51
117,117,14655,38389,18,30,0,1,0,5.0,0.1581063357546408,5.0,5.0,1.0,-1.0,-1,1,-1,-1,5,6,13,str,2023-06-19 15:33:11
118,118,14655,38405,16,24,0,1,0,4.5,0.2857142857142857,4.5,4.5,0.0,-1.0,-1,11,-1,-1,4,4,11,str,2023-06-19 15:41:48
119,119,14659,38397,29,0,1,0,0,3.5,0.2512802343159486,3.5,3.5,3.5,-1.0,-1,-1,-1,1,3,10,99,str,2023-06-19 15:36:37
120,120,14806,38415,18,24,0,1,0,5.0,0.2640049098735539,5.0,5.0,5.0,1.0,-1,1,-1,-1,5,6,13,str,2023-06-19 16:04:08
121,121,14806,38415,18,24,0,1,0,5.0,0.2640049098735539,5.0,5.0,5.0,1.0,-1,1,-1,-1,5,6,13,str,2023-06-19 16:04:41
122,122,14806,38415,32,24,0,1,0,5.0,0.3223496432212028,5.0,5.0,5.0,1.0,-1,2,-1,-1,5,5,16,str,2023-06-19 16:05:12
123,123,14806,38415,30,24,0,1,0,5.0,0.3549234034699151,5.0,5.0,5.0,1.0,-1,3,-1,-1,5,5,9,str,2023-06-19 16:05:24
124,124,14806,38415,30,24,0,1,0,5.0,0.3549234034699151,5.0,5.0,5.0,1.0,-1,3,-1,-1,5,5,9,str,2023-06-19 16:05:36
125,125,14806,38415,22,24,0,1,0,4.5,0.3856939356939358,4.5,4.5,4.5,0.0,-1,4,-1,-1,4,7,18,str,2023-06-19 16:05:45
126,126,14806,38415,22,24,0,1,0,4.5,0.3856939356939358,4.5,4.5,4.5,0.0,-1,4,-1,-1,4,7,18,str,2023-06-19 16:06:05
127,127,14806,38415,26,24,0,1,0,4.5,0.3488036881419235,4.5,4.5,4.5,0.0,-1,5,-1,-1,4,6,23,str,2023-06-19 16:06:28
128,128,14806,38415,24,24,0,1,0,4.5,0.4017135642135642,4.5,4.5,4.5,0.0,-1,1,-1,-1,4,6,21,str,2023-06-19 16:07:20
129,129,14806,38415,6,24,0,1,0,4.0,0.3345238095238095,4.0,4.0,4.0,0.0,-1,4,-1,-1,4,5,13,str,2023-06-19 16:07:35
130,130,14806,38415,29,24,0,1,0,3.5,0.2472588340891912,3.5,3.5,3.5,0.0,-1,5,-1,-1,3,10,99,str,2023-06-19 16:07:57
131,131,14806,38415,22,24,0,1,0,4.5,0.3856939356939358,4.5,4.5,4.5,0.0,-1,2,-1,-1,4,7,18,str,2023-06-19 16:08:46
132,132,14806,38415,17,24,0,1,0,4.0,0.3958638583638584,4.0,4.0,4.0,0.0,-1,7,-1,-1,4,7,46,str,2023-06-19 16:09:22
133,133,14806,38415,18,24,0,1,0,5.0,0.2640049098735539,5.0,5.0,5.0,1.0,-1,1,-1,-1,5,6,13,str,2023-06-19 16:09:33
134,134,14806,38415,30,24,0,1,0,5.0,0.3549234034699151,5.0,5.0,5.0,1.0,-1,2,-1,-1,5,5,9,str,2023-06-19 16:09:44
135,135,14806,38415,26,24,0,1,0,4.5,0.3488036881419235,4.5,4.5,4.5,0.0,-1,3,-1,-1,4,6,23,str,2023-06-19 16:09:56
136,136,14806,38415,7,24,0,1,0,4.5,0.3723650793650793,4.5,4.5,4.5,0.0,-1,4,-1,-1,4,4,20,str,2023-06-19 16:10:15
137,137,14806,38415,10,24,0,1,0,4.5,0.3860275689223057,4.5,4.5,4.5,0.0,-1,5,-1,-1,4,4,11,str,2023-06-19 16:10:30
138,138,14806,38415,16,24,0,1,0,4.5,0.4068783068783068,4.5,4.5,4.5,0.0,-1,6,-1,-1,4,4,11,str,2023-06-19 16:10:43
139,139,14806,38415,17,24,0,1,0,4.0,0.3958638583638584,4.0,4.0,4.0,0.0,-1,7,-1,-1,4,7,46,str,2023-06-19 16:10:53
140,140,14695,38443,32,27,0,1,0,5.0,0.2581112567351099,5.0,-1.0,-1.0,-1.0,-1,1,-1,-1,5,5,16,str,2023-06-19 16:17:43
141,141,14695,38443,22,27,0,1,0,4.5,0.2392450142450142,4.5,-1.0,-1.0,-1.0,-1,2,-1,-1,4,7,18,str,2023-06-19 16:17:49
142,142,14695,38443,11,27,0,1,0,4.5,0.2797619047619047,4.5,-1.0,-1.0,-1.0,-1,3,-1,-1,4,6,10,str,2023-06-19 16:18:45
143,143,14695,38443,11,27,0,1,0,4.5,0.2797619047619047,4.5,-1.0,-1.0,-1.0,-1,3,-1,-1,4,6,10,str,2023-06-19 16:18:51
144,144,14695,38443,2,27,0,1,0,4.5,0.1792250233426704,4.5,-1.0,-1.0,-1.0,-1,5,-1,-1,4,6,11,str,2023-06-19 16:19:48
145,145,14695,38443,18,27,0,1,0,5.0,0.2007600215227334,5.0,-1.0,-1.0,-1.0,-1,1,-1,-1,5,6,13,str,2023-06-19 16:21:59
146,146,14695,38443,30,27,0,1,0,5.0,0.255047988187523,5.0,-1.0,-1.0,-1.0,-1,2,-1,-1,5,5,9,str,2023-06-19 16:22:19
147,147,14695,38443,7,27,0,1,0,4.5,0.3052197802197802,4.5,-1.0,-1.0,-1.0,-1,4,-1,-1,4,4,20,str,2023-06-19 16:23:41
148,148,14695,38443,7,27,0,1,0,4.5,0.3052197802197802,4.5,-1.0,-1.0,-1.0,-1,4,-1,-1,4,4,20,str,2023-06-19 16:23:52
149,149,14695,38443,10,27,0,1,0,4.5,0.2871693121693121,4.5,-1.0,-1.0,-1.0,-1,5,-1,-1,4,4,11,str,2023-06-19 16:23:52
150,150,14695,38443,1,27,0,1,0,4.0,0.2023809523809523,4.0,-1.0,-1.0,-1.0,-1,8,-1,-1,4,4,6,str,2023-06-19 16:25:26
151,151,14695,38443,17,27,0,1,0,4.0,0.2366147741147741,4.0,-1.0,-1.0,-1.0,-1,7,-1,-1,4,7,46,str,2023-06-19 16:25:41
152,152,14695,38443,26,27,0,1,0,4.5,0.2973856209150327,4.5,-1.0,-1.0,-1.0,-1,3,-1,-1,4,6,23,str,2023-06-19 16:26:03
153,153,14695,38443,16,27,0,1,0,4.5,0.3019607843137254,4.5,-1.0,-1.0,-1.0,-1,6,-1,-1,4,4,11,str,2023-06-19 16:27:40
154,154,14648,38487,18,31,0,1,0,5.0,0.2935717648641378,5.0,5.0,5.0,5.0,1,1,-1,-1,5,6,13,str,2023-06-19 17:02:12
155,155,14648,38504,5,31,0,1,0,4.0,0.2041558159722222,4.0,4.0,4.0,4.0,0,15,-1,-1,4,8,30,str,2023-06-19 17:17:45
156,156,14648,38882,4,0,1,0,0,-1.0,0.0,-1.0,-1.0,-1.0,-1.0,-1,-1,-1,4,4,5,61,str,2023-06-19 22:30:51
157,157,14650,38562,29,24,0,1,0,3.5,0.2134343648438604,3.5,3.5,3.5,0.0,0,16,-1,-1,3,10,99,str,2023-06-19 18:42:38
158,158,14650,40015,7,24,0,1,0,4.5,0.3322191697191697,4.5,4.5,4.5,4.5,0,9,-1,-1,4,4,20,str,2023-06-20 19:08:26
159,159,14693,38554,26,23,0,1,0,4.5,0.3220938375350139,4.5,4.5,4.5,4.5,-1,5,-1,-1,4,6,23,str,2023-06-19 18:31:34
160,160,14693,38554,18,23,0,1,0,5.0,0.2290239783856805,5.0,5.0,5.0,5.0,-1,1,-1,-1,5,6,13,str,2023-06-19 18:31:45
161,161,14693,38554,11,23,0,1,0,4.5,0.2561755952380952,4.5,4.5,4.5,4.5,-1,7,-1,-1,4,6,10,str,2023-06-19 18:32:07
162,162,14693,38554,32,23,0,1,0,5.0,0.2849537037037037,5.0,5.0,5.0,5.0,-1,2,-1,-1,5,5,16,str,2023-06-19 18:32:40
163,163,14693,38554,26,23,0,1,0,4.5,0.3220938375350139,4.5,4.5,4.5,4.5,-1,5,-1,-1,4,6,23,str,2023-06-19 18:32:52
164,164,14693,38554,24,23,0,1,0,4.5,0.3530443022980336,4.5,4.5,4.5,4.5,-1,6,-1,-1,4,6,21,str,2023-06-19 18:33:09
165,165,14693,38554,7,23,0,1,0,4.5,0.3873626373626374,4.5,4.5,4.5,4.5,-1,9,-1,-1,4,4,20,str,2023-06-19 18:33:21
166,166,14693,38554,10,23,0,1,0,4.5,0.3368421052631579,4.5,4.5,4.5,4.5,-1,10,-1,-1,4,4,11,str,2023-06-19 18:33:30
167,167,14693,38554,16,23,0,1,0,4.5,0.3374338624338624,4.5,4.5,4.5,4.5,-1,11,-1,-1,4,4,11,str,2023-06-19 18:33:39
168,168,14693,38554,5,23,0,1,0,4.0,0.2320963541666666,4.0,4.0,4.0,4.0,-1,13,-1,-1,4,8,30,str,2023-06-19 18:33:53
169,169,14693,38554,4,23,0,1,0,4.0,0.223422619047619,4.0,4.0,4.0,4.0,-1,17,-1,-1,4,5,61,str,2023-06-19 18:34:15
170,170,14693,38554,6,23,0,1,0,4.0,0.2832298136645962,4.0,4.0,4.0,4.0,-1,18,-1,-1,4,5,13,str,2023-06-19 18:34:48
171,171,14693,38570,18,22,0,1,0,5.0,0.274660587639311,5.0,5.0,5.0,5.0,-1,1,-1,-1,5,6,13,str,2023-06-19 18:45:56
172,172,14693,38570,32,22,0,1,0,5.0,0.311198485510412,5.0,5.0,5.0,5.0,-1,2,-1,-1,5,5,16,str,2023-06-19 18:46:09
173,173,14693,38570,30,22,0,1,0,5.0,0.3571244001476559,5.0,5.0,5.0,5.0,-1,3,-1,-1,5,5,9,str,2023-06-19 18:46:12
174,174,14693,38570,22,22,0,1,0,4.5,0.3049297924297923,4.5,4.5,4.5,4.5,-1,4,-1,-1,4,7,18,str,2023-06-19 18:46:19
175,175,14693,38570,26,22,0,1,0,4.5,0.3756477591036414,4.5,4.5,4.5,4.5,-1,5,-1,-1,4,6,23,str,2023-06-19 18:46:25
176,176,14693,38570,24,22,0,1,0,4.5,0.4429232804232805,4.5,4.5,4.5,4.5,-1,6,-1,-1,4,6,21,str,2023-06-19 18:46:53
177,177,14693,38570,24,22,0,1,0,4.5,0.4429232804232805,4.5,4.5,4.5,4.5,-1,6,-1,-1,4,6,21,str,2023-06-19 18:46:53
178,178,14693,38570,11,22,0,1,0,4.5,0.363219246031746,4.5,4.5,4.5,4.5,-1,7,-1,-1,4,6,10,str,2023-06-19 18:47:12
179,179,14693,38570,16,22,0,1,0,4.5,0.331547619047619,4.5,4.5,4.5,4.5,-1,10,-1,-1,4,4,11,str,2023-06-19 18:47:33
180,180,14693,38570,5,22,0,1,0,4.0,0.2606553819444444,4.0,4.0,4.0,4.0,-1,12,-1,-1,4,8,30,str,2023-06-19 18:47:33
181,181,14693,38570,17,22,0,1,0,4.0,0.3715048840048839,4.0,4.0,4.0,4.0,-1,13,-1,-1,4,7,46,str,2023-06-19 18:47:51
182,182,14693,38570,4,22,0,1,0,4.0,0.2688293650793651,4.0,4.0,4.0,4.0,-1,16,-1,-1,4,5,61,str,2023-06-19 18:48:17
183,183,14693,38570,6,22,0,1,0,4.0,0.3309868875086266,4.0,4.0,4.0,4.0,-1,17,-1,-1,4,5,13,str,2023-06-19 18:48:37
184,184,14753,38586,30,23,0,1,0,5.0,0.3903501400560224,5.0,5.0,5.0,5.0,-1,3,-1,-1,5,5,9,str,2023-06-19 19:16:13
185,185,14753,38586,24,23,0,1,0,4.5,0.4722755271262734,4.5,4.5,4.5,4.5,-1,6,-1,-1,4,6,21,str,2023-06-19 19:16:13
186,186,14753,38586,25,23,0,1,0,4.0,0.3520277341705913,4.0,4.0,4.0,4.0,-1,11,-1,-1,4,8,32,str,2023-06-19 19:16:24
187,187,14753,38586,5,23,0,1,0,4.0,0.3027855282738095,4.0,4.0,4.0,4.0,-1,12,-1,-1,4,8,30,str,2023-06-19 19:16:36
188,188,14753,38586,3,23,0,1,0,4.0,0.3006841817186644,4.0,4.0,4.0,4.0,-1,15,-1,-1,4,6,72,str,2023-06-19 19:16:56
189,189,14753,38586,20,23,0,1,0,4.0,0.2678571428571428,4.0,4.0,4.0,4.0,-1,18,-1,-1,4,5,7,str,2023-06-19 19:17:09
190,190,14753,38586,29,23,0,1,0,3.5,0.2432114512471655,3.5,3.5,3.5,3.5,-1,20,-1,-1,3,10,99,str,2023-06-19 19:17:27
191,191,14734,38260,29,0,1,0,0,-1.0,0.0,-1.0,-1.0,-1.0,-1.0,-1,-1,-1,1,3,10,99,str,2023-06-19 14:46:13
192,192,14734,40017,18,31,0,1,0,1.0,0.0,1.0,-1.0,-1.0,-1.0,-1,1,-1,-1,5,6,13,str,2023-06-20 19:09:18
193,193,14734,40017,32,31,0,1,0,1.0,0.0,1.0,-1.0,-1.0,-1.0,-1,2,-1,-1,5,5,16,str,2023-06-20 19:09:26
194,194,14803,37465,25,24,0,1,0,4.0,0.3483429269143555,4.0,4.0,4.0,-1.0,-1,13,-1,-1,4,8,32,str,2023-06-19 12:05:16
195,195,14803,37465,24,24,0,1,0,4.5,0.4608208955223881,4.5,4.5,4.5,-1.0,-1,5,-1,-1,4,6,21,str,2023-06-19 12:05:44
196,196,14783,38744,29,31,1,0,0,3.5,0.2465620275888133,3.5,3.5,3.5,3.5,-1,-1,-1,1,3,10,99,str,2023-06-19 20:45:09
197,197,14783,38744,29,31,1,0,0,3.5,0.2465620275888133,3.5,3.5,3.5,3.5,-1,-1,-1,1,3,10,99,str,2023-06-19 20:45:53
198,198,14783,38744,18,31,1,0,0,5.0,0.2853140830800405,5.0,5.0,5.0,5.0,-1,-1,-1,2,5,6,13,str,2023-06-19 20:46:02
199,199,14783,38744,29,31,1,0,0,3.5,0.2465620275888133,3.5,3.5,3.5,3.5,-1,-1,-1,1,3,10,99,str,2023-06-19 20:46:14
200,200,14783,38744,18,27,0,1,0,5.0,0.2853140830800405,5.0,5.0,5.0,5.0,1,1,-1,-1,5,6,13,str,2023-06-19 21:00:27
201,201,14783,38744,32,27,0,1,0,5.0,0.3252241328630217,5.0,5.0,5.0,5.0,1,2,-1,-1,5,5,16,str,2023-06-19 21:00:48
202,202,14783,38744,30,27,0,1,0,5.0,0.3604282022886673,5.0,5.0,5.0,5.0,1,3,-1,-1,5,5,9,str,2023-06-19 21:01:18
203,203,14783,38744,22,27,0,1,0,4.5,0.3633838383838383,4.5,4.5,4.5,4.5,0,4,-1,-1,4,7,18,str,2023-06-19 21:01:34
204,204,14783,38744,26,27,0,1,0,4.5,0.3953761214630779,4.5,4.5,4.5,4.5,0,5,-1,-1,4,6,23,str,2023-06-19 21:01:57
205,205,14783,38744,24,27,0,1,0,4.5,0.4788971807628523,4.5,4.5,4.5,4.5,0,6,-1,-1,4,6,21,str,2023-06-19 21:02:31
206,206,14783,38744,7,27,0,1,0,4.5,0.4339590964590964,4.5,4.5,4.5,4.5,0,10,-1,-1,4,4,20,str,2023-06-19 21:02:58
207,207,14783,38744,17,27,0,1,0,4.0,0.4056013431013431,4.0,4.0,4.0,4.0,0,14,-1,-1,4,7,46,str,2023-06-19 21:03:18
208,208,14783,38744,5,27,0,1,0,4.0,0.3095037366438145,4.0,4.0,4.0,4.0,0,16,-1,-1,4,8,30,str,2023-06-19 21:03:46
209,209,14783,39441,25,0,1,0,0,-1.0,0.0,-1.0,-1.0,-1.0,-1.0,-1,-1,-1,7,4,8,32,str,2023-06-20 13:41:50
210,210,14756,38752,5,0,1,0,0,-1.0,0.0,-1.0,-1.0,-1.0,-1.0,-1,-1,-1,3,4,8,30,str,2023-06-19 20:48:38
211,211,14709,38771,15,10,0,1,0,4.5,0.1824404761904761,4.5,-1.0,-1.0,-1.0,-1,1,-1,-1,4,1,40,str,2023-06-19 21:13:31
212,212,14709,38771,28,10,0,1,0,4.5,0.1842731829573934,4.5,-1.0,-1.0,-1.0,-1,2,-1,-1,4,1,18,str,2023-06-19 21:14:09
213,213,14709,38771,4,10,0,1,0,4.0,0.1362367724867725,4.0,-1.0,-1.0,-1.0,-1,3,-1,-1,4,5,61,str,2023-06-19 21:14:22
214,214,14709,38771,17,10,0,1,0,4.0,0.1978556166056166,4.0,-1.0,-1.0,-1.0,-1,4,-1,-1,4,7,46,str,2023-06-19 21:14:39
215,215,14691,38780,22,11,0,1,0,4.5,0.3691697191697191,4.5,4.5,4.5,4.5,0,1,-1,-1,4,7,18,str,2023-06-19 21:36:26
216,216,14691,38780,15,11,0,1,0,4.5,0.3404017857142857,4.5,4.5,4.5,4.5,0,2,-1,-1,4,1,40,str,2023-06-19 21:36:54
217,217,14691,38780,5,11,0,1,0,4.0,0.3050657242063492,4.0,4.0,4.0,4.0,0,6,-1,-1,4,8,30,str,2023-06-19 21:37:55
218,218,14691,38780,22,11,0,1,0,4.5,0.3691697191697191,4.5,4.5,4.5,4.5,0,1,-1,-1,4,7,18,str,2023-06-19 21:38:36
219,219,14691,38780,15,11,0,1,0,4.5,0.3404017857142857,4.5,4.5,4.5,4.5,0,2,-1,-1,4,1,40,str,2023-06-19 21:39:28
220,220,14691,38780,28,11,0,1,0,4.5,0.3622023809523809,4.5,4.5,4.5,4.5,0,3,-1,-1,4,1,18,str,2023-06-19 21:39:44
221,221,14691,38780,4,11,0,1,0,4.0,0.3028703703703704,4.0,4.0,4.0,4.0,0,4,-1,-1,4,5,61,str,2023-06-19 21:39:57
222,222,14691,38780,17,11,0,1,0,4.0,0.4041895604395603,4.0,4.0,4.0,4.0,0,5,-1,-1,4,7,46,str,2023-06-19 21:40:27
223,223,14691,38824,29,18,0,1,0,3.5,0.1995184626881055,3.5,3.5,3.5,3.5,0,21,-1,-1,3,10,99,str,2023-06-19 22:00:44
224,224,14691,39787,18,0,1,0,0,-1.0,0.0,-1.0,-1.0,-1.0,-1.0,-1,-1,-1,3,5,6,13,str,2023-06-20 17:17:06
225,225,14691,39787,5,0,1,0,0,-1.0,0.0,-1.0,-1.0,-1.0,-1.0,-1,-1,-1,2,4,8,30,str,2023-06-20 17:17:21
226,226,14807,38855,28,11,0,1,0,4.5,0.2703216374269006,4.5,4.5,4.5,4.5,0,3,-1,-1,4,1,18,str,2023-06-19 22:22:33
227,227,14807,38855,22,11,0,1,0,3.375,0.3059163059163059,4.5,4.5,4.5,0.0,0,1,-1,-1,4,7,18,str,2023-06-19 22:23:07
228,228,14807,38855,13,11,0,1,0,3.0,0.3253472222222222,3.0,3.0,3.0,3.0,0,11,-1,-1,4,1,43,str,2023-06-19 22:24:46
229,229,14807,38855,4,11,0,1,0,4.0,0.2672865013774105,4.0,4.0,4.0,4.0,0,4,-1,-1,4,5,61,str,2023-06-19 22:24:46
230,230,14807,38855,15,11,0,1,0,4.5,0.2803872053872053,4.5,4.5,4.5,4.5,0,2,-1,-1,4,1,40,str,2023-06-19 22:24:46
231,231,14807,38855,25,11,0,1,0,4.0,0.3068070818070818,4.0,4.0,4.0,4.0,0,7,-1,-1,4,8,32,str,2023-06-19 22:24:58
232,232,14807,38855,13,11,0,1,0,3.0,0.3253472222222222,3.0,3.0,3.0,3.0,0,11,-1,-1,4,1,43,str,2023-06-19 22:24:58
233,233,14797,38888,18,21,0,1,0,5.0,0.2723741979061128,5.0,5.0,5.0,5.0,1,1,-1,-1,5,6,13,str,2023-06-19 22:37:37
234,234,14797,38888,32,21,0,1,0,5.0,0.3475680792194554,5.0,5.0,5.0,5.0,1,2,-1,-1,5,5,16,str,2023-06-19 22:37:45
235,235,14797,38888,29,21,0,0,1,3.5,0.2299130763416478,3.5,3.5,3.5,3.5,0,-1,8,-1,3,10,99,str,2023-06-19 22:38:24
236,236,14697,38893,18,27,0,1,0,5.0,0.2144252757600215,5.0,5.0,1.0,-1.0,-1,1,-1,-1,5,6,13,str,2023-06-19 22:43:09
237,237,14697,38893,28,27,0,1,0,4.5,0.2497493734335839,4.5,4.5,0.0,-1.0,-1,13,-1,-1,4,1,18,str,2023-06-19 22:43:24
238,238,14697,38893,20,27,0,0,1,4.0,0.1916666666666666,4.0,4.0,0.0,-1.0,-1,-1,11,-1,4,5,7,str,2023-06-19 22:44:33
239,239,14697,38893,13,27,0,0,1,3.0,0.2896358543417367,3.0,3.0,0.0,-1.0,-1,-1,6,-1,4,1,43,str,2023-06-19 22:45:22
240,240,14697,38893,8,27,0,0,1,3.5,0.1860670194003527,3.5,3.5,0.0,-1.0,-1,-1,9,-1,3,7,47,str,2023-06-19 22:45:22
241,241,14697,38893,6,27,0,0,1,4.0,0.2359848484848484,4.0,4.0,0.0,-1.0,-1,-1,12,-1,4,5,13,str,2023-06-19 22:46:16
242,242,14754,38781,30,26,0,1,0,3.125,0.3974390919158361,5.0,5.0,5.0,5.0,5,2,-1,-1,5,5,9,str,2023-06-19 21:25:59
243,243,14754,38851,18,26,0,1,0,5.0,0.282838568051334,5.0,5.0,5.0,5.0,-1,1,-1,-1,5,6,13,str,2023-06-19 22:07:42
244,244,14754,38851,25,26,0,1,0,4.0,0.3279541446208112,4.0,4.0,4.0,4.0,-1,6,-1,-1,4,8,32,str,2023-06-19 22:07:42
245,245,14639,38974,29,31,1,0,0,3.5,0.11177130574452,3.5,-1.0,-1.0,-1.0,-1,-1,-1,1,3,10,99,str,2023-06-19 23:18:26
246,246,14639,38974,18,31,1,0,0,0.0,0.1028584880279795,0.0,-1.0,-1.0,-1.0,-1,-1,-1,2,5,6,13,str,2023-06-19 23:18:45
247,247,14793,39003,30,26,0,1,0,5.0,0.3614676173499703,5.0,5.0,5.0,5.0,1,3,-1,-1,5,5,9,str,2023-06-19 23:59:00
248,248,14793,39003,32,26,0,1,0,5.0,0.3151491769547325,5.0,5.0,5.0,5.0,1,2,-1,-1,5,5,16,str,2023-06-19 23:59:28
249,249,14793,39003,18,26,0,1,0,5.0,0.2823866322802493,5.0,5.0,5.0,5.0,1,1,-1,-1,5,6,13,str,2023-06-20 00:00:05
250,250,14793,39003,29,26,0,1,0,3.5,0.2391414141414141,3.5,3.5,3.5,3.5,0,22,-1,-1,3,10,99,str,2023-06-20 00:00:59
251,251,14673,39017,6,24,0,1,0,4.0,0.344047619047619,4.0,4.0,4.0,0.0,-1,15,-1,-1,4,5,13,str,2023-06-20 00:39:01
252,252,14788,37180,29,10,0,1,0,3.5,0.1092911470143613,3.5,3.5,-1.0,-1.0,-1,1,-1,-1,3,10,99,str,2023-06-16 14:57:39
253,253,14788,37180,15,10,0,1,0,4.5,0.2072150072150072,4.5,4.5,-1.0,-1.0,-1,2,-1,-1,4,1,40,str,2023-06-16 14:58:09
254,254,14788,37180,29,10,0,1,0,3.5,0.1092911470143613,3.5,3.5,-1.0,-1.0,-1,1,-1,-1,3,10,99,str,2023-06-16 14:58:18
255,255,14788,37180,28,10,0,1,0,4.5,0.2250595238095238,4.5,4.5,-1.0,-1.0,-1,3,-1,-1,4,1,18,str,2023-06-16 14:58:36
256,256,14788,37180,4,10,0,1,0,4.0,0.1433753115571297,4.0,4.0,-1.0,-1.0,-1,4,-1,-1,4,5,61,str,2023-06-16 14:58:59
257,257,14705,39040,18,27,0,1,0,1.6666666666666667,0.1312315039009954,0.0,0.0,5.0,1.0,1,1,-1,-1,5,6,13,str,2023-06-20 00:58:56
258,258,14705,39040,32,27,0,1,0,1.6666666666666667,0.1617700597058395,0.0,0.0,5.0,1.0,1,2,-1,-1,5,5,16,str,2023-06-20 01:01:20
259,259,14705,39040,17,24,0,1,0,1.3333333333333333,0.2119946091644204,0.0,0.0,4.0,0.0,0,1,-1,-1,4,7,46,str,2023-06-20 01:06:40
260,260,14705,39040,32,24,0,1,0,1.6666666666666667,0.1617700597058395,0.0,0.0,5.0,1.0,1,6,-1,-1,5,5,16,str,2023-06-20 01:07:42
261,261,14705,39056,22,24,0,1,0,4.5,0.2279066171923314,4.5,4.5,4.5,0.0,0,1,-1,-1,4,7,18,str,2023-06-20 01:28:10
262,262,14705,39056,5,24,0,1,0,4.0,0.165629650297619,4.0,4.0,4.0,0.0,0,2,-1,-1,4,8,30,str,2023-06-20 01:29:19
263,263,14705,39056,17,24,0,1,0,2.6666666666666665,0.1762896825396825,4.0,0.0,4.0,0.0,0,3,-1,-1,4,7,46,str,2023-06-20 01:30:27
264,264,14705,39056,25,24,0,1,0,2.6666666666666665,0.1673456790123456,4.0,0.0,4.0,0.0,0,4,-1,-1,4,8,32,str,2023-06-20 01:30:52
265,265,14705,39056,4,24,0,1,0,2.6666666666666665,0.1484887566137565,4.0,0.0,4.0,0.0,0,5,-1,-1,4,5,61,str,2023-06-20 01:31:25
266,266,14741,39068,18,24,0,1,0,5.0,0.282644376899696,5.0,5.0,5.0,5.0,1,1,-1,-1,5,6,13,str,2023-06-20 01:55:28
267,267,14741,39068,32,24,0,1,0,5.0,0.3490520282186949,5.0,5.0,5.0,5.0,1,2,-1,-1,5,5,16,str,2023-06-20 01:56:22
268,268,14643,39085,5,6,0,1,0,4.0,0.2156389508928571,4.0,4.0,0.0,-1.0,-1,3,-1,-1,4,8,30,str,2023-06-20 02:33:10
269,269,14769,39098,25,0,1,0,0,-1.0,0.0,-1.0,-1.0,-1.0,-1.0,-1,-1,-1,8,4,8,32,str,2023-06-20 02:41:57
270,270,14653,39123,18,20,0,1,0,5.0,0.2345406957109084,5.0,5.0,5.0,-1.0,-1,1,-1,-1,5,6,13,str,2023-06-20 03:31:07
271,271,14772,39018,18,27,0,1,0,5.0,0.2805724417426545,5.0,5.0,-1.0,-1.0,-1,1,-1,-1,5,6,13,str,2023-06-20 00:27:04
272,272,14772,39018,18,27,0,1,0,5.0,0.2805724417426545,5.0,5.0,-1.0,-1.0,-1,1,-1,-1,5,6,13,str,2023-06-20 00:28:28
273,273,14772,39018,32,27,0,1,0,5.0,0.3364454732510288,5.0,5.0,-1.0,-1.0,-1,2,-1,-1,5,5,16,str,2023-06-20 00:28:28
274,274,14772,39018,30,27,0,1,0,5.0,0.3333425618309339,5.0,5.0,-1.0,-1.0,-1,3,-1,-1,5,5,9,str,2023-06-20 00:29:29
275,275,14772,39018,22,27,0,1,0,4.5,0.3150845186559472,4.5,4.5,-1.0,-1.0,-1,4,-1,-1,4,7,18,str,2023-06-20 00:37:20
276,276,14772,39018,26,27,0,1,0,4.5,0.4463135495744191,4.5,4.5,-1.0,-1.0,-1,5,-1,-1,4,6,23,str,2023-06-20 00:42:29
277,277,14772,39018,24,27,0,1,0,4.5,0.4677209192134565,4.5,4.5,-1.0,-1.0,-1,6,-1,-1,4,6,21,str,2023-06-20 00:43:02
278,278,14772,39018,11,27,0,1,0,4.5,0.4115327380952381,4.5,4.5,-1.0,-1.0,-1,7,-1,-1,4,6,10,str,2023-06-20 00:44:46
279,279,14772,39018,22,27,0,1,0,4.5,0.3150845186559472,4.5,4.5,-1.0,-1.0,-1,4,-1,-1,4,7,18,str,2023-06-20 00:45:09
280,280,14772,39018,2,27,0,1,0,4.5,0.3512838468720821,4.5,4.5,-1.0,-1.0,-1,8,-1,-1,4,6,11,str,2023-06-20 00:45:30
281,281,14772,39018,12,27,0,1,0,4.5,0.1153628117913832,4.5,4.5,-1.0,-1.0,-1,9,-1,-1,4,5,17,str,2023-06-20 00:46:02
282,282,14772,39018,7,27,0,1,0,4.5,0.4381257631257631,4.5,4.5,-1.0,-1.0,-1,10,-1,-1,4,4,20,str,2023-06-20 00:46:25
283,283,14772,39018,16,27,0,1,0,4.5,0.3959656084656084,4.5,4.5,-1.0,-1.0,-1,11,-1,-1,4,4,11,str,2023-06-20 00:46:52
284,284,14772,39018,10,27,0,1,0,4.5,0.4602130325814536,4.5,4.5,-1.0,-1.0,-1,12,-1,-1,4,4,11,str,2023-06-20 00:47:31
285,285,14772,39018,25,27,0,1,0,4.0,0.334210758377425,4.0,4.0,-1.0,-1.0,-1,13,-1,-1,4,8,32,str,2023-06-20 00:48:17
286,286,14772,39018,17,27,0,1,0,4.0,0.379029304029304,4.0,4.0,-1.0,-1.0,-1,14,-1,-1,4,7,46,str,2023-06-20 00:49:46
287,287,14772,39018,17,27,0,1,0,4.0,0.379029304029304,4.0,4.0,-1.0,-1.0,-1,14,-1,-1,4,7,46,str,2023-06-20 00:50:02
288,288,14772,39018,5,27,0,1,0,4.0,0.2823435859428077,4.0,4.0,-1.0,-1.0,-1,15,-1,-1,4,8,30,str,2023-06-20 00:51:05
289,289,14772,39018,4,27,0,1,0,4.0,0.2942989417989418,4.0,4.0,-1.0,-1.0,-1,16,-1,-1,4,5,61,str,2023-06-20 00:52:15
290,290,14772,39018,23,27,0,1,0,4.0,0.2547288359788359,4.0,4.0,-1.0,-1.0,-1,17,-1,-1,4,7,34,str,2023-06-20 00:52:53
291,291,14772,39018,19,27,0,1,0,4.0,0.2619047619047619,4.0,4.0,-1.0,-1.0,-1,19,-1,-1,4,7,26,str,2023-06-20 00:54:41
292,292,14772,39018,6,27,0,1,0,4.0,0.3746376811594203,4.0,4.0,-1.0,-1.0,-1,20,-1,-1,4,5,13,str,2023-06-20 00:54:45
293,293,14772,39018,20,27,0,1,0,4.0,0.238095238095238,4.0,4.0,-1.0,-1.0,-1,21,-1,-1,4,5,7,str,2023-06-20 00:55:13
294,294,14772,39018,1,27,0,1,0,4.0,0.3880952380952381,4.0,4.0,-1.0,-1.0,-1,22,-1,-1,4,4,6,str,2023-06-20 00:55:39
295,295,14772,39018,29,27,0,1,0,3.5,0.2199995275888133,3.5,3.5,-1.0,-1.0,-1,23,-1,-1,3,10,99,str,2023-06-20 00:56:32
296,296,14772,39018,27,27,0,1,0,3.5,0.2653097798259088,3.5,3.5,-1.0,-1.0,-1,24,-1,-1,3,8,111,str,2023-06-20 00:57:13
297,297,14772,39018,8,27,0,1,0,3.5,0.259594671201814,3.5,3.5,-1.0,-1.0,-1,25,-1,-1,3,7,47,str,2023-06-20 00:57:32
298,298,14772,39018,9,27,0,1,0,3.0,0.5040532879818593,3.0,3.0,-1.0,-1.0,-1,26,-1,-1,3,7,40,str,2023-06-20 00:57:51
299,299,14772,39018,18,27,0,1,0,5.0,0.2805724417426545,5.0,5.0,-1.0,-1.0,-1,1,-1,-1,5,6,13,str,2023-06-20 01:08:55
300,300,14772,39018,32,27,0,1,0,5.0,0.3364454732510288,5.0,5.0,-1.0,-1.0,-1,2,-1,-1,5,5,16,str,2023-06-20 01:09:53
301,301,14772,39018,22,27,0,1,0,4.5,0.3150845186559472,4.5,4.5,-1.0,-1.0,-1,4,-1,-1,4,7,18,str,2023-06-20 01:11:07
302,302,14772,39018,25,27,0,1,0,4.0,0.334210758377425,4.0,4.0,-1.0,-1.0,-1,13,-1,-1,4,8,32,str,2023-06-20 01:12:08
303,303,14772,39018,17,27,0,1,0,4.0,0.379029304029304,4.0,4.0,-1.0,-1.0,-1,14,-1,-1,4,7,46,str,2023-06-20 01:12:45
304,304,14772,39018,4,27,0,1,0,4.0,0.2942989417989418,4.0,4.0,-1.0,-1.0,-1,16,-1,-1,4,5,61,str,2023-06-20 01:12:45
305,305,14772,39018,4,27,0,1,0,4.0,0.2942989417989418,4.0,4.0,-1.0,-1.0,-1,16,-1,-1,4,5,61,str,2023-06-20 01:12:45
306,306,14772,39018,29,27,0,1,0,3.5,0.2199995275888133,3.5,3.5,-1.0,-1.0,-1,23,-1,-1,3,10,99,str,2023-06-20 01:12:45
307,307,14772,39018,17,27,0,1,0,4.0,0.379029304029304,4.0,4.0,-1.0,-1.0,-1,14,-1,-1,4,7,46,str,2023-06-20 01:14:04
308,308,14772,39018,25,27,0,1,0,4.0,0.334210758377425,4.0,4.0,-1.0,-1.0,-1,13,-1,-1,4,8,32,str,2023-06-20 01:15:05
309,309,14772,39018,18,27,0,1,0,5.0,0.2805724417426545,5.0,5.0,-1.0,-1.0,-1,1,-1,-1,5,6,13,str,2023-06-20 01:15:38
310,310,14772,39018,17,27,0,1,0,4.0,0.379029304029304,4.0,4.0,-1.0,-1.0,-1,14,-1,-1,4,7,46,str,2023-06-20 01:16:01
311,311,14772,39018,25,27,0,1,0,4.0,0.334210758377425,4.0,4.0,-1.0,-1.0,-1,13,-1,-1,4,8,32,str,2023-06-20 01:17:28
312,312,14772,39018,25,27,0,1,0,4.0,0.334210758377425,4.0,4.0,-1.0,-1.0,-1,13,-1,-1,4,8,32,str,2023-06-20 01:17:39
313,313,14772,39018,18,27,0,1,0,5.0,0.2805724417426545,5.0,5.0,-1.0,-1.0,-1,1,-1,-1,5,6,13,str,2023-06-20 01:18:28
314,314,14772,39018,22,27,0,1,0,4.5,0.3150845186559472,4.5,4.5,-1.0,-1.0,-1,4,-1,-1,4,7,18,str,2023-06-20 01:18:40
315,315,14772,39127,30,27,0,1,0,5.0,0.3333425618309339,5.0,5.0,-1.0,-1.0,-1,3,-1,-1,5,5,9,str,2023-06-20 03:35:29
316,316,14772,39131,22,27,0,1,0,4.5,0.3238654863654863,4.5,4.5,-1.0,-1.0,-1,4,-1,-1,4,7,18,str,2023-06-20 03:37:55
317,317,14772,39131,26,27,0,1,0,4.5,0.4381711017740429,4.5,4.5,-1.0,-1.0,-1,5,-1,-1,4,6,23,str,2023-06-20 03:38:16
318,318,14772,39131,22,27,0,1,0,4.5,0.3238654863654863,4.5,4.5,-1.0,-1.0,-1,4,-1,-1,4,7,18,str,2023-06-20 03:38:56
319,319,14772,39131,12,27,0,1,0,4.5,0.1153628117913832,4.5,4.5,-1.0,-1.0,-1,9,-1,-1,4,5,17,str,2023-06-20 03:39:43
320,320,14772,39131,7,27,0,1,0,4.5,0.4381257631257631,4.5,4.5,-1.0,-1.0,-1,10,-1,-1,4,4,20,str,2023-06-20 03:40:11
321,321,14772,39131,25,27,0,1,0,4.0,0.334210758377425,4.0,4.0,-1.0,-1.0,-1,13,-1,-1,4,8,32,str,2023-06-20 03:40:36
322,322,14772,39131,18,27,0,1,0,5.0,0.2805724417426545,5.0,5.0,-1.0,-1.0,-1,1,-1,-1,5,6,13,str,2023-06-20 03:43:29
323,323,14772,39131,32,27,0,1,0,5.0,0.3364454732510288,5.0,5.0,-1.0,-1.0,-1,2,-1,-1,5,5,16,str,2023-06-20 03:44:07
324,324,14772,39131,26,27,0,1,0,4.5,0.4381711017740429,4.5,4.5,-1.0,-1.0,-1,5,-1,-1,4,6,23,str,2023-06-20 03:44:28
325,325,14772,39131,25,27,0,1,0,4.0,0.334210758377425,4.0,4.0,-1.0,-1.0,-1,13,-1,-1,4,8,32,str,2023-06-20 03:45:14
326,326,14772,39131,17,27,0,1,0,4.0,0.379029304029304,4.0,4.0,-1.0,-1.0,-1,14,-1,-1,4,7,46,str,2023-06-20 03:46:07
327,327,14772,39131,29,27,0,1,0,3.5,0.2199995275888133,3.5,3.5,-1.0,-1.0,-1,23,-1,-1,3,10,99,str,2023-06-20 03:46:33
328,328,14772,39131,4,27,0,1,0,4.0,0.2942989417989418,4.0,4.0,-1.0,-1.0,-1,16,-1,-1,4,5,61,str,2023-06-20 03:47:07
329,329,14772,39131,5,27,0,1,0,4.0,0.2823435859428077,4.0,4.0,-1.0,-1.0,-1,15,-1,-1,4,8,30,str,2023-06-20 03:47:29
330,330,14652,39144,29,31,1,0,0,-1.0,0.0,-1.0,-1.0,-1.0,-1.0,-1,-1,-1,1,3,10,99,str,2023-06-20 03:56:42
331,331,14652,39144,24,31,1,0,0,-1.0,0.0,-1.0,-1.0,-1.0,-1.0,-1,-1,-1,10,4,6,21,str,2023-06-20 03:57:18
332,332,14652,39144,18,31,1,0,0,-1.0,0.0,-1.0,-1.0,-1.0,-1.0,-1,-1,-1,2,5,6,13,str,2023-06-20 03:57:32
333,333,14652,39144,18,31,1,0,0,-1.0,0.0,-1.0,-1.0,-1.0,-1.0,-1,-1,-1,2,5,6,13,str,2023-06-20 03:58:20
334,334,14652,39144,15,31,1,0,0,-1.0,0.0,-1.0,-1.0,-1.0,-1.0,-1,-1,-1,12,4,1,40,str,2023-06-20 03:59:01
335,335,14652,39144,27,31,1,0,0,-1.0,0.0,-1.0,-1.0,-1.0,-1.0,-1,-1,-1,13,3,8,111,str,2023-06-20 03:59:27
336,336,14652,39144,7,31,1,0,0,-1.0,0.0,-1.0,-1.0,-1.0,-1.0,-1,-1,-1,14,4,4,20,str,2023-06-20 03:59:46
337,337,14652,39144,6,31,1,0,0,-1.0,0.0,-1.0,-1.0,-1.0,-1.0,-1,-1,-1,19,4,5,13,str,2023-06-20 04:00:50
338,338,14682,39121,22,14,0,1,0,4.5,0.2676434676434676,4.5,-1.0,-1.0,-1.0,-1,1,-1,-1,4,7,18,str,2023-06-20 03:28:15
339,339,14682,39121,15,14,0,1,0,4.5,0.3181547619047619,4.5,-1.0,-1.0,-1.0,-1,2,-1,-1,4,1,40,str,2023-06-20 03:29:04
340,340,14682,39121,28,14,0,1,0,4.5,0.2877777777777778,4.5,-1.0,-1.0,-1.0,-1,3,-1,-1,4,1,18,str,2023-06-20 03:29:48
341,341,14682,39145,18,30,0,1,0,5.0,0.1937163707290825,5.0,-1.0,-1.0,-1.0,-1,1,-1,-1,5,6,13,str,2023-06-20 03:57:50
342,342,14682,39145,32,30,0,1,0,5.0,0.2329842739564961,5.0,-1.0,-1.0,-1.0,-1,2,-1,-1,5,5,16,str,2023-06-20 03:58:03
343,343,14682,39145,30,30,0,1,0,5.0,0.2675756736803248,5.0,-1.0,-1.0,-1.0,-1,3,-1,-1,5,5,9,str,2023-06-20 03:58:26
344,344,14682,39145,22,30,0,1,0,4.5,0.3236619861619861,4.5,-1.0,-1.0,-1.0,-1,4,-1,-1,4,7,18,str,2023-06-20 03:58:36
345,345,14682,39145,26,30,0,1,0,4.5,0.2535422502334267,4.5,-1.0,-1.0,-1.0,-1,5,-1,-1,4,6,23,str,2023-06-20 03:58:58
346,346,14682,39145,15,30,0,1,0,4.5,0.3443824404761905,4.5,-1.0,-1.0,-1.0,-1,7,-1,-1,4,1,40,str,2023-06-20 03:59:21
347,347,14682,39145,11,30,0,1,0,4.5,0.2157986111111111,4.5,-1.0,-1.0,-1.0,-1,8,-1,-1,4,6,10,str,2023-06-20 03:59:41
348,348,14682,39145,2,30,0,1,0,4.5,0.2359243697478991,4.5,-1.0,-1.0,-1.0,-1,9,-1,-1,4,6,11,str,2023-06-20 03:59:52
349,349,14682,39145,10,30,0,1,0,4.5,0.2813700918964076,4.5,-1.0,-1.0,-1.0,-1,12,-1,-1,4,4,11,str,2023-06-20 04:00:05
350,350,14682,39145,28,30,0,1,0,4.5,0.3009398496240601,4.5,-1.0,-1.0,-1.0,-1,14,-1,-1,4,1,18,str,2023-06-20 04:00:15
351,351,14682,39145,17,30,0,1,0,4.0,0.3322115384615384,4.0,-1.0,-1.0,-1.0,-1,16,-1,-1,4,7,46,str,2023-06-20 04:00:37
352,352,14682,39145,23,30,0,1,0,4.0,0.3431818181818182,4.0,-1.0,-1.0,-1.0,-1,19,-1,-1,4,7,34,str,2023-06-20 04:00:59
353,353,14682,39145,25,30,0,1,0,4.0,0.2551805337519623,4.0,-1.0,-1.0,-1.0,-1,18,-1,-1,4,8,32,str,2023-06-20 04:01:31
354,354,14682,39145,19,30,0,1,0,4.0,0.1602607709750567,4.0,-1.0,-1.0,-1.0,-1,20,-1,-1,4,7,26,str,2023-06-20 04:02:05
355,355,14682,39145,20,30,0,1,0,4.0,0.2119047619047618,4.0,-1.0,-1.0,-1.0,-1,23,-1,-1,4,5,7,str,2023-06-20 04:02:21
356,356,14682,39145,13,30,0,1,0,3.0,0.2888655462184873,3.0,-1.0,-1.0,-1.0,-1,29,-1,-1,4,1,43,str,2023-06-20 04:02:42
357,357,14682,39145,23,30,0,1,0,4.0,0.3431818181818182,4.0,-1.0,-1.0,-1.0,-1,19,-1,-1,4,7,34,str,2023-06-20 04:03:01
358,358,14682,39145,15,30,0,1,0,4.5,0.3443824404761905,4.5,-1.0,-1.0,-1.0,-1,7,-1,-1,4,1,40,str,2023-06-20 04:03:15
359,359,14682,39145,32,30,0,1,0,5.0,0.2329842739564961,5.0,-1.0,-1.0,-1.0,-1,2,-1,-1,5,5,16,str,2023-06-20 04:04:47
360,360,14682,39145,23,30,0,1,0,4.0,0.3431818181818182,4.0,-1.0,-1.0,-1.0,-1,19,-1,-1,4,7,34,str,2023-06-20 04:05:15
361,361,14731,37360,5,8,0,1,0,4.0,0.270390957939596,4.0,4.0,0.0,-1.0,-1,2,-1,-1,4,8,30,str,2023-06-19 09:21:28
362,362,14731,37364,29,0,1,0,0,-1.0,0.0,-1.0,-1.0,-1.0,-1.0,-1,-1,-1,1,3,10,99,str,2023-06-19 09:22:29
363,363,14731,37364,29,0,1,0,0,-1.0,0.0,-1.0,-1.0,-1.0,-1.0,-1,-1,-1,1,3,10,99,str,2023-06-19 09:22:36
364,364,14731,39159,29,0,1,0,0,3.5,0.1121190711695162,3.5,3.5,-1.0,-1.0,-1,-1,-1,1,3,10,99,str,2023-06-20 04:46:37
365,365,14731,39159,26,16,0,1,0,4.5,0.2155695611577964,4.5,4.5,0.0,-1.0,-1,1,-1,-1,4,6,23,str,2023-06-20 05:08:01
366,366,14731,39159,5,16,0,1,0,4.0,0.1384672619047618,4.0,4.0,0.0,-1.0,-1,6,-1,-1,4,8,30,str,2023-06-20 05:09:31
367,367,14686,39176,22,11,0,1,0,4.5,0.3861670736670737,4.5,4.5,4.5,0.0,-1,1,-1,-1,4,7,18,str,2023-06-20 06:24:09
368,368,14686,39176,15,11,0,1,0,4.5,0.3586219336219336,4.5,4.5,4.5,0.0,-1,2,-1,-1,4,1,40,str,2023-06-20 06:24:29
369,369,14686,39176,15,11,0,1,0,4.5,0.3586219336219336,4.5,4.5,4.5,0.0,-1,2,-1,-1,4,1,40,str,2023-06-20 06:24:37
370,370,14686,39176,15,11,0,1,0,4.5,0.3586219336219336,4.5,4.5,4.5,0.0,-1,2,-1,-1,4,1,40,str,2023-06-20 06:24:43
371,371,14686,39176,28,11,0,1,0,4.5,0.3698412698412698,4.5,4.5,4.5,0.0,-1,3,-1,-1,4,1,18,str,2023-06-20 06:24:50
372,372,14686,39176,4,11,0,1,0,4.0,0.3116468253968253,4.0,4.0,4.0,0.0,-1,4,-1,-1,4,5,61,str,2023-06-20 06:25:01
373,373,14686,39176,17,11,0,1,0,4.0,0.3952755315962862,4.0,4.0,4.0,0.0,-1,5,-1,-1,4,7,46,str,2023-06-20 06:25:21
374,374,14686,39176,5,11,0,1,0,4.0,0.3129820808531746,4.0,4.0,4.0,0.0,-1,6,-1,-1,4,8,30,str,2023-06-20 06:25:43
375,375,14686,39176,25,11,0,1,0,4.0,0.3483429269143555,4.0,4.0,4.0,0.0,-1,7,-1,-1,4,8,32,str,2023-06-20 06:25:58
376,376,14792,39194,18,24,0,1,0,3.333333333333333,0.2263586225450632,0.0,5.0,5.0,1.0,-1,1,-1,-1,5,6,13,str,2023-06-20 07:46:21
377,377,14687,39157,29,0,1,0,0,-1.0,0.0,-1.0,-1.0,-1.0,-1.0,-1,-1,-1,1,3,10,99,str,2023-06-20 04:42:57
378,378,14687,39157,29,0,1,0,0,-1.0,0.0,-1.0,-1.0,-1.0,-1.0,-1,-1,-1,1,3,10,99,str,2023-06-20 04:44:36
379,379,14687,39165,29,0,1,0,0,-1.0,0.0,-1.0,-1.0,-1.0,-1.0,-1,-1,-1,1,3,10,99,str,2023-06-20 05:13:46
380,380,14687,39168,29,0,1,0,0,-1.0,0.0,-1.0,-1.0,-1.0,-1.0,-1,-1,-1,1,3,10,99,str,2023-06-20 05:17:28
381,381,14687,39898,29,0,1,0,0,-1.0,0.0,-1.0,-1.0,-1.0,-1.0,-1,-1,-1,1,3,10,99,str,2023-06-20 18:00:13
382,382,14746,39237,25,27,0,1,0,4.0,0.2126851851851851,4.0,4.0,0.0,-1.0,-1,13,-1,-1,4,8,32,str,2023-06-20 09:27:53
383,383,14732,39234,18,24,0,1,0,5.0,0.2144252757600215,5.0,5.0,1.0,-1.0,-1,1,-1,-1,5,6,13,str,2023-06-20 09:26:04
384,384,14732,39234,25,24,0,1,0,4.0,0.2419312169312169,4.0,4.0,0.0,-1.0,-1,15,-1,-1,4,8,32,str,2023-06-20 09:26:43
385,385,14732,39234,10,24,0,1,0,4.5,0.2597744360902255,4.5,4.5,0.0,-1.0,-1,10,-1,-1,4,4,11,str,2023-06-20 09:27:23
386,386,14732,39234,5,24,0,1,0,4.0,0.2221121651785714,4.0,4.0,0.0,-1.0,-1,14,-1,-1,4,8,30,str,2023-06-20 09:27:42
387,387,14732,39234,5,24,0,1,0,4.0,0.2221121651785714,4.0,4.0,0.0,-1.0,-1,14,-1,-1,4,8,30,str,2023-06-20 09:28:15
388,388,14679,39254,29,31,1,0,0,-1.0,0.0,-1.0,-1.0,-1.0,-1.0,-1,-1,-1,1,3,10,99,str,2023-06-20 09:57:27
389,389,14679,39254,18,31,1,0,0,-1.0,0.0,-1.0,-1.0,-1.0,-1.0,-1,-1,-1,2,5,6,13,str,2023-06-20 09:58:58
390,390,14679,39254,29,31,1,0,0,-1.0,0.0,-1.0,-1.0,-1.0,-1.0,-1,-1,-1,1,3,10,99,str,2023-06-20 09:59:09
391,391,14679,39254,5,31,1,0,0,-1.0,0.0,-1.0,-1.0,-1.0,-1.0,-1,-1,-1,3,4,8,30,str,2023-06-20 09:59:15
392,392,14679,39254,18,31,1,0,0,-1.0,0.0,-1.0,-1.0,-1.0,-1.0,-1,-1,-1,2,5,6,13,str,2023-06-20 09:59:29
393,393,14679,39254,4,31,1,0,0,-1.0,0.0,-1.0,-1.0,-1.0,-1.0,-1,-1,-1,4,4,5,61,str,2023-06-20 09:59:38
394,394,14679,39254,4,31,1,0,0,-1.0,0.0,-1.0,-1.0,-1.0,-1.0,-1,-1,-1,4,4,5,61,str,2023-06-20 10:00:16
395,395,14679,39254,20,31,1,0,0,-1.0,0.0,-1.0,-1.0,-1.0,-1.0,-1,-1,-1,25,4,5,7,str,2023-06-20 10:00:36
396,396,14679,39254,23,31,1,0,0,-1.0,0.0,-1.0,-1.0,-1.0,-1.0,-1,-1,-1,23,4,7,34,str,2023-06-20 10:00:46
397,397,14679,39254,25,31,1,0,0,-1.0,0.0,-1.0,-1.0,-1.0,-1.0,-1,-1,-1,7,4,8,32,str,2023-06-20 10:02:53
398,398,14679,39254,32,31,1,0,0,-1.0,0.0,-1.0,-1.0,-1.0,-1.0,-1,-1,-1,5,5,5,16,str,2023-06-20 10:03:03
399,399,14679,39254,30,31,1,0,0,-1.0,0.0,-1.0,-1.0,-1.0,-1.0,-1,-1,-1,6,5,5,9,str,2023-06-20 10:03:12
400,400,14679,39254,18,31,1,0,0,-1.0,0.0,-1.0,-1.0,-1.0,-1.0,-1,-1,-1,2,5,6,13,str,2023-06-20 10:03:19
401,401,14679,39254,26,31,1,0,0,-1.0,0.0,-1.0,-1.0,-1.0,-1.0,-1,-1,-1,9,4,6,23,str,2023-06-20 10:03:41
402,402,14679,39254,29,31,1,0,0,-1.0,0.0,-1.0,-1.0,-1.0,-1.0,-1,-1,-1,1,3,10,99,str,2023-06-20 10:05:09
403,403,14679,39254,18,31,1,0,0,-1.0,0.0,-1.0,-1.0,-1.0,-1.0,-1,-1,-1,2,5,6,13,str,2023-06-20 10:05:17
404,404,14679,39254,5,31,1,0,0,-1.0,0.0,-1.0,-1.0,-1.0,-1.0,-1,-1,-1,3,4,8,30,str,2023-06-20 10:05:26
405,405,14679,39254,4,31,1,0,0,-1.0,0.0,-1.0,-1.0,-1.0,-1.0,-1,-1,-1,4,4,5,61,str,2023-06-20 10:05:33
406,406,14679,39254,32,31,1,0,0,-1.0,0.0,-1.0,-1.0,-1.0,-1.0,-1,-1,-1,5,5,5,16,str,2023-06-20 10:05:41
407,407,14679,39254,27,31,1,0,0,-1.0,0.0,-1.0,-1.0,-1.0,-1.0,-1,-1,-1,13,3,8,111,str,2023-06-20 10:06:03
408,408,14679,39254,3,31,1,0,0,-1.0,0.0,-1.0,-1.0,-1.0,-1.0,-1,-1,-1,15,4,6,72,str,2023-06-20 10:06:35
409,409,14679,39254,20,31,1,0,0,-1.0,0.0,-1.0,-1.0,-1.0,-1.0,-1,-1,-1,25,4,5,7,str,2023-06-20 10:07:17
410,410,14679,39254,7,31,1,0,0,-1.0,0.0,-1.0,-1.0,-1.0,-1.0,-1,-1,-1,14,4,4,20,str,2023-06-20 10:07:34
411,411,14679,39254,31,31,1,0,0,-1.0,0.0,-1.0,-1.0,-1.0,-1.0,-1,-1,-1,27,4,3,49,str,2023-06-20 10:07:49
412,412,14679,39254,24,31,1,0,0,-1.0,0.0,-1.0,-1.0,-1.0,-1.0,-1,-1,-1,10,4,6,21,str,2023-06-20 10:08:12
413,413,14679,39254,15,31,1,0,0,-1.0,0.0,-1.0,-1.0,-1.0,-1.0,-1,-1,-1,12,4,1,40,str,2023-06-20 10:08:26
414,414,14679,39254,29,31,1,0,0,-1.0,0.0,-1.0,-1.0,-1.0,-1.0,-1,-1,-1,1,3,10,99,str,2023-06-20 10:08:50
415,415,14679,39254,5,31,1,0,0,-1.0,0.0,-1.0,-1.0,-1.0,-1.0,-1,-1,-1,3,4,8,30,str,2023-06-20 10:09:06
416,416,14679,39254,29,31,1,0,0,-1.0,0.0,-1.0,-1.0,-1.0,-1.0,-1,-1,-1,1,3,10,99,str,2023-06-20 10:09:57
417,417,14786,39262,29,31,1,0,0,-1.0,0.0,-1.0,-1.0,-1.0,-1.0,-1,-1,-1,1,3,10,99,str,2023-06-20 10:14:42
418,418,14786,39262,18,31,1,0,0,-1.0,0.0,-1.0,-1.0,-1.0,-1.0,-1,-1,-1,2,5,6,13,str,2023-06-20 10:14:50
419,419,14786,39262,5,31,1,0,0,-1.0,0.0,-1.0,-1.0,-1.0,-1.0,-1,-1,-1,3,4,8,30,str,2023-06-20 10:15:03
420,420,14786,39262,4,31,1,0,0,-1.0,0.0,-1.0,-1.0,-1.0,-1.0,-1,-1,-1,4,4,5,61,str,2023-06-20 10:15:17
421,421,14786,39262,30,31,1,0,0,-1.0,0.0,-1.0,-1.0,-1.0,-1.0,-1,-1,-1,6,5,5,9,str,2023-06-20 10:16:18
422,422,14786,39262,3,31,1,0,0,-1.0,0.0,-1.0,-1.0,-1.0,-1.0,-1,-1,-1,15,4,6,72,str,2023-06-20 10:16:37
423,423,14786,39262,28,31,1,0,0,-1.0,0.0,-1.0,-1.0,-1.0,-1.0,-1,-1,-1,17,4,1,18,str,2023-06-20 10:16:58
424,424,14786,39262,23,31,1,0,0,-1.0,0.0,-1.0,-1.0,-1.0,-1.0,-1,-1,-1,23,4,7,34,str,2023-06-20 10:17:22
425,425,14786,39262,2,31,1,0,0,-1.0,0.0,-1.0,-1.0,-1.0,-1.0,-1,-1,-1,24,4,6,11,str,2023-06-20 10:17:47
426,426,14786,39262,19,31,1,0,0,-1.0,0.0,-1.0,-1.0,-1.0,-1.0,-1,-1,-1,31,4,7,26,str,2023-06-20 10:17:58
427,427,14786,39262,21,31,1,0,0,-1.0,0.0,-1.0,-1.0,-1.0,-1.0,-1,-1,-1,27,2,5,9,str,2023-06-20 10:18:48
428,428,14786,39262,15,31,1,0,0,-1.0,0.0,-1.0,-1.0,-1.0,-1.0,-1,-1,-1,12,4,1,40,str,2023-06-20 10:19:11
429,429,14786,39262,4,31,1,0,0,-1.0,0.0,-1.0,-1.0,-1.0,-1.0,-1,-1,-1,4,4,5,61,str,2023-06-20 10:19:30
430,430,14786,39262,22,31,1,0,0,-1.0,0.0,-1.0,-1.0,-1.0,-1.0,-1,-1,-1,8,4,7,18,str,2023-06-20 10:19:40
431,431,14786,39262,25,31,1,0,0,-1.0,0.0,-1.0,-1.0,-1.0,-1.0,-1,-1,-1,7,4,8,32,str,2023-06-20 10:19:49
432,432,14786,39262,18,31,1,0,0,-1.0,0.0,-1.0,-1.0,-1.0,-1.0,-1,-1,-1,2,5,6,13,str,2023-06-20 10:20:18
433,433,14786,39262,3,31,1,0,0,-1.0,0.0,-1.0,-1.0,-1.0,-1.0,-1,-1,-1,15,4,6,72,str,2023-06-20 10:20:31
434,434,14678,39275,26,18,0,1,0,4.5,0.1312859443294226,4.5,-1.0,-1.0,-1.0,-1,1,-1,-1,4,6,23,str,2023-06-20 10:37:29
435,435,14666,39273,4,7,0,1,0,4.0,0.2839021164021164,4.0,4.0,4.0,4.0,0,1,-1,-1,4,5,61,str,2023-06-20 10:41:24
436,436,14666,39273,5,7,0,1,0,4.0,0.2784520709325396,4.0,4.0,4.0,4.0,0,3,-1,-1,4,8,30,str,2023-06-20 10:41:58
437,437,14666,39273,25,7,0,1,0,4.0,0.3049406942264085,4.0,4.0,4.0,4.0,0,4,-1,-1,4,8,32,str,2023-06-20 10:42:27
438,438,14666,39273,17,7,0,1,0,4.0,0.4050838574423479,4.0,4.0,4.0,4.0,0,2,-1,-1,4,7,46,str,2023-06-20 10:42:39
439,439,14666,39273,4,7,0,1,0,4.0,0.2839021164021164,4.0,4.0,4.0,4.0,0,1,-1,-1,4,5,61,str,2023-06-20 10:42:53
440,440,14666,39965,18,19,0,1,0,5.0,0.0606873822975517,5.0,1.0,-1.0,-1.0,-1,1,-1,-1,5,6,13,str,2023-06-20 18:33:29
441,441,14666,39965,29,19,0,1,0,3.5,0.0451073901370637,3.5,0.0,-1.0,-1.0,-1,16,-1,-1,3,10,99,str,2023-06-20 18:35:04
442,442,14666,39965,30,19,0,1,0,5.0,0.0787929125138427,5.0,1.0,-1.0,-1.0,-1,2,-1,-1,5,5,9,str,2023-06-20 18:35:04
443,443,14666,39965,22,19,0,1,0,4.5,0.0717083842083842,4.5,0.0,-1.0,-1.0,-1,3,-1,-1,4,7,18,str,2023-06-20 18:36:42
444,444,14666,39965,24,19,0,1,0,4.5,0.1174662402274342,4.5,0.0,-1.0,-1.0,-1,5,-1,-1,4,6,21,str,2023-06-20 18:37:05
445,445,14666,39965,20,19,0,1,0,4.0,0.0678571428571428,4.0,0.0,-1.0,-1.0,-1,15,-1,-1,4,5,7,str,2023-06-20 18:37:47
446,446,14666,39965,26,19,0,1,0,4.5,0.1187441643323996,4.5,0.0,-1.0,-1.0,-1,4,-1,-1,4,6,23,str,2023-06-20 18:38:03
447,447,14666,39989,4,0,1,0,0,0.0,0.0,0.0,-1.0,-1.0,-1.0,-1,-1,-1,4,4,5,61,str,2023-06-20 18:45:12
448,448,14662,39276,4,26,0,1,0,4.0,0.2975108225108225,4.0,4.0,4.0,4.0,0,1,-1,-1,4,5,61,str,2023-06-20 10:41:58
449,449,14662,39276,17,26,0,1,0,4.0,0.4018620268620268,4.0,4.0,4.0,4.0,0,2,-1,-1,4,7,46,str,2023-06-20 10:42:18
450,450,14662,39276,5,26,0,1,0,4.0,0.2801230778769841,4.0,4.0,4.0,4.0,0,3,-1,-1,4,8,30,str,2023-06-20 10:43:17
451,451,14662,39276,25,26,0,1,0,4.0,0.3160097001763668,4.0,4.0,4.0,4.0,0,4,-1,-1,4,8,32,str,2023-06-20 10:43:37
452,452,14662,39276,15,26,0,1,0,3.375,0.3145021645021645,0.0,4.5,4.5,4.5,0,12,-1,-1,4,1,40,str,2023-06-20 10:44:57
453,453,14662,39276,29,26,0,1,0,3.5,0.2204849300831443,3.5,3.5,3.5,3.5,0,18,-1,-1,3,10,99,str,2023-06-20 10:45:28
454,454,14677,39323,5,7,0,1,0,4.0,0.2325117807539682,4.0,4.0,4.0,4.0,0,2,-1,-1,4,8,30,str,2023-06-20 11:41:34
455,455,14677,39323,3,7,0,1,0,4.0,0.2685686918445539,4.0,4.0,4.0,4.0,0,3,-1,-1,4,6,72,str,2023-06-20 11:42:51
456,456,14719,37600,15,10,0,1,0,4.5,0.376984126984127,4.5,4.5,4.5,4.5,0,1,-1,-1,4,1,40,str,2023-06-19 12:26:30
457,457,14719,37689,4,10,0,1,0,4.0,0.3286243386243386,4.0,4.0,4.0,4.0,0,1,-1,-1,4,5,61,str,2023-06-19 12:50:48
458,458,14719,37689,24,10,0,1,0,4.5,0.5375266524520256,4.5,4.5,4.5,4.5,0,3,-1,-1,4,6,21,str,2023-06-19 12:52:59
459,459,14719,37689,5,10,0,1,0,4.0,0.3187531001984126,4.0,4.0,4.0,4.0,0,2,-1,-1,4,8,30,str,2023-06-19 12:53:00
460,460,14719,37689,4,10,0,1,0,4.0,0.3286243386243386,4.0,4.0,4.0,4.0,0,1,-1,-1,4,5,61,str,2023-06-19 12:54:52
461,461,14719,37689,4,10,0,1,0,4.0,0.3286243386243386,4.0,4.0,4.0,4.0,0,1,-1,-1,4,5,61,str,2023-06-19 12:57:42
462,462,14719,37689,5,10,0,1,0,4.0,0.3187531001984126,4.0,4.0,4.0,4.0,0,2,-1,-1,4,8,30,str,2023-06-19 13:00:39
463,463,14719,37689,24,10,0,1,0,4.5,0.5375266524520256,4.5,4.5,4.5,4.5,0,3,-1,-1,4,6,21,str,2023-06-19 13:03:25
464,464,14719,37689,15,10,0,1,0,3.375,0.376984126984127,4.5,4.5,0.0,4.5,0,4,-1,-1,4,1,40,str,2023-06-19 13:03:33
465,465,14719,37689,29,10,0,1,0,3.5,0.2500578703703703,3.5,3.5,3.5,3.5,0,5,-1,-1,3,10,99,str,2023-06-19 13:06:10
466,466,14719,39247,4,10,0,1,0,4.0,0.3286243386243386,4.0,4.0,4.0,4.0,0,1,-1,-1,4,5,61,str,2023-06-20 09:53:05
467,467,14719,39247,4,10,0,1,0,4.0,0.3286243386243386,4.0,4.0,4.0,4.0,0,1,-1,-1,4,5,61,str,2023-06-20 09:55:28
468,468,14719,39247,17,10,0,1,0,4.0,0.4140461215932913,4.0,4.0,4.0,4.0,0,2,-1,-1,4,7,46,str,2023-06-20 09:58:01
469,469,14719,39247,17,10,0,1,0,4.0,0.4140461215932913,4.0,4.0,4.0,4.0,0,2,-1,-1,4,7,46,str,2023-06-20 09:59:31
470,470,14719,39247,5,10,0,1,0,4.0,0.3214038663455005,4.0,4.0,4.0,4.0,0,3,-1,-1,4,8,30,str,2023-06-20 09:59:59
471,471,14719,39247,25,10,0,1,0,4.0,0.3711287477954144,4.0,4.0,4.0,4.0,0,4,-1,-1,4,8,32,str,2023-06-20 10:01:04
472,472,14719,39247,18,10,0,1,0,5.0,0.3137997713209577,5.0,5.0,5.0,5.0,1,5,-1,-1,5,6,13,str,2023-06-20 10:02:55
473,473,14719,39247,32,10,0,1,0,5.0,0.3644823066841415,5.0,5.0,5.0,5.0,1,6,-1,-1,5,5,16,str,2023-06-20 10:04:42
474,474,14719,39247,30,10,0,1,0,5.0,0.3840992986341823,5.0,5.0,5.0,5.0,1,7,-1,-1,5,5,9,str,2023-06-20 10:08:56
475,475,14719,39247,22,10,0,1,0,4.5,0.3738502238502238,4.5,4.5,4.5,4.5,0,8,-1,-1,4,7,18,str,2023-06-20 10:13:33
476,476,14719,39247,26,10,0,1,0,4.5,0.4400621118012421,4.5,4.5,4.5,4.5,0,9,-1,-1,4,6,23,str,2023-06-20 10:15:01
477,477,14719,39247,24,10,0,1,0,4.5,0.5305194805194805,4.5,4.5,4.5,4.5,0,10,-1,-1,4,6,21,str,2023-06-20 10:16:37
478,478,14719,39247,11,10,0,1,0,4.5,0.3891369047619047,4.5,4.5,4.5,4.5,0,11,-1,-1,4,6,10,str,2023-06-20 10:20:10
479,479,14719,39247,2,10,0,1,0,4.5,0.419234360410831,4.5,4.5,4.5,4.5,0,12,-1,-1,4,6,11,str,2023-06-20 10:22:28
480,480,14719,39247,15,10,0,1,0,3.375,0.3575148809523809,4.5,4.5,4.5,0.0,0,13,-1,-1,4,1,40,str,2023-06-20 10:25:20
481,481,14719,39247,15,10,0,1,0,3.375,0.3575148809523809,4.5,4.5,4.5,0.0,0,13,-1,-1,4,1,40,str,2023-06-20 10:28:16
482,482,14719,39247,7,10,0,1,0,4.5,0.4827686202686203,4.5,4.5,4.5,4.5,0,15,-1,-1,4,4,20,str,2023-06-20 10:30:46
483,483,14719,39247,10,10,0,1,0,4.5,0.4417919799498747,4.5,4.5,4.5,4.5,0,16,-1,-1,4,4,11,str,2023-06-20 10:32:53
484,484,14719,39247,16,10,0,1,0,4.5,0.4076058201058201,4.5,4.5,4.5,4.5,0,17,-1,-1,4,4,11,str,2023-06-20 10:35:01
485,485,14719,39247,28,10,0,1,0,3.375,0.329782790309106,4.5,4.5,4.5,0.0,0,18,-1,-1,4,1,18,str,2023-06-20 10:37:43
486,486,14719,39247,28,10,0,1,0,3.375,0.329782790309106,4.5,4.5,4.5,0.0,0,18,-1,-1,4,1,18,str,2023-06-20 10:40:15
487,487,14719,39247,29,10,0,1,0,3.5,0.2522832179360369,3.5,3.5,3.5,3.5,0,19,-1,-1,3,10,99,str,2023-06-20 10:43:13
488,488,14719,39247,3,10,0,1,0,4.0,0.3456878306878306,4.0,4.0,4.0,4.0,0,22,-1,-1,4,6,72,str,2023-06-20 10:48:15
489,489,14719,39247,6,10,0,1,0,4.0,0.4091442374051069,4.0,4.0,4.0,4.0,0,24,-1,-1,4,5,13,str,2023-06-20 10:52:49
490,490,14719,39247,1,10,0,1,0,4.0,0.3409863945578231,4.0,4.0,4.0,4.0,0,26,-1,-1,4,4,6,str,2023-06-20 10:55:24
491,491,14719,39247,9,10,0,1,0,3.0,0.5876068376068376,3.0,3.0,3.0,3.0,0,27,-1,-1,3,7,40,str,2023-06-20 10:57:44
492,492,14719,39247,27,10,0,1,0,3.525,0.3217592592592592,3.6,3.5,3.5,3.5,0,28,-1,-1,3,8,111,str,2023-06-20 11:02:45
493,493,14719,39247,13,10,0,1,0,2.25,0.4378720238095238,3.0,3.0,3.0,0.0,0,29,-1,-1,4,1,43,str,2023-06-20 11:06:02
494,494,14719,39247,31,10,0,1,0,2.25,0.2319775132275132,4.5,0.0,4.5,0.0,0,30,-1,-1,4,3,49,str,2023-06-20 11:08:34
495,495,14719,39247,21,10,0,1,0,2.0,0.1917162698412698,2.0,2.0,2.0,2.0,0,31,-1,-1,2,5,9,str,2023-06-20 11:12:07
496,496,14719,39247,24,10,0,1,0,4.5,0.5305194805194805,4.5,4.5,4.5,4.5,0,10,-1,-1,4,6,21,str,2023-06-20 11:20:15
497,497,14719,39247,15,10,0,1,0,3.375,0.3575148809523809,4.5,4.5,4.5,0.0,0,13,-1,-1,4,1,40,str,2023-06-20 11:37:49
498,498,14719,39247,15,10,0,1,0,3.375,0.3575148809523809,4.5,4.5,4.5,0.0,0,13,-1,-1,4,1,40,str,2023-06-20 11:40:24
499,499,14719,39247,28,10,0,1,0,3.375,0.329782790309106,4.5,4.5,4.5,0.0,0,18,-1,-1,4,1,18,str,2023-06-20 11:44:02
500,500,14719,39247,13,10,0,1,0,2.25,0.4378720238095238,3.0,3.0,3.0,0.0,0,29,-1,-1,4,1,43,str,2023-06-20 11:49:30
501,501,14719,39247,31,10,0,1,0,2.25,0.2319775132275132,4.5,0.0,4.5,0.0,0,30,-1,-1,4,3,49,str,2023-06-20 11:53:59
502,502,14713,39316,18,27,0,1,0,5.0,0.294662276258021,5.0,5.0,1.0,-1.0,-1,1,-1,-1,5,6,13,str,2023-06-20 12:00:40
503,503,14713,39316,22,27,0,1,0,4.5,0.3856990231990232,4.5,4.5,0.0,-1.0,-1,4,-1,-1,4,7,18,str,2023-06-20 12:01:32
504,504,14713,39316,32,27,0,1,0,5.0,0.3512198706643151,5.0,5.0,1.0,-1.0,-1,2,-1,-1,5,5,16,str,2023-06-20 12:02:01
505,505,14713,39316,30,27,0,1,0,5.0,0.3866555924695459,5.0,5.0,1.0,-1.0,-1,3,-1,-1,5,5,9,str,2023-06-20 12:02:30
506,506,14713,39316,24,27,0,1,0,4.5,0.4822257758824924,4.5,4.5,0.0,-1.0,-1,6,-1,-1,4,6,21,str,2023-06-20 12:02:30
507,507,14713,39316,18,27,0,1,0,5.0,0.294662276258021,5.0,5.0,1.0,-1.0,-1,1,-1,-1,5,6,13,str,2023-06-20 12:03:32
508,508,14760,39359,18,27,0,1,0,5.0,0.3108797703478554,5.0,5.0,-1.0,-1.0,-1,1,-1,-1,5,6,13,str,2023-06-20 12:30:52
509,509,14760,39359,18,27,0,1,0,5.0,0.3108797703478554,5.0,5.0,-1.0,-1.0,-1,1,-1,-1,5,6,13,str,2023-06-20 12:31:11
510,510,14760,39359,5,27,0,1,0,4.0,0.3187531001984127,4.0,4.0,-1.0,-1.0,-1,15,-1,-1,4,8,30,str,2023-06-20 12:32:15
511,511,14694,40362,5,0,1,0,0,-1.0,0.0,-1.0,-1.0,-1.0,-1.0,-1,-1,-1,2,4,8,30,str,2023-06-20 21:58:48
512,512,14654,38995,18,30,0,1,0,5.0,0.2723741979061128,5.0,-1.0,-1.0,-1.0,-1,1,-1,-1,5,6,13,str,2023-06-19 23:41:07
513,513,14654,38995,30,30,0,1,0,5.0,0.3474929971988795,5.0,-1.0,-1.0,-1.0,-1,3,-1,-1,5,5,9,str,2023-06-19 23:41:24
514,514,14654,38995,26,30,0,1,0,4.5,0.3866946778711484,4.5,-1.0,-1.0,-1.0,-1,5,-1,-1,4,6,23,str,2023-06-19 23:41:45
515,515,14654,38995,15,30,0,1,0,4.5,0.302020202020202,4.5,-1.0,-1.0,-1.0,-1,7,-1,-1,4,1,40,str,2023-06-19 23:42:00
516,516,14654,38995,11,30,0,1,0,4.5,0.3876488095238095,4.5,-1.0,-1.0,-1.0,-1,8,-1,-1,4,6,10,str,2023-06-19 23:42:12
517,517,14654,38995,2,30,0,1,0,4.5,0.215922619047619,4.5,-1.0,-1.0,-1.0,-1,9,-1,-1,4,6,11,str,2023-06-19 23:42:25
518,518,14654,38995,10,30,0,1,0,4.5,0.4159774436090225,4.5,-1.0,-1.0,-1.0,-1,12,-1,-1,4,4,11,str,2023-06-19 23:42:47
519,519,14654,38995,16,30,0,1,0,4.5,0.4137254901960784,4.5,-1.0,-1.0,-1.0,-1,13,-1,-1,4,4,11,str,2023-06-19 23:43:00
520,520,14654,38995,28,30,0,1,0,4.5,0.3311111111111111,4.5,-1.0,-1.0,-1.0,-1,14,-1,-1,4,1,18,str,2023-06-19 23:43:20
521,521,14654,38995,4,30,0,1,0,4.0,0.2898202807293716,4.0,-1.0,-1.0,-1.0,-1,15,-1,-1,4,5,61,str,2023-06-19 23:43:37
522,522,14654,38995,20,30,0,1,0,4.0,0.2270833333333333,4.0,-1.0,-1.0,-1.0,-1,23,-1,-1,4,5,7,str,2023-06-19 23:43:59
523,523,14654,38995,8,30,0,1,0,3.5,0.2761054421768708,3.5,-1.0,-1.0,-1.0,-1,26,-1,-1,3,7,47,str,2023-06-19 23:44:13
524,524,14654,38995,13,30,0,1,0,3.0,0.3300186741363212,3.0,-1.0,-1.0,-1.0,-1,29,-1,-1,4,1,43,str,2023-06-19 23:44:40
525,525,14804,39429,21,10,0,1,0,2.0,0.1917162698412698,2.0,2.0,2.0,0.0,-1,31,-1,-1,2,5,9,str,2023-06-20 13:31:08
526,526,14804,39429,15,10,0,1,0,4.5,0.3575148809523809,4.5,4.5,4.5,0.0,-1,1,-1,-1,4,1,40,str,2023-06-20 13:31:34
527,527,14804,39429,18,10,0,1,0,5.0,0.3137997713209577,5.0,5.0,5.0,1.0,-1,7,-1,-1,5,6,13,str,2023-06-20 13:32:53
528,528,14804,39429,15,10,0,1,0,4.5,0.3575148809523809,4.5,4.5,4.5,0.0,-1,1,-1,-1,4,1,40,str,2023-06-20 13:46:40
529,529,14804,39429,4,10,0,1,0,4.0,0.3286243386243386,4.0,4.0,4.0,0.0,-1,3,-1,-1,4,5,61,str,2023-06-20 13:47:31
530,530,14804,39429,9,10,0,1,0,3.0,0.5876068376068376,3.0,3.0,3.0,0.0,-1,20,-1,-1,3,7,40,str,2023-06-20 13:48:00
531,531,14804,39429,13,10,0,1,0,3.0,0.4378720238095238,3.0,3.0,3.0,0.0,-1,24,-1,-1,4,1,43,str,2023-06-20 13:48:50
532,532,14804,39429,9,10,0,1,0,3.0,0.5876068376068376,3.0,3.0,3.0,0.0,-1,20,-1,-1,3,7,40,str,2023-06-20 13:50:00
533,533,14804,39429,4,10,0,1,0,4.0,0.3286243386243386,4.0,4.0,4.0,0.0,-1,3,-1,-1,4,5,61,str,2023-06-20 13:54:43
534,534,14804,39429,15,10,0,1,0,4.5,0.3575148809523809,4.5,4.5,4.5,0.0,-1,1,-1,-1,4,1,40,str,2023-06-20 13:54:55
535,535,14804,39429,15,10,0,1,0,4.5,0.3575148809523809,4.5,4.5,4.5,0.0,-1,1,-1,-1,4,1,40,str,2023-06-20 13:55:00
536,536,14804,39429,4,10,0,1,0,4.0,0.3286243386243386,4.0,4.0,4.0,0.0,-1,3,-1,-1,4,5,61,str,2023-06-20 13:55:55
537,537,14804,39429,9,10,0,1,0,3.0,0.5876068376068376,3.0,3.0,3.0,0.0,-1,20,-1,-1,3,7,40,str,2023-06-20 13:57:30
538,538,14804,39429,13,10,0,1,0,3.0,0.4378720238095238,3.0,3.0,3.0,0.0,-1,24,-1,-1,4,1,43,str,2023-06-20 13:57:58
539,539,14889,39494,26,16,0,1,0,4.5,0.3369164332399626,4.5,4.5,0.0,-1.0,-1,1,-1,-1,4,6,23,str,2023-06-20 14:51:11
540,540,14889,39494,24,16,0,1,0,4.5,0.3900023691068467,4.5,4.5,0.0,-1.0,-1,2,-1,-1,4,6,21,str,2023-06-20 14:51:32
541,541,14889,39494,11,16,0,1,0,4.5,0.3710565476190476,4.5,4.5,0.0,-1.0,-1,3,-1,-1,4,6,10,str,2023-06-20 14:51:46
542,542,14889,39494,25,16,0,1,0,4.0,0.2937301587301587,4.0,4.0,0.0,-1.0,-1,5,-1,-1,4,8,32,str,2023-06-20 14:52:44
543,543,14779,39487,29,0,1,0,0,0.0,0.0,0.0,-1.0,-1.0,-1.0,-1,-1,-1,1,3,10,99,str,2023-06-20 14:47:44
544,544,14899,37206,29,31,0,1,0,0.0,0.0,0.0,-1.0,-1.0,-1.0,-1,1,-1,-1,3,10,99,str,2023-06-16 15:58:55
545,545,14899,39510,32,30,0,1,0,5.0,0.3550240279598078,5.0,5.0,1.0,-1.0,-1,2,-1,-1,5,5,16,str,2023-06-20 15:04:01
546,546,14899,39510,13,30,0,0,1,3.0,0.3745535714285714,3.0,3.0,0.0,-1.0,-1,-1,3,-1,4,1,43,str,2023-06-20 15:04:17
547,547,14899,39510,1,30,0,0,1,4.0,0.3789115646258503,4.0,4.0,0.0,-1.0,-1,-1,8,-1,4,4,6,str,2023-06-20 15:04:49
548,548,14899,39510,20,30,0,0,1,4.0,0.275,4.0,4.0,0.0,-1.0,-1,-1,9,-1,4,5,7,str,2023-06-20 15:04:52
549,549,14899,39510,23,30,0,0,1,4.0,0.3625,4.0,4.0,0.0,-1.0,-1,-1,13,-1,4,7,34,str,2023-06-20 15:05:04
550,550,14899,39510,22,30,0,1,0,4.5,0.4034188034188034,4.5,4.5,0.0,-1.0,-1,4,-1,-1,4,7,18,str,2023-06-20 15:05:45
551,551,14899,39510,32,30,0,1,0,5.0,0.3550240279598078,5.0,5.0,1.0,-1.0,-1,2,-1,-1,5,5,16,str,2023-06-20 15:06:03
552,552,14899,39510,30,30,0,1,0,5.0,0.3810861941675896,5.0,5.0,1.0,-1.0,-1,3,-1,-1,5,5,9,str,2023-06-20 15:06:03
553,553,14899,39510,24,30,0,1,0,4.5,0.4425491589670693,4.5,4.5,0.0,-1.0,-1,6,-1,-1,4,6,21,str,2023-06-20 15:06:12
554,554,14899,39510,24,30,0,1,0,4.5,0.4425491589670693,4.5,4.5,0.0,-1.0,-1,6,-1,-1,4,6,21,str,2023-06-20 15:06:48
555,555,14899,39510,30,30,0,1,0,5.0,0.3810861941675896,5.0,5.0,1.0,-1.0,-1,3,-1,-1,5,5,9,str,2023-06-20 15:06:56
556,556,14899,39510,22,30,0,1,0,4.5,0.4034188034188034,4.5,4.5,0.0,-1.0,-1,4,-1,-1,4,7,18,str,2023-06-20 15:07:02
557,557,14899,39510,26,30,0,1,0,4.5,0.394197147458017,4.5,4.5,0.0,-1.0,-1,5,-1,-1,4,6,23,str,2023-06-20 15:07:11
558,558,14899,39510,24,30,0,1,0,4.5,0.4425491589670693,4.5,4.5,0.0,-1.0,-1,6,-1,-1,4,6,21,str,2023-06-20 15:07:19
559,559,14899,39510,15,30,0,1,0,4.5,0.3927128427128427,4.5,4.5,0.0,-1.0,-1,7,-1,-1,4,1,40,str,2023-06-20 15:07:52
560,560,14692,38189,24,19,0,1,0,4.5,0.4232113243307273,4.5,4.5,4.5,4.5,-1,1,-1,-1,4,6,21,str,2023-06-19 14:31:57
561,561,14692,38189,5,19,0,1,0,4.0,0.2336050892471126,4.0,4.0,4.0,4.0,-1,2,-1,-1,4,8,30,str,2023-06-19 14:33:19
562,562,14692,38189,3,19,0,1,0,4.0,0.262063492063492,4.0,4.0,4.0,4.0,-1,3,-1,-1,4,6,72,str,2023-06-19 14:39:12
563,563,14692,38189,29,19,0,1,0,3.5,0.184384861758749,3.5,3.5,3.5,3.5,-1,6,-1,-1,3,10,99,str,2023-06-19 14:39:21
564,564,14692,38189,27,19,0,1,0,3.525,0.2684971838197644,3.5,3.5,3.6,3.5,-1,7,-1,-1,3,8,111,str,2023-06-19 14:39:31
565,565,14692,38189,24,19,0,1,0,4.5,0.4232113243307273,4.5,4.5,4.5,4.5,-1,1,-1,-1,4,6,21,str,2023-06-19 14:39:34
566,566,14692,38189,6,19,0,1,0,4.0,0.3195307108350586,4.0,4.0,4.0,4.0,-1,5,-1,-1,4,5,13,str,2023-06-19 14:39:36
567,567,14692,38189,1,19,0,1,0,3.0,0.2928571428571428,4.0,4.0,0.0,4.0,-1,4,-1,-1,4,4,6,str,2023-06-19 14:40:14
568,568,14692,38189,26,19,0,1,0,4.5,0.3549861973775017,4.5,4.5,4.5,4.5,-1,1,-1,-1,4,6,23,str,2023-06-19 14:40:25
569,569,14692,38189,10,19,0,1,0,3.375,0.34546783625731,4.5,4.5,0.0,4.5,-1,2,-1,-1,4,4,11,str,2023-06-19 14:41:04
570,570,14692,38247,24,19,0,1,0,4.5,0.4444564694564695,4.5,4.5,4.5,4.5,-1,2,-1,-1,4,6,21,str,2023-06-19 14:46:11
571,571,14692,38247,26,19,0,1,0,4.5,0.3627386703473659,4.5,4.5,4.5,4.5,-1,1,-1,-1,4,6,23,str,2023-06-19 14:46:19
572,572,14692,38247,6,19,0,1,0,4.0,0.316504329004329,4.0,4.0,4.0,4.0,-1,13,-1,-1,4,5,13,str,2023-06-19 14:47:07
573,573,14692,38247,25,19,0,1,0,4.0,0.3110978835978835,4.0,4.0,4.0,4.0,-1,6,-1,-1,4,8,32,str,2023-06-19 14:47:17
574,574,14692,38247,4,19,0,1,0,4.0,0.2813492063492063,4.0,4.0,4.0,4.0,-1,10,-1,-1,4,5,61,str,2023-06-19 14:48:27
575,575,14692,38247,17,19,0,1,0,4.0,0.3507326007326006,4.0,4.0,4.0,4.0,-1,7,-1,-1,4,7,46,str,2023-06-19 14:48:56
576,576,14692,38318,5,19,0,1,0,4.0,0.2306113591269841,4.0,4.0,4.0,-1.0,-1,8,-1,-1,4,8,30,str,2023-06-20 15:22:18
577,577,14692,38318,26,19,0,1,0,4.5,0.345500700280112,4.5,4.5,4.5,-1.0,-1,1,-1,-1,4,6,23,str,2023-06-20 15:23:02
578,578,14692,38318,24,19,0,1,0,4.5,0.4144721019721019,4.5,4.5,4.5,-1.0,-1,2,-1,-1,4,6,21,str,2023-06-20 15:23:06
579,579,14692,38318,17,19,0,1,0,4.0,0.3250076312576312,4.0,4.0,4.0,-1.0,-1,6,-1,-1,4,7,46,str,2023-06-20 15:23:09
580,580,14692,38318,8,19,0,1,0,3.5,0.2203115814226925,3.5,3.5,3.5,-1.0,-1,17,-1,-1,3,7,47,str,2023-06-20 15:23:12
581,581,14692,38318,19,19,0,1,0,4.0,0.2212301587301587,4.0,4.0,4.0,-1.0,-1,12,-1,-1,4,7,26,str,2023-06-20 15:23:36
582,582,14692,38318,25,19,0,1,0,4.0,0.2870355834641548,4.0,4.0,4.0,-1.0,-1,9,-1,-1,4,8,32,str,2023-06-20 15:23:54
583,583,14692,38318,3,19,0,1,0,4.0,0.262063492063492,4.0,4.0,4.0,-1.0,-1,10,-1,-1,4,6,72,str,2023-06-20 15:24:39
584,584,14692,39596,23,19,0,1,0,4.0,0.2936507936507936,4.0,4.0,4.0,4.0,-1,11,-1,-1,4,7,34,str,2023-06-20 15:34:58
585,585,14658,39477,29,0,1,0,0,-1.0,0.0,-1.0,-1.0,-1.0,-1.0,-1,-1,-1,1,3,10,99,str,2023-06-20 14:32:42
586,586,14658,39562,22,8,0,1,0,4.5,0.3447897340754483,4.5,4.5,0.0,0.0,-1,1,-1,-1,4,7,18,str,2023-06-20 15:34:18
587,587,14658,39562,25,8,0,1,0,4.0,0.2869527298098726,4.0,4.0,0.0,0.0,-1,2,-1,-1,4,8,32,str,2023-06-20 15:34:31
588,588,14658,40104,29,0,1,0,0,0.0,0.0,0.0,-1.0,-1.0,-1.0,-1,-1,-1,1,3,10,99,str,2023-06-20 19:48:36
589,589,14730,37788,29,0,1,0,0,-1.0,0.0,-1.0,-1.0,-1.0,-1.0,-1,-1,-1,1,3,10,99,str,2023-06-19 13:06:34
590,590,14730,37788,18,0,1,0,0,-1.0,0.0,-1.0,-1.0,-1.0,-1.0,-1,-1,-1,2,5,6,13,str,2023-06-19 13:06:42
591,591,14730,37788,29,0,1,0,0,-1.0,0.0,-1.0,-1.0,-1.0,-1.0,-1,-1,-1,1,3,10,99,str,2023-06-19 13:06:51
592,592,14730,37891,29,0,1,0,0,-1.0,0.0,-1.0,-1.0,-1.0,-1.0,-1,-1,-1,1,3,10,99,str,2023-06-19 13:18:39
593,593,14730,39567,29,0,1,0,0,-1.0,0.0,-1.0,-1.0,-1.0,-1.0,-1,-1,-1,1,3,10,99,str,2023-06-20 15:16:41
594,594,14730,39567,29,31,1,0,0,-1.0,0.0,-1.0,-1.0,-1.0,-1.0,-1,-1,-1,1,3,10,99,str,2023-06-20 15:18:20
595,595,14730,39567,5,31,1,0,0,-1.0,0.0,-1.0,-1.0,-1.0,-1.0,-1,-1,-1,3,4,8,30,str,2023-06-20 15:18:32
596,596,14730,39567,4,31,1,0,0,-1.0,0.0,-1.0,-1.0,-1.0,-1.0,-1,-1,-1,4,4,5,61,str,2023-06-20 15:18:41
597,597,14730,39567,5,31,1,0,0,-1.0,0.0,-1.0,-1.0,-1.0,-1.0,-1,-1,-1,3,4,8,30,str,2023-06-20 15:18:48
598,598,14730,39567,32,31,1,0,0,-1.0,0.0,-1.0,-1.0,-1.0,-1.0,-1,-1,-1,5,5,5,16,str,2023-06-20 15:19:00
599,599,14730,39567,18,31,1,0,0,-1.0,0.0,-1.0,-1.0,-1.0,-1.0,-1,-1,-1,2,5,6,13,str,2023-06-20 15:19:07
600,600,14730,39567,22,31,1,0,0,-1.0,0.0,-1.0,-1.0,-1.0,-1.0,-1,-1,-1,8,4,7,18,str,2023-06-20 15:19:11
601,601,14730,39567,21,31,1,0,0,-1.0,0.0,-1.0,-1.0,-1.0,-1.0,-1,-1,-1,28,2,5,9,str,2023-06-20 15:19:20
602,602,14730,39626,18,0,1,0,0,-1.0,0.0,-1.0,-1.0,-1.0,-1.0,-1,-1,-1,3,5,6,13,str,2023-06-20 15:53:06
603,603,14730,39626,4,0,1,0,0,-1.0,0.0,-1.0,-1.0,-1.0,-1.0,-1,-1,-1,4,4,5,61,str,2023-06-20 15:53:20
604,604,14884,39605,29,0,1,0,0,3.5,0.1716931216931217,3.5,3.5,-1.0,-1.0,-1,-1,-1,1,3,10,99,str,2023-06-20 15:35:12
605,605,14884,39605,1,27,0,1,0,0.0,0.2085034013605442,0.0,0.0,0.0,-1.0,-1,29,-1,-1,4,4,6,str,2023-06-20 15:46:08
606,606,14771,37348,29,8,0,1,0,3.5,0.1609493102796674,3.5,0.0,-1.0,-1.0,-1,1,-1,-1,3,10,99,str,2023-06-19 08:16:23
607,607,14771,37348,8,8,0,1,0,3.5,0.2797619047619047,3.5,0.0,-1.0,-1.0,-1,7,-1,-1,3,7,47,str,2023-06-19 08:17:03
608,608,14771,38829,5,0,1,0,0,0.0,0.0,0.0,-1.0,-1.0,-1.0,-1,-1,-1,3,4,8,30,str,2023-06-19 21:50:13
609,609,14805,35878,5,0,1,0,0,-1.0,0.0,-1.0,-1.0,-1.0,-1.0,-1,-1,-1,3,4,8,30,str,2023-06-14 14:13:56
610,610,14738,38940,29,31,1,0,0,-1.0,0.0,-1.0,-1.0,-1.0,-1.0,-1,-1,-1,1,3,10,99,str,2023-06-19 23:35:44
611,611,14738,39713,29,0,1,0,0,3.5,0.1137546512175592,3.5,3.5,3.5,3.5,-1,-1,-1,1,3,10,99,str,2023-06-20 16:34:30
612,612,14714,38705,18,0,1,0,0,-1.0,0.0,-1.0,-1.0,-1.0,-1.0,-1,-1,-1,2,5,6,13,str,2023-06-19 20:17:23
613,613,14714,38705,29,0,1,0,0,-1.0,0.0,-1.0,-1.0,-1.0,-1.0,-1,-1,-1,1,3,10,99,str,2023-06-19 20:17:23
614,614,14714,38750,29,0,1,0,0,-1.0,0.0,-1.0,-1.0,-1.0,-1.0,-1,-1,-1,1,3,10,99,str,2023-06-19 20:46:01
615,615,14714,38750,29,31,1,0,0,-1.0,0.0,-1.0,-1.0,-1.0,-1.0,-1,-1,-1,1,3,10,99,str,2023-06-19 20:49:42
616,616,14656,39768,18,27,0,1,0,5.0,0.2007600215227334,5.0,-1.0,-1.0,-1.0,-1,1,-1,-1,5,6,13,str,2023-06-20 17:06:47
617,617,14656,39768,32,27,0,1,0,5.0,0.2581112567351099,5.0,-1.0,-1.0,-1.0,-1,2,-1,-1,5,5,16,str,2023-06-20 17:06:47
618,618,14656,39768,30,27,0,1,0,5.0,0.255047988187523,5.0,-1.0,-1.0,-1.0,-1,3,-1,-1,5,5,9,str,2023-06-20 17:06:47
619,619,14656,39768,22,27,0,1,0,4.5,0.2293650793650793,4.5,-1.0,-1.0,-1.0,-1,4,-1,-1,4,7,18,str,2023-06-20 17:07:18
620,620,14656,39768,22,27,0,1,0,4.5,0.2293650793650793,4.5,-1.0,-1.0,-1.0,-1,4,-1,-1,4,7,18,str,2023-06-20 17:09:09
621,621,14646,38239,5,0,1,0,0,-1.0,0.0,-1.0,-1.0,-1.0,-1.0,-1,-1,-1,3,4,8,30,str,2023-06-19 14:43:43
622,622,14646,39740,22,24,0,1,0,4.5,0.3268037518037517,4.5,4.5,4.5,0.0,-1,1,-1,-1,4,7,18,str,2023-06-20 16:53:04
623,623,14716,39346,22,27,0,1,0,3.0,0.2142135642135642,4.5,4.5,0.0,0.0,-1,3,-1,-1,4,7,18,str,2023-06-20 17:31:35
624,624,14716,39346,32,27,0,1,0,1.6666666666666667,0.1743628950050968,0.0,5.0,0.0,1.0,-1,2,-1,-1,5,5,16,str,2023-06-20 17:34:51
625,625,14716,39346,18,27,0,1,0,1.6666666666666667,0.1473775751435325,0.0,5.0,0.0,1.0,-1,1,-1,-1,5,6,13,str,2023-06-20 17:35:01
626,626,14716,39346,5,27,1,0,0,4.0,0.177286396329365,4.0,4.0,4.0,0.0,-1,-1,-1,2,4,8,30,str,2023-06-20 17:36:21
627,627,14665,37867,26,16,0,1,0,4.5,0.4289390756302521,4.5,4.5,4.5,4.5,-1,1,-1,-1,4,6,23,str,2023-06-19 13:19:03
628,628,14689,39912,15,10,0,1,0,4.5,0.345610119047619,4.5,4.5,4.5,0.0,-1,1,-1,-1,4,1,40,str,2023-06-20 18:16:27
629,629,14689,39912,28,10,0,1,0,4.5,0.3293253968253968,4.5,4.5,4.5,0.0,-1,2,-1,-1,4,1,18,str,2023-06-20 18:16:59
630,630,14689,39912,5,10,0,1,0,4.0,0.2534613715277777,4.0,4.0,4.0,0.0,-1,5,-1,-1,4,8,30,str,2023-06-20 18:17:15
631,631,14689,39912,25,10,0,1,0,4.0,0.2602694924123495,4.0,4.0,4.0,0.0,-1,6,-1,-1,4,8,32,str,2023-06-20 18:17:17
632,632,14689,39912,4,10,0,1,0,4.0,0.2536541005291005,4.0,4.0,4.0,0.0,-1,3,-1,-1,4,5,61,str,2023-06-20 18:17:17
633,633,14689,39912,17,10,0,1,0,4.0,0.33622557997558,4.0,4.0,4.0,0.0,-1,4,-1,-1,4,7,46,str,2023-06-20 18:17:17
634,634,14684,38542,29,31,1,0,0,-1.0,0.0,-1.0,-1.0,-1.0,-1.0,-1,-1,-1,1,3,10,99,str,2023-06-19 18:15:12
635,635,14684,38542,31,31,1,0,0,-1.0,0.0,-1.0,-1.0,-1.0,-1.0,-1,-1,-1,9,4,3,49,str,2023-06-19 18:28:27
636,636,14684,38542,18,31,1,0,0,-1.0,0.0,-1.0,-1.0,-1.0,-1.0,-1,-1,-1,1,5,6,13,str,2023-06-19 18:29:03
637,637,14684,38542,18,31,1,0,0,-1.0,0.0,-1.0,-1.0,-1.0,-1.0,-1,-1,-1,1,5,6,13,str,2023-06-19 18:29:56
638,638,14684,39945,5,31,0,1,0,4.0,0.2977942088293651,4.0,4.0,-1.0,-1.0,-1,2,-1,-1,4,8,30,str,2023-06-20 18:25:37
639,639,14762,39860,18,0,1,0,0,-1.0,0.0,-1.0,-1.0,-1.0,-1.0,-1,-1,-1,3,5,6,13,str,2023-06-20 17:45:13
640,640,14766,40039,9,22,0,1,0,3.0,0.5375457875457875,3.0,3.0,3.0,3.0,0,18,-1,-1,3,7,40,str,2023-06-20 19:23:19
641,641,14768,40024,5,10,0,1,0,4.0,0.1307183159722222,4.0,0.0,-1.0,-1.0,-1,5,-1,-1,4,8,30,str,2023-06-20 19:14:40
642,642,14768,40024,13,10,0,1,0,3.0,0.1512648809523809,3.0,0.0,-1.0,-1.0,-1,10,-1,-1,4,1,43,str,2023-06-20 19:15:16
643,643,14768,40024,8,10,0,1,0,3.5,0.1587585034013605,3.5,0.0,-1.0,-1.0,-1,8,-1,-1,3,7,47,str,2023-06-20 19:15:16
644,644,14768,40024,29,10,0,1,0,3.5,0.1092911470143613,3.5,0.0,-1.0,-1.0,-1,7,-1,-1,3,10,99,str,2023-06-20 19:17:05
645,645,14768,40024,25,10,0,1,0,4.0,0.1368430335097001,4.0,0.0,-1.0,-1.0,-1,6,-1,-1,4,8,32,str,2023-06-20 19:18:43
646,646,14764,38355,29,31,1,0,0,-1.0,0.0,-1.0,-1.0,-1.0,-1.0,-1,-1,-1,1,3,10,99,str,2023-06-19 15:10:22
647,647,14667,40243,18,27,0,1,0,5.0,0.2110824045930429,5.0,1.0,-1.0,-1.0,-1,1,-1,-1,5,6,13,str,2023-06-20 21:31:55
648,648,14667,40243,32,27,0,1,0,5.0,0.2583627278071722,5.0,1.0,-1.0,-1.0,-1,2,-1,-1,5,5,16,str,2023-06-20 21:32:06
649,649,14667,40243,32,27,0,1,0,5.0,0.2583627278071722,5.0,1.0,-1.0,-1.0,-1,2,-1,-1,5,5,16,str,2023-06-20 21:32:27
650,650,14667,40243,30,27,0,1,0,5.0,0.2628664799253034,5.0,1.0,-1.0,-1.0,-1,3,-1,-1,5,5,9,str,2023-06-20 21:32:39
651,651,14667,40243,32,27,0,1,0,5.0,0.2583627278071722,5.0,1.0,-1.0,-1.0,-1,2,-1,-1,5,5,16,str,2023-06-20 21:33:02
652,652,14667,40243,18,27,0,1,0,5.0,0.2110824045930429,5.0,1.0,-1.0,-1.0,-1,1,-1,-1,5,6,13,str,2023-06-20 21:33:08
653,653,14669,40273,18,27,0,1,0,5.0,0.2754573580844767,5.0,5.0,5.0,-1.0,-1,1,-1,-1,5,6,13,str,2023-06-20 21:42:52
654,654,14669,40273,32,27,0,1,0,5.0,0.3415270429159318,5.0,5.0,5.0,-1.0,-1,2,-1,-1,5,5,16,str,2023-06-20 21:42:52
655,655,14669,40273,30,27,0,1,0,5.0,0.3550802879291251,5.0,5.0,5.0,-1.0,-1,3,-1,-1,5,5,9,str,2023-06-20 21:42:52
656,656,14669,40273,17,27,0,1,0,4.0,0.4050838574423479,4.0,4.0,4.0,-1.0,-1,15,-1,-1,4,7,46,str,2023-06-20 21:43:53
657,657,14718,40343,29,0,1,0,0,-1.0,0.0,-1.0,-1.0,-1.0,-1.0,-1,-1,-1,1,3,10,99,str,2023-06-20 21:52:02
658,658,14674,37574,4,0,1,0,0,-1.0,0.0,-1.0,-1.0,-1.0,-1.0,-1,-1,-1,4,4,5,61,str,2023-06-19 12:15:09
659,659,14674,37585,5,0,1,0,0,0.0,0.0,0.0,-1.0,-1.0,-1.0,-1,-1,-1,3,4,8,30,str,2023-06-19 12:17:02
660,660,14674,40340,4,8,1,0,0,4.0,0.2966765873015873,4.0,4.0,4.0,-1.0,-1,-1,-1,1,4,5,61,str,2023-06-20 21:58:45
661,661,14696,39500,25,27,0,1,0,0.0,0.0,0.0,-1.0,-1.0,-1.0,-1,13,-1,-1,4,8,32,str,2023-06-20 15:04:04
662,662,14704,40371,17,27,0,1,0,4.0,0.2981379731379731,4.0,4.0,4.0,4.0,-1,1,-1,-1,4,7,46,str,2023-06-20 22:05:57
663,663,14704,40371,17,27,0,1,0,4.0,0.2981379731379731,4.0,4.0,4.0,4.0,-1,1,-1,-1,4,7,46,str,2023-06-20 22:06:21
664,664,14907,38237,29,0,1,0,0,3.5,0.2580259997173943,3.5,3.5,3.5,-1.0,-1,-1,-1,1,3,10,99,str,2023-06-19 14:45:37
665,665,14907,39987,22,15,0,1,0,4.5,0.3562169312169311,4.5,4.5,4.5,0.0,-1,1,-1,-1,4,7,18,str,2023-06-20 20:47:35
666,666,14907,39987,18,23,0,1,0,5.0,0.2822252488566047,5.0,5.0,5.0,1.0,-1,1,-1,-1,5,6,13,str,2023-06-20 21:38:03
667,667,14907,39987,30,23,0,1,0,5.0,0.3723062558356675,5.0,5.0,5.0,1.0,-1,2,-1,-1,5,5,9,str,2023-06-20 21:39:48
668,668,14907,39987,26,23,0,1,0,4.5,0.382873245916724,4.5,4.5,4.5,0.0,-1,3,-1,-1,4,6,23,str,2023-06-20 21:40:40
669,669,14907,39987,7,23,0,1,0,4.5,0.3943174603174603,4.5,4.5,4.5,0.0,-1,4,-1,-1,4,4,20,str,2023-06-20 21:41:14
670,670,14907,39987,10,23,0,1,0,4.5,0.382583774250441,4.5,4.5,4.5,0.0,-1,6,-1,-1,4,4,11,str,2023-06-20 21:41:15
671,671,14907,40368,29,0,1,0,0,0.0,0.0,0.0,-1.0,-1.0,-1.0,-1,-1,-1,1,3,10,99,str,2023-06-20 22:00:39
672,672,14907,40368,18,0,1,0,0,0.0,0.0,0.0,-1.0,-1.0,-1.0,-1,-1,-1,1,5,6,13,str,2023-06-20 22:01:20
673,673,14907,40368,8,0,1,0,0,0.0,0.0,0.0,-1.0,-1.0,-1.0,-1,-1,-1,16,3,7,47,str,2023-06-20 22:06:04
674,674,14765,40391,29,0,1,0,0,0.0,0.0,0.0,-1.0,-1.0,-1.0,-1,-1,-1,1,3,10,99,str,2023-06-20 22:12:43
675,675,14711,40401,32,27,0,1,0,5.0,0.327541138779671,5.0,5.0,1.0,-1.0,-1,2,-1,-1,5,5,16,str,2023-06-20 22:17:43
676,676,14711,40401,18,27,0,1,0,5.0,0.2720154022060801,5.0,5.0,1.0,-1.0,-1,1,-1,-1,5,6,13,str,2023-06-20 22:18:28
677,677,14711,40401,22,27,0,1,0,4.5,0.3148783755926612,4.5,4.5,0.0,-1.0,-1,4,-1,-1,4,7,18,str,2023-06-20 22:18:29
678,678,14711,40401,17,27,0,1,0,4.0,0.4131476489967056,4.0,4.0,0.0,-1.0,-1,12,-1,-1,4,7,46,str,2023-06-20 22:18:47
679,679,14711,40401,23,27,0,1,0,4.0,0.2504298941798942,4.0,4.0,0.0,-1.0,-1,16,-1,-1,4,7,34,str,2023-06-20 22:19:40
680,680,14711,40401,22,27,0,1,0,4.5,0.3148783755926612,4.5,4.5,0.0,-1.0,-1,4,-1,-1,4,7,18,str,2023-06-20 22:19:40
681,681,14715,39242,29,31,1,0,0,-1.0,0.0,-1.0,-1.0,-1.0,-1.0,-1,-1,-1,1,3,10,99,str,2023-06-20 09:57:16
682,682,14715,39242,29,31,1,0,0,-1.0,0.0,-1.0,-1.0,-1.0,-1.0,-1,-1,-1,1,3,10,99,str,2023-06-20 09:58:00
683,683,14715,39242,18,31,1,0,0,-1.0,0.0,-1.0,-1.0,-1.0,-1.0,-1,-1,-1,2,5,6,13,str,2023-06-20 09:58:27
684,684,14715,39242,18,31,1,0,0,-1.0,0.0,-1.0,-1.0,-1.0,-1.0,-1,-1,-1,2,5,6,13,str,2023-06-20 10:01:03
685,685,14715,39701,29,31,1,0,0,3.5,0.1310877961471433,3.5,3.5,3.5,-1.0,-1,-1,-1,1,3,10,99,str,2023-06-20 16:33:32
686,686,14737,40458,18,24,0,1,0,5.0,0.2723741979061128,5.0,5.0,5.0,5.0,1,1,-1,-1,5,6,13,str,2023-06-20 22:42:28
687,687,14755,38511,18,0,1,0,0,-1.0,0.0,-1.0,-1.0,-1.0,-1.0,-1,-1,-1,2,5,6,13,str,2023-06-19 17:20:42
688,688,14794,40704,5,31,1,0,0,-1.0,0.0,-1.0,-1.0,-1.0,-1.0,-1,-1,-1,2,4,8,30,str,2023-06-21 14:05:49
689,689,14908,38948,18,0,1,0,0,-1.0,0.0,-1.0,-1.0,-1.0,-1.0,-1,-1,-1,2,5,6,13,str,2023-06-19 23:10:12
690,690,20734,40897,18,27,0,1,0,5.0,0.0,5.0,5.0,-1.0,-1.0,-1,1,-1,-1,5,6,13,str,2023-07-11 13:38:26
691,691,20734,40897,18,27,0,1,0,5.0,0.0,5.0,5.0,-1.0,-1.0,-1,1,-1,-1,5,6,13,str,2023-07-11 13:39:06
692,692,20734,40897,22,27,0,1,0,4.0,0.0,4.0,4.0,-1.0,-1.0,-1,3,-1,-1,4,7,18,str,2023-07-11 13:40:31
693,693,20734,40897,2,27,0,1,0,4.0,0.0,4.0,4.0,-1.0,-1.0,-1,4,-1,-1,4,6,11,str,2023-07-11 13:40:46
694,694,20734,40897,2,27,0,1,0,4.0,0.0,4.0,4.0,-1.0,-1.0,-1,4,-1,-1,4,6,11,str,2023-07-11 13:41:08
695,695,20734,40897,2,27,0,1,0,4.0,0.0,4.0,4.0,-1.0,-1.0,-1,4,-1,-1,4,6,11,str,2023-07-11 13:41:27
696,696,20734,40897,31,27,0,1,0,4.0,0.0,4.0,4.0,-1.0,-1.0,-1,5,-1,-1,4,3,49,str,2023-07-11 13:42:05
697,697,20734,40897,19,27,0,1,0,4.0,0.0,4.0,4.0,-1.0,-1.0,-1,9,-1,-1,4,7,26,str,2023-07-11 13:42:24
698,698,20734,40897,5,27,0,1,0,4.0,0.0,4.0,4.0,-1.0,-1.0,-1,7,-1,-1,4,8,30,str,2023-07-11 13:42:24
699,699,20734,40897,23,27,0,1,0,4.0,0.0,4.0,4.0,-1.0,-1.0,-1,8,-1,-1,4,7,34,str,2023-07-11 13:42:25
700,700,20734,40897,11,27,0,1,0,2.0,0.0,4.0,0.0,-1.0,-1.0,-1,18,-1,-1,4,6,10,str,2023-07-11 13:42:25
701,701,20734,40897,17,27,0,1,0,2.0,0.0,4.0,0.0,-1.0,-1.0,-1,23,-1,-1,4,7,46,str,2023-07-11 13:42:40
702,702,20734,40897,11,27,0,1,0,2.0,0.0,4.0,0.0,-1.0,-1.0,-1,18,-1,-1,4,6,10,str,2023-07-11 13:42:51
703,703,20734,40897,28,27,0,1,0,0.0,0.0,0.0,0.0,-1.0,-1.0,-1,31,-1,-1,4,1,18,str,2023-07-11 13:43:02
704,704,20734,40897,29,27,0,1,0,3.0,0.0,3.0,3.0,-1.0,-1.0,-1,12,-1,-1,3,10,99,str,2023-07-11 13:43:11
705,705,20734,40897,25,27,0,1,0,4.0,0.0,4.0,4.0,-1.0,-1.0,-1,6,-1,-1,4,8,32,str,2023-07-11 13:43:27
706,706,20735,40899,18,27,0,1,0,5.0,0.0,5.0,5.0,-1.0,-1.0,-1,1,-1,-1,5,6,13,str,2023-07-11 13:42:55
707,707,20735,40899,32,27,0,1,0,5.0,0.0,5.0,5.0,-1.0,-1.0,-1,2,-1,-1,5,5,16,str,2023-07-11 13:43:31
708,708,20735,40899,26,27,0,1,0,4.0,0.0,4.0,4.0,-1.0,-1.0,-1,5,-1,-1,4,6,23,str,2023-07-11 13:43:46
709,709,20735,40899,12,27,0,1,0,4.0,0.0,4.0,4.0,-1.0,-1.0,-1,9,-1,-1,4,5,17,str,2023-07-11 13:43:59
710,710,20735,40899,22,27,0,1,0,4.0,0.0,4.0,4.0,-1.0,-1.0,-1,4,-1,-1,4,7,18,str,2023-07-11 13:44:18
711,711,20738,40910,22,26,0,1,0,4.0,0.0,4.0,4.0,-1.0,-1.0,-1,4,-1,-1,4,7,18,str,2023-07-11 14:21:17
712,712,20738,40910,11,26,0,1,0,4.0,0.0,4.0,4.0,-1.0,-1.0,-1,8,-1,-1,4,6,10,str,2023-07-11 14:21:31
713,713,20739,40911,22,8,0,1,0,4.0,0.0,4.0,4.0,-1.0,-1.0,-1,1,-1,-1,4,7,18,str,2023-07-11 14:26:13
714,714,20739,40911,25,8,0,1,0,4.0,0.0,4.0,4.0,-1.0,-1.0,-1,2,-1,-1,4,8,32,str,2023-07-11 14:26:28
715,715,20739,40911,5,8,0,1,0,4.0,0.0,4.0,4.0,-1.0,-1.0,-1,3,-1,-1,4,8,30,str,2023-07-11 14:26:43
716,716,20767,40918,18,26,0,1,0,5.0,0.0,5.0,5.0,-1.0,-1.0,-1,1,-1,-1,5,6,13,str,2023-07-11 14:44:20
717,717,20767,40918,32,26,0,1,0,5.0,0.0,5.0,5.0,-1.0,-1.0,-1,2,-1,-1,5,5,16,str,2023-07-11 14:45:00
718,718,20767,40918,30,26,0,1,0,5.0,0.0,5.0,5.0,-1.0,-1.0,-1,3,-1,-1,5,5,9,str,2023-07-11 14:45:29
719,719,20767,40918,22,26,0,1,0,4.0,0.0,4.0,4.0,-1.0,-1.0,-1,4,-1,-1,4,7,18,str,2023-07-11 14:45:53
720,720,20767,40918,26,26,0,1,0,4.0,0.0,4.0,4.0,-1.0,-1.0,-1,5,-1,-1,4,6,23,str,2023-07-11 14:46:17
721,721,20767,40918,26,26,0,1,0,4.0,0.0,4.0,4.0,-1.0,-1.0,-1,5,-1,-1,4,6,23,str,2023-07-11 14:46:48
722,722,20769,40920,32,8,0,1,0,5.0,0.0,5.0,-1.0,-1.0,-1.0,-1,2,-1,-1,5,5,16,str,2023-07-11 14:52:55
723,723,20769,40920,30,8,0,1,0,5.0,0.0,5.0,-1.0,-1.0,-1.0,-1,3,-1,-1,5,5,9,str,2023-07-11 14:53:12
724,724,20769,40920,18,8,0,1,0,5.0,0.0,5.0,-1.0,-1.0,-1.0,-1,1,-1,-1,5,6,13,str,2023-07-11 14:53:23
725,725,20770,40922,18,27,0,1,0,5.0,0.0,5.0,5.0,-1.0,-1.0,-1,1,-1,-1,5,6,13,str,2023-07-11 15:06:07
726,726,20770,40922,18,27,0,1,0,5.0,0.0,5.0,5.0,-1.0,-1.0,-1,1,-1,-1,5,6,13,str,2023-07-11 15:06:16
727,727,20771,40924,18,30,0,1,0,5.0,0.0,5.0,5.0,-1.0,-1.0,-1,1,-1,-1,5,6,13,str,2023-07-11 15:20:15
728,728,20771,40924,32,30,0,1,0,5.0,0.0,5.0,5.0,-1.0,-1.0,-1,2,-1,-1,5,5,16,str,2023-07-11 15:20:55
729,729,20771,40924,22,30,0,1,0,4.0,0.0,4.0,4.0,-1.0,-1.0,-1,4,-1,-1,4,7,18,str,2023-07-11 15:21:28
730,730,20771,40924,26,30,0,1,0,4.0,0.0,4.0,4.0,-1.0,-1.0,-1,5,-1,-1,4,6,23,str,2023-07-11 15:21:44
731,731,20789,40932,18,23,0,1,0,5.0,0.0,5.0,5.0,-1.0,-1.0,-1,1,-1,-1,5,6,13,str,2023-07-11 15:58:42
732,732,20789,40932,32,23,0,1,0,5.0,0.0,5.0,5.0,-1.0,-1.0,-1,2,-1,-1,5,5,16,str,2023-07-11 15:59:26
733,733,20789,40932,30,23,0,1,0,5.0,0.0,5.0,5.0,-1.0,-1.0,-1,3,-1,-1,5,5,9,str,2023-07-11 15:59:52
734,734,20788,40933,18,27,0,1,0,5.0,0.0,5.0,5.0,-1.0,-1.0,-1,1,-1,-1,5,6,13,str,2023-07-11 16:05:44
735,735,20788,40933,32,27,0,1,0,5.0,0.0,5.0,5.0,-1.0,-1.0,-1,2,-1,-1,5,5,16,str,2023-07-11 16:06:45
736,736,20788,40933,30,27,0,1,0,5.0,0.0,5.0,5.0,-1.0,-1.0,-1,3,-1,-1,5,5,9,str,2023-07-11 16:06:58
737,737,20788,40933,22,27,0,1,0,4.0,0.0,4.0,4.0,-1.0,-1.0,-1,4,-1,-1,4,7,18,str,2023-07-11 16:07:11
738,738,20788,40933,26,27,0,1,0,4.0,0.0,4.0,4.0,-1.0,-1.0,-1,5,-1,-1,4,6,23,str,2023-07-11 16:07:31
739,739,20788,40933,18,27,0,1,0,5.0,0.0,5.0,5.0,-1.0,-1.0,-1,1,-1,-1,5,6,13,str,2023-07-11 16:07:54
740,740,20788,40933,24,27,0,1,0,4.0,0.0,4.0,4.0,-1.0,-1.0,-1,6,-1,-1,4,6,21,str,2023-07-11 16:08:12
741,741,20788,40933,2,27,0,1,0,4.0,0.0,4.0,4.0,-1.0,-1.0,-1,7,-1,-1,4,6,11,str,2023-07-11 16:08:24
742,742,20788,40933,11,27,0,1,0,4.0,0.0,4.0,4.0,-1.0,-1.0,-1,8,-1,-1,4,6,10,str,2023-07-11 16:08:47
743,743,20788,40933,7,27,0,1,0,4.0,0.0,4.0,4.0,-1.0,-1.0,-1,10,-1,-1,4,4,20,str,2023-07-11 16:09:00
744,744,20788,40933,31,27,0,1,0,4.0,0.0,4.0,4.0,-1.0,-1.0,-1,13,-1,-1,4,3,49,str,2023-07-11 16:09:19
745,745,20788,40933,3,27,0,1,0,4.0,0.0,4.0,4.0,-1.0,-1.0,-1,19,-1,-1,4,6,72,str,2023-07-11 16:09:59
746,746,20798,40938,18,28,0,1,0,5.0,0.0,5.0,5.0,-1.0,-1.0,-1,1,-1,-1,5,6,13,str,2023-07-11 16:31:54
747,747,20798,40938,21,28,0,1,0,2.0,0.0,2.0,2.0,-1.0,-1.0,-1,28,-1,-1,2,5,9,str,2023-07-11 16:33:02
748,748,20797,40939,18,27,0,1,0,5.0,0.0,5.0,5.0,-1.0,-1.0,-1,1,-1,-1,5,6,13,str,2023-07-11 16:38:10
749,749,20797,40939,32,27,0,1,0,5.0,0.0,5.0,5.0,-1.0,-1.0,-1,2,-1,-1,5,5,16,str,2023-07-11 16:38:22
750,750,20797,40939,32,27,0,1,0,5.0,0.0,5.0,5.0,-1.0,-1.0,-1,2,-1,-1,5,5,16,str,2023-07-11 16:38:27
751,751,20797,40939,32,27,0,1,0,5.0,0.0,5.0,5.0,-1.0,-1.0,-1,2,-1,-1,5,5,16,str,2023-07-11 16:39:10
752,752,20797,40939,30,27,0,1,0,5.0,0.0,5.0,5.0,-1.0,-1.0,-1,3,-1,-1,5,5,9,str,2023-07-11 16:39:20
753,753,20797,40939,22,27,0,1,0,4.0,0.0,4.0,4.0,-1.0,-1.0,-1,4,-1,-1,4,7,18,str,2023-07-11 16:39:32
