user_id,group_id,type,time
14720,36883,fit,2023-06-15 23:46:52
14720,36883,fit,2023-06-15 23:46:55
14720,36883,pop,2023-06-15 23:46:57
14720,36883,sim,2023-06-15 23:47:00
14720,36883,sim,2023-06-15 23:49:56
14720,36883,sim,2023-06-15 23:59:56
14720,36883,sim,2023-06-16 00:00:18
14720,36888,pop,2023-06-16 00:00:52
14720,36889,pop,2023-06-16 00:26:19
14720,36916,pop,2023-06-16 09:57:52
14720,36950,pop,2023-06-16 11:06:00
14720,36951,pop,2023-06-16 11:07:57
14720,36951,fit,2023-06-16 11:09:55
14720,36951,pop,2023-06-16 11:11:54
14720,36951,sim,2023-06-16 11:11:57
14720,36951,fit,2023-06-16 11:12:00
14720,36952,pop,2023-06-16 11:14:50
14720,37281,pop,2023-06-18 10:52:38
14720,37281,fit,2023-06-18 10:53:13
14720,37281,pop,2023-06-18 10:53:17
14720,37281,fit,2023-06-18 10:53:18
14720,37281,sim,2023-06-18 10:53:22
14720,37281,fit,2023-06-18 10:53:26
14720,37297,pop,2023-06-18 14:24:40
14720,37297,pop,2023-06-18 14:24:45
14720,37298,pop,2023-06-18 14:25:12
14720,37298,pop,2023-06-18 14:25:24
14720,37299,pop,2023-06-18 14:27:16
14720,37300,pop,2023-06-18 14:28:13
14720,37303,pop,2023-06-18 15:44:29
14720,37304,pop,2023-06-18 15:54:13
14720,37356,pop,2023-06-19 09:07:22
14748,35821,pop,2023-06-14 13:41:02
14748,37199,pop,2023-06-16 15:35:09
14748,37199,fit,2023-06-16 15:37:23
14748,37199,sim,2023-06-16 15:38:19
14748,37199,sim,2023-06-16 15:39:14
14748,37199,sim,2023-06-16 15:39:43
14748,37199,sim,2023-06-16 15:40:03
14748,37199,sim,2023-06-16 15:40:36
14748,37199,sim,2023-06-16 15:47:38
14748,40947,pop,2023-08-06 15:49:21
14748,40948,pop,2023-08-06 16:03:37
14748,40949,pop,2023-08-06 16:04:47
14748,40950,pop,2023-08-06 16:05:40
14750,35823,pop,2023-06-14 13:42:21
14750,36894,pop,2023-06-16 02:30:00
14750,37220,pop,2023-06-16 22:21:04
14750,37221,pop,2023-06-16 22:28:01
14750,37221,fit,2023-06-16 22:30:07
14750,37477,pop,2023-06-19 11:41:14
14750,38110,fit,2023-06-19 14:03:53
14750,38110,fit,2023-06-19 15:55:26
14750,38547,pop,2023-06-19 18:17:55
14750,38550,pop,2023-06-19 18:19:19
14750,38551,pop,2023-06-19 18:19:28
14750,38710,pop,2023-06-19 20:14:01
14750,38711,pop,2023-06-19 20:14:07
14750,39091,pop,2023-06-20 02:38:37
14750,39094,pop,2023-06-20 02:39:57
14750,39102,pop,2023-06-20 02:47:48
14750,39103,pop,2023-06-20 02:47:55
14750,39117,pop,2023-06-20 03:15:17
14750,39118,pop,2023-06-20 03:15:26
14750,39300,pop,2023-06-20 11:00:50
14750,39301,pop,2023-06-20 11:01:06
14750,39343,pop,2023-06-20 11:59:25
14750,39347,pop,2023-06-20 12:02:49
14750,39349,pop,2023-06-20 12:05:37
14750,39366,pop,2023-06-20 12:24:57
14750,39367,pop,2023-06-20 12:25:25
14750,39368,pop,2023-06-20 12:25:55
14750,39369,pop,2023-06-20 12:26:10
14750,39370,pop,2023-06-20 12:26:34
14750,39371,pop,2023-06-20 12:26:41
14750,39372,pop,2023-06-20 12:26:45
14750,39373,pop,2023-06-20 12:26:52
14750,39374,pop,2023-06-20 12:26:58
14750,39375,pop,2023-06-20 12:27:05
14750,39376,pop,2023-06-20 12:27:19
14750,39390,pop,2023-06-20 12:49:52
14750,39394,pop,2023-06-20 12:54:37
14750,39395,pop,2023-06-20 12:54:42
14750,39397,pop,2023-06-20 12:56:20
14750,39398,pop,2023-06-20 12:56:28
14750,39399,pop,2023-06-20 12:56:52
14750,39430,pop,2023-06-20 13:21:00
14750,39442,pop,2023-06-20 13:43:02
14750,39443,pop,2023-06-20 13:43:11
14750,39496,pop,2023-06-20 14:48:40
14750,39604,pop,2023-06-20 15:34:29
14750,39608,pop,2023-06-20 15:35:13
14750,39625,pop,2023-06-20 15:46:09
14750,39729,pop,2023-06-20 16:40:26
14681,35754,pop,2023-06-14 12:56:10
14681,36893,pop,2023-06-16 02:27:59
14681,37223,pop,2023-06-16 22:35:25
14681,37289,pop,2023-06-18 12:28:42
14681,37290,pop,2023-06-18 12:29:10
14681,38100,pop,2023-06-19 13:46:35
14681,38921,pop,2023-06-19 23:00:03
14681,39086,fit,2023-06-20 02:35:55
14681,39087,pop,2023-06-20 02:37:16
14681,39089,pop,2023-06-20 02:37:37
14681,39287,pop,2023-06-20 10:53:32
14681,39289,pop,2023-06-20 10:54:14
14681,39304,pop,2023-06-20 11:06:33
14681,39610,2023-06-20 15:36:19
14745,35818,pop,2023-06-14 13:38:45
14745,37228,pop,2023-06-16 23:17:20
14745,37228,pop,2023-06-16 23:18:02
14745,37229,pop,2023-06-16 23:21:11
14745,37229,fit,2023-06-16 23:23:21
14745,37229,fit,2023-06-16 23:23:47
14668,35741,pop,2023-06-14 12:47:55
14668,37230,fit,2023-06-16 23:27:27
14675,35748,pop,2023-06-14 12:52:52
14675,36909,pop,2023-06-16 09:48:11
14675,36910,pop,2023-06-16 09:48:27
14675,36910,pop,2023-06-16 09:48:28
14675,37250,fit,2023-06-17 16:09:37
14675,37274,pop,2023-06-18 00:43:30
14675,37288,pop,2023-06-18 12:15:59
14675,37393,pop,2023-06-19 11:17:26
14675,37397,pop,2023-06-19 11:19:47
14675,38158,pop,2023-06-19 14:06:50
14675,38158,pop,2023-06-19 14:21:25
14675,38158,pop,2023-06-19 14:21:35
14675,38694,pop,2023-06-19 19:53:30
14675,38736,pop,2023-06-19 20:32:01
14675,39288,pop,2023-06-20 10:53:56
14675,39689,pop,2023-06-20 16:18:47
14763,35836,pop,2023-06-14 13:48:16
14763,37249,pop,2023-06-17 16:08:44
14763,38284,2023-06-19 15:00:54
14763,39692,pop,2023-06-20 16:21:42
14763,39699,pop,2023-06-20 16:22:09
14763,39846,pop,2023-06-20 17:42:04
14763,39905,pop,2023-06-20 18:03:19
14763,39905,pop,2023-06-20 18:03:20
14763,39973,pop,2023-06-20 18:33:04
14763,39973,pop,2023-06-20 18:33:04
14763,39973,pop,2023-06-20 18:33:05
14763,39973,pop,2023-06-20 19:26:31
14902,35969,pop,2023-06-14 16:02:12
14902,37256,fit,2023-06-17 17:00:58
14902,37257,pop,2023-06-17 17:01:58
14902,38834,pop,2023-06-19 21:48:44
14902,38915,pop,2023-06-19 22:53:26
14902,38915,fit,2023-06-19 22:53:41
14902,38920,pop,2023-06-19 22:57:39
14902,38920,fit,2023-06-19 23:00:04
14902,38920,fit,2023-06-19 23:00:34
14801,35874,pop,2023-06-14 14:08:31
14801,37282,pop,2023-06-18 11:08:31
14801,37282,fit,2023-06-18 11:20:03
14801,37282,fit,2023-06-18 11:20:05
14801,37282,fit,2023-06-18 11:20:19
14801,37282,sim,2023-06-18 11:21:33
14801,37282,sim,2023-06-18 11:21:38
14801,37282,pop,2023-06-18 11:21:42
14801,37282,fit,2023-06-18 11:21:48
14801,37282,fit,2023-06-18 11:23:09
14801,37282,fit,2023-06-18 11:26:08
14801,37282,fit,2023-06-18 11:26:22
14801,37282,2023-06-18 11:27:05
14671,35744,pop,2023-06-14 12:50:26
14671,37284,pop,2023-06-18 11:30:56
14671,37284,fit,2023-06-18 11:32:14
14671,37284,fit,2023-06-18 11:36:50
14660,35733,pop,2023-06-14 12:44:34
14660,37315,pop,2023-06-18 20:39:55
14660,37315,fit,2023-06-18 20:48:48
14660,37315,fit,2023-06-18 20:50:04
14660,37315,fit,2023-06-18 20:51:06
14660,37316,pop,2023-06-18 20:52:22
14660,38438,pop,2023-06-19 16:09:24
14660,38440,pop,2023-06-19 16:13:58
14660,38444,pop,2023-06-19 16:14:46
14660,38444,fit,2023-06-19 16:17:47
14660,38460,pop,2023-06-19 16:19:45
14660,38798,pop,2023-06-19 21:33:57
14660,38842,pop,2023-06-19 21:59:51
14660,38969,pop,2023-06-19 23:15:47
14660,38969,pop,2023-06-19 23:27:58
14660,38996,pop,2023-06-19 23:44:13
14660,38996,pop,2023-06-19 23:44:40
14660,38996,fit,2023-06-19 23:49:19
14660,38996,fit,2023-06-19 23:50:11
14660,39004,pop,2023-06-19 23:57:40
14660,39153,2023-06-20 04:29:27
14660,39208,pop,2023-06-20 08:20:48
14660,39277,pop,2023-06-20 10:35:38
14660,39278,pop,2023-06-20 10:40:54
14660,39324,pop,2023-06-20 11:34:25
14660,39385,pop,2023-06-20 12:42:50
14660,39392,pop,2023-06-20 12:57:04
14660,39402,pop,2023-06-20 13:00:52
14660,39417,pop,2023-06-20 13:13:49
14660,39554,pop,2023-06-20 15:16:12
14660,39554,pop,2023-06-20 15:26:59
14660,39792,pop,2023-06-20 17:07:37
14660,39892,pop,2023-06-20 17:59:05
14749,35822,pop,2023-06-14 13:41:22
14749,36936,pop,2023-06-16 10:53:11
14749,37358,fit,2023-06-19 09:10:31
14909,35976,pop,2023-06-14 16:05:10
14909,37167,pop,2023-06-16 14:43:19
14909,37362,fit,2023-06-19 09:20:36
14909,37363,pop,2023-06-19 09:21:00
14909,37363,fit,2023-06-19 09:22:14
14909,37363,fit,2023-06-19 09:22:54
14909,37365,2023-06-19 09:25:54
14700,35773,pop,2023-06-14 13:05:30
14700,36907,pop,2023-06-16 09:36:33
14700,37181,pop,2023-06-16 14:57:24
14700,37182,pop,2023-06-16 15:00:24
14700,37185,pop,2023-06-16 15:03:25
14700,37189,pop,2023-06-16 15:08:56
14700,37190,pop,2023-06-16 15:14:35
14700,37192,pop,2023-06-16 15:15:00
14700,37194,pop,2023-06-16 15:16:36
14700,37369,pop,2023-06-19 09:29:07
14906,35973,pop,2023-06-14 16:03:32
14906,37388,pop,2023-06-19 11:07:08
14906,37388,fit,2023-06-19 11:10:08
14906,37388,fit,2023-06-19 11:10:40
14906,37388,fit,2023-06-19 11:13:12
14906,37388,fit,2023-06-19 11:14:05
14906,37388,fit,2023-06-19 11:14:05
14906,38382,pop,2023-06-19 15:20:46
14906,39245,pop,2023-06-20 09:38:45
14906,39537,pop,2023-06-20 15:08:35
14906,39537,pop,2023-06-20 15:08:50
14906,39537,pop,2023-06-20 15:09:03
14702,35775,pop,2023-06-14 13:06:16
14702,37400,pop,2023-06-19 11:26:34
14702,37409,pop,2023-06-19 11:28:44
14702,37411,pop,2023-06-19 11:28:59
14702,39428,pop,2023-06-20 13:20:59
14702,39900,pop,2023-06-20 18:00:29
14702,39900,pop,2023-06-20 18:02:58
14773,35846,pop,2023-06-14 13:54:35
14773,37404,pop,2023-06-19 11:24:04
14773,37404,fit,2023-06-19 11:28:20
14773,38748,pop,2023-06-19 20:43:29
14773,38748,pop,2023-06-19 20:45:46
14773,39317,pop,2023-06-20 11:26:25
14701,35774,pop,2023-06-14 13:05:55
14701,37431,pop,2023-06-19 11:35:27
14701,37431,fit,2023-06-19 11:38:55
14701,37431,fit,2023-06-19 11:40:54
14707,35780,pop,2023-06-14 13:08:31
14707,37403,pop,2023-06-19 11:24:04
14707,37418,pop,2023-06-19 11:32:49
14707,37438,pop,2023-06-19 11:35:45
14707,37438,fit,2023-06-19 11:41:09
14707,37438,fit,2023-06-19 11:41:42
14707,37438,fit,2023-06-19 11:41:57
14707,40030,pop,2023-06-20 19:10:03
14707,40036,pop,2023-06-20 19:14:26
14641,35714,pop,2023-06-14 12:32:05
14641,37484,fit,2023-06-19 11:48:24
14641,40198,pop,2023-06-20 21:00:08
14782,35855,pop,2023-06-14 13:58:56
14782,36898,pop,2023-06-16 08:42:48
14782,36898,fit,2023-06-16 08:49:37
14782,36898,fit,2023-06-16 08:49:53
14782,36898,fit,2023-06-16 08:50:23
14782,36898,fit,2023-06-16 08:52:12
14782,36898,fit,2023-06-16 08:52:38
14782,37208,pop,2023-06-16 16:05:21
14782,37546,pop,2023-06-19 12:03:31
14782,37546,fit,2023-06-19 12:11:35
14782,39988,pop,2023-06-20 18:43:12
14782,40052,2023-06-20 19:22:44
14781,35854,pop,2023-06-14 13:58:29
14781,37340,fit,2023-06-19 07:58:14
14781,37340,pop,2023-06-19 07:58:40
14781,37340,pop,2023-06-19 07:58:50
14781,37341,pop,2023-06-19 07:59:01
14781,37342,pop,2023-06-19 08:01:47
14781,37492,pop,2023-06-19 11:53:27
14781,37505,pop,2023-06-19 11:56:32
14781,37511,pop,2023-06-19 12:01:10
14781,37520,pop,2023-06-19 12:01:10
14781,37511,pop,2023-06-19 12:03:13
14781,37570,pop,2023-06-19 12:12:47
14781,37570,fit,2023-06-19 12:15:25
14781,37570,fit,2023-06-19 12:15:43
14781,37570,fit,2023-06-19 12:17:33
14781,37570,fit,2023-06-19 12:18:13
14781,37570,fit,2023-06-19 12:18:20
14781,37591,pop,2023-06-19 12:18:46
14781,37590,pop,2023-06-19 12:18:47
14781,38441,pop,2023-06-19 16:13:02
14781,39205,pop,2023-06-20 08:09:35
14911,35978,pop,2023-06-14 16:05:40
14911,37604,pop,2023-06-19 12:24:58
14911,37653,pop,2023-06-19 12:32:07
14911,37653,pop,2023-06-19 12:32:54
14911,37679,fit,2023-06-19 12:46:58
14911,37679,fit,2023-06-19 12:47:03
14911,37679,fit,2023-06-19 12:48:18
14911,37679,fit,2023-06-19 12:48:18
14911,37679,fit,2023-06-19 12:49:49
14911,37679,fit,2023-06-19 12:52:51
14911,37679,fit,2023-06-19 12:52:51
14911,37679,fit,2023-06-19 12:54:26
14911,37835,pop,2023-06-19 13:07:02
14685,35758,pop,2023-06-14 12:58:07
14685,37615,pop,2023-06-19 12:24:49
14685,37615,pop,2023-06-19 12:25:07
14685,37621,pop,2023-06-19 12:25:55
14685,37621,pop,2023-06-19 12:25:55
14685,37625,pop,2023-06-19 12:29:11
14685,37718,pop,2023-06-19 12:47:38
14685,37761,pop,2023-06-19 12:49:47
14685,37761,pop,2023-06-19 12:52:36
14685,37761,pop,2023-06-19 12:55:33
14685,37761,pop,2023-06-19 12:57:38
14685,38439,pop,2023-06-19 16:10:00
14685,38439,pop,2023-06-19 16:10:16
14685,38439,pop,2023-06-19 16:10:16
14685,38439,pop,2023-06-19 16:12:09
14685,38478,pop,2023-06-19 16:28:44
14685,38956,pop,2023-06-19 23:10:47
14685,39204,pop,2023-06-20 08:08:51
14685,39721,pop,2023-06-20 16:34:02
14685,39723,pop,2023-06-20 16:35:34
14685,40180,pop,2023-06-20 20:43:14
14685,40744,pop,2023-06-21 19:29:08
14712,35785,pop,2023-06-14 13:10:37
14712,37580,pop,2023-06-19 12:13:42
14712,37580,pop,2023-06-19 13:06:52
14712,37580,pop,2023-06-19 13:08:03
14712,38463,pop,2023-06-19 16:21:04
14712,38463,pop,2023-06-19 16:21:25
14712,38543,pop,2023-06-19 18:12:56
14712,39530,pop,2023-06-20 15:05:25
14712,39530,pop,2023-06-20 15:06:08
14712,40733,pop,2023-06-21 17:21:51
14809,35882,pop,2023-06-14 14:14:22
14809,37909,pop,2023-06-19 13:14:06
14809,37909,fit,2023-06-19 13:21:00
14809,37909,fit,2023-06-19 13:25:37
14809,37909,fit,2023-06-19 13:25:44
14809,38503,pop,2023-06-19 17:11:38
14809,38534,pop,2023-06-19 17:50:02
14809,38536,pop,2023-06-19 17:53:44
14809,38693,pop,2023-06-19 19:41:15
14809,38700,pop,2023-06-19 20:07:11
14809,38876,pop,2023-06-19 22:29:55
14706,35779,pop,2023-06-14 13:08:05
14706,37680,pop,2023-06-19 12:40:46
14706,37875,pop,2023-06-19 13:07:01
14706,37875,fit,2023-06-19 13:21:01
14706,37875,fit,2023-06-19 13:28:43
14717,35790,pop,2023-06-14 13:13:07
14717,38107,pop,2023-06-19 13:49:27
14717,38122,pop,2023-06-19 13:53:28
14717,38122,fit,2023-06-19 13:57:24
14717,38122,fit,2023-06-19 13:57:32
14717,38122,fit,2023-06-19 14:01:46
14717,38122,fit,2023-06-19 14:01:53
14717,38122,fit,2023-06-19 14:03:40
14717,38122,fit,2023-06-19 14:06:32
14780,35853,pop,2023-06-14 13:58:08
14780,38088,pop,2023-06-19 13:54:38
14780,38088,pop,2023-06-19 13:56:47
14780,38088,pop,2023-06-19 14:00:02
14780,38148,pop,2023-06-19 14:02:00
14780,38148,pop,2023-06-19 14:03:40
14780,38148,fit,2023-06-19 14:15:01
14780,38148,fit,2023-06-19 14:20:01
14780,39330,pop,2023-06-20 11:42:02
14780,39330,fit,2023-06-20 11:43:11
14780,39978,pop,2023-06-20 18:36:29
14758,35831,pop,2023-06-14 13:46:10
14758,38047,pop,2023-06-19 13:36:34
14758,38154,pop,2023-06-19 14:03:51
14758,38154,fit,2023-06-19 14:15:01
14758,38199,pop,2023-06-19 14:29:30
14758,38558,pop,2023-06-19 18:28:46
14758,39947,pop,2023-06-20 18:18:49
14758,39947,fit,2023-06-20 18:23:01
14758,39947,fit,2023-06-20 18:25:27
14758,39947,fit,2023-06-20 18:30:01
14708,35781,pop,2023-06-14 13:08:57
14708,37571,pop,2023-06-19 12:12:32
14708,37587,pop,2023-06-19 12:18:56
14708,37587,pop,2023-06-19 12:18:59
14708,37587,pop,2023-06-19 12:19:06
14708,37622,fit,2023-06-19 12:31:50
14708,37622,fit,2023-06-19 12:31:55
14708,37622,fit,2023-06-19 12:32:53
14708,37672,pop,2023-06-19 12:40:46
14708,37781,pop,2023-06-19 12:55:23
14708,37781,pop,2023-06-19 12:55:48
14708,37885,pop,2023-06-19 13:07:14
14708,37885,fit,2023-06-19 13:14:03
14708,37885,pop,2023-06-19 13:20:53
14708,37885,pop,2023-06-19 13:21:09
14708,37885,pop,2023-06-19 13:21:10
14708,37985,pop,2023-06-19 13:26:00
14708,38020,pop,2023-06-19 13:29:08
14708,38051,pop,2023-06-19 13:39:37
14708,38066,pop,2023-06-19 13:39:40
14708,38134,pop,2023-06-19 13:58:34
14708,38134,fit,2023-06-19 14:03:42
14708,38134,pop,2023-06-19 14:06:36
14708,38134,fit,2023-06-19 14:06:45
14708,38185,pop,2023-06-19 14:24:59
14708,38185,fit,2023-06-19 14:29:15
14708,38185,pop,2023-06-19 14:30:11
14708,38210,pop,2023-06-19 14:33:18
14708,38210,pop,2023-06-19 14:33:38
14708,38456,pop,2023-06-19 16:18:29
14708,39258,pop,2023-06-20 10:11:09
14708,39528,pop,2023-06-20 15:04:33
14708,39869,pop,2023-06-20 17:50:34
14708,40230,pop,2023-06-20 21:13:54
14708,40230,pop,2023-06-20 21:14:10
14708,40252,pop,2023-06-20 21:24:15
14708,40255,pop,2023-06-20 21:26:38
14708,40255,pop,2023-06-20 21:28:35
14708,40298,pop,2023-06-20 21:43:58
14708,40402,pop,2023-06-20 22:14:14
14708,40410,pop,2023-06-20 22:19:40
14708,40453,pop,2023-06-20 22:37:04
14676,35749,pop,2023-06-14 12:53:49
14676,36389,pop,2023-06-15 23:42:18
14676,36389,pop,2023-06-16 00:03:19
14676,38198,pop,2023-06-19 14:25:36
14676,38198,fit,2023-06-19 14:31:41
14676,39501,pop,2023-06-20 14:50:59
14676,39646,pop,2023-06-20 15:58:56
14676,39824,pop,2023-06-20 17:25:22
14676,39826,pop,2023-06-20 17:26:00
14676,40041,pop,2023-06-20 19:20:09
14676,40083,pop,2023-06-20 19:37:42
14676,40084,pop,2023-06-20 19:38:36
14676,40087,pop,2023-06-20 19:39:30
14676,40091,pop,2023-06-20 19:42:32
14676,40097,pop,2023-06-20 19:43:39
14676,40102,pop,2023-06-20 19:44:56
14676,40108,pop,2023-06-20 19:48:05
14676,40114,pop,2023-06-20 19:52:15
14676,40120,pop,2023-06-20 19:56:38
14676,40125,pop,2023-06-20 19:58:41
14676,40137,pop,2023-06-20 20:02:48
14676,40150,pop,2023-06-20 20:10:09
14676,40162,pop,2023-06-20 20:19:51
14676,40165,pop,2023-06-20 20:21:49
14676,40171,pop,2023-06-20 20:26:30
14676,40174,pop,2023-06-20 20:31:33
14676,40177,pop,2023-06-20 20:33:22
14676,40184,pop,2023-06-20 20:46:43
14676,40191,pop,2023-06-20 20:49:43
14676,40194,pop,2023-06-20 20:55:30
14676,40196,pop,2023-06-20 20:57:26
14676,40199,pop,2023-06-20 21:00:14
14676,40200,pop,2023-06-20 21:01:09
14676,40201,pop,2023-06-20 21:01:29
14676,40205,pop,2023-06-20 21:03:44
14676,40227,pop,2023-06-20 21:09:53
14676,40229,pop,2023-06-20 21:11:39
14676,40251,pop,2023-06-20 21:23:56
14676,40257,pop,2023-06-20 21:27:36
14676,40291,pop,2023-06-20 21:42:47
14676,40309,pop,2023-06-20 21:46:11
14676,40339,pop,2023-06-20 21:51:52
14676,40367,pop,2023-06-20 22:00:06
14676,40379,pop,2023-06-20 22:06:04
14676,40387,pop,2023-06-20 22:07:32
14676,40392,pop,2023-06-20 22:12:36
14676,40407,pop,2023-06-20 22:17:46
14676,40421,pop,2023-06-20 22:20:52
14676,40431,pop,2023-06-20 22:30:41
14676,40449,pop,2023-06-20 22:35:31
14676,40468,pop,2023-06-20 22:43:41
14676,40476,pop,2023-06-20 22:46:28
14676,40492,pop,2023-06-20 22:55:48
14676,40512,pop,2023-06-20 23:03:23
14676,40521,pop,2023-06-20 23:04:22
14676,40531,pop,2023-06-20 23:10:55
14676,40540,pop,2023-06-20 23:14:37
14676,40554,pop,2023-06-20 23:23:32
14676,40564,pop,2023-06-20 23:26:09
14676,40568,pop,2023-06-20 23:26:50
14676,40585,pop,2023-06-20 23:43:07
14676,40587,pop,2023-06-20 23:46:05
14676,40589,pop,2023-06-20 23:49:25
14676,40590,pop,2023-06-20 23:50:39
14676,40592,pop,2023-06-20 23:51:41
14676,40596,pop,2023-06-20 23:53:28
14676,40598,pop,2023-06-20 23:53:56
14676,40599,pop,2023-06-20 23:54:57
14676,40609,pop,2023-06-20 23:59:20
14676,40613,pop,2023-06-21 00:00:21
14676,40616,pop,2023-06-21 00:01:31
14676,40617,pop,2023-06-21 00:01:59
14676,40619,pop,2023-06-21 00:02:45
14676,40620,pop,2023-06-21 00:03:21
14676,40621,pop,2023-06-21 00:04:10
14676,40622,pop,2023-06-21 00:04:36
14676,40623,pop,2023-06-21 00:07:32
14676,40624,pop,2023-06-21 00:09:37
14676,40646,pop,2023-06-21 07:18:56
14676,40715,pop,2023-06-21 14:45:14
14676,40718,pop,2023-06-21 15:43:20
14676,40720,pop,2023-06-21 15:50:52
14676,40723,pop,2023-06-21 16:40:15
14676,40727,pop,2023-06-21 17:03:20
14676,40728,pop,2023-06-21 17:03:52
14676,40729,pop,2023-06-21 17:04:42
14676,40731,pop,2023-06-21 17:13:41
14676,40732,pop,2023-06-21 17:16:05
14676,40735,pop,2023-06-21 17:40:51
14676,40736,pop,2023-06-21 17:46:11
14676,40737,pop,2023-06-21 18:01:13
14676,40740,pop,2023-06-21 18:40:29
14676,40747,pop,2023-06-21 19:40:36
14676,40749,pop,2023-06-21 20:00:37
14676,40751,pop,2023-06-21 20:10:41
14676,40754,pop,2023-06-21 20:47:00
14676,40755,pop,2023-06-21 21:28:24
14676,40758,pop,2023-06-21 21:46:39
14676,40759,pop,2023-06-21 22:04:56
14698,35771,pop,2023-06-14 13:04:35
14698,37607,pop,2023-06-19 12:24:59
14698,37607,pop,2023-06-19 12:29:09
14698,37661,pop,2023-06-19 12:33:14
14698,38031,pop,2023-06-19 13:30:23
14698,38031,fit,2023-06-19 13:45:35
14698,38031,fit,2023-06-19 13:48:00
14698,38121,pop,2023-06-19 13:53:22
14698,38121,fit,2023-06-19 14:03:41
14698,38121,fit,2023-06-19 14:16:43
14698,39337,pop,2023-06-20 11:50:36
14698,39647,pop,2023-06-20 16:00:02
14698,39649,pop,2023-06-20 16:03:24
14688,35761,pop,2023-06-14 12:59:29
14688,37020,pop,2023-06-16 12:19:13
14688,38313,fit,2023-06-19 15:05:35
14688,38313,fit,2023-06-19 15:08:09
14688,38313,fit,2023-06-19 15:08:37
14688,38363,pop,2023-06-19 15:11:37
14688,39453,pop,2023-06-20 14:02:16
14688,39460,pop,2023-06-20 14:06:19
14688,39460,pop,2023-06-20 14:08:15
14688,40182,pop,2023-06-20 20:46:41
14640,35713,pop,2023-06-14 12:31:14
14640,37923,pop,2023-06-19 13:14:14
14640,37923,pop,2023-06-19 13:14:33
14640,37976,pop,2023-06-19 13:21:53
14640,37976,pop,2023-06-19 13:26:19
14640,38222,pop,2023-06-19 14:58:56
14640,38222,pop,2023-06-19 15:17:43
14640,38222,pop,2023-06-19 15:18:08
14640,39745,pop,2023-06-20 16:52:38
14640,39817,pop,2023-06-20 17:21:32
14690,35763,pop,2023-06-14 13:00:38
14690,38242,pop,2023-06-19 14:43:34
14690,38242,fit,2023-06-19 14:53:37
14690,38242,fit,2023-06-19 14:58:51
14690,38242,fit,2023-06-19 14:59:25
14690,38320,pop,2023-06-19 15:05:18
14690,38366,pop,2023-06-19 15:12:30
14690,38366,pop,2023-06-19 15:20:28
14690,38366,pop,2023-06-19 15:21:36
14690,40352,pop,2023-06-20 21:54:19
14784,35857,pop,2023-06-14 13:59:50
14784,38358,pop,2023-06-19 15:10:51
14784,38358,fit,2023-06-19 15:17:21
14784,38358,fit,2023-06-19 15:20:26
14784,38358,fit,2023-06-19 15:20:28
14784,40169,pop,2023-06-20 20:23:34
14661,35734,pop,2023-06-14 12:45:06
14661,38127,pop,2023-06-19 13:57:15
14661,38127,pop,2023-06-19 13:57:39
14661,38155,pop,2023-06-19 14:03:54
14661,38177,pop,2023-06-19 14:18:39
14661,38180,pop,2023-06-19 14:19:39
14661,38180,pop,2023-06-19 14:20:34
14661,38194,pop,2023-06-19 14:25:38
14661,38194,pop,2023-06-19 14:27:37
14661,38208,pop,2023-06-19 14:31:51
14661,38208,pop,2023-06-19 14:32:04
14661,38275,pop,2023-06-19 14:52:47
14661,38340,pop,2023-06-19 15:08:28
14661,38362,pop,2023-06-19 15:11:37
14661,38362,pop,2023-06-19 15:12:04
14661,38367,pop,2023-06-19 15:12:28
14661,38372,pop,2023-06-19 15:18:07
14661,38378,pop,2023-06-19 15:20:53
14661,38378,pop,2023-06-19 15:22:42
14661,38378,pop,2023-06-19 15:22:44
14661,38384,pop,2023-06-19 15:22:50
14661,38384,fit,2023-06-19 15:23:21
14661,38390,pop,2023-06-19 15:27:45
14661,38384,fit,2023-06-19 15:36:24
14661,38384,fit,2023-06-19 15:36:26
14661,38424,pop,2023-06-19 15:51:30
14661,38489,pop,2023-06-19 16:48:37
14661,39028,pop,2023-06-20 00:32:50
14661,39028,pop,2023-06-20 00:33:53
14661,39899,pop,2023-06-20 18:00:14
14661,39902,pop,2023-06-20 18:00:49
14655,35728,pop,2023-06-14 12:42:09
14655,38209,pop,2023-06-19 14:32:04
14655,38209,fit,2023-06-19 14:39:48
14655,38209,fit,2023-06-19 14:39:49
14655,38209,fit,2023-06-19 14:42:22
14655,38209,fit,2023-06-19 14:45:55
14655,38209,fit,2023-06-19 14:50:55
14655,38209,fit,2023-06-19 14:50:57
14655,38209,fit,2023-06-19 14:51:59
14655,38324,pop,2023-06-19 15:07:37
14655,38324,pop,2023-06-19 15:08:09
14655,38324,fit,2023-06-19 15:08:13
14655,38354,2023-06-19 15:08:40
14655,38360,pop,2023-06-19 15:11:12
14655,38389,pop,2023-06-19 15:27:13
14655,38389,fit,2023-06-19 15:31:58
14655,38389,fit,2023-06-19 15:32:59
14655,38389,fit,2023-06-19 15:33:19
14655,38405,pop,2023-06-19 15:36:46
14655,38405,pop,2023-06-19 15:36:52
14655,38405,fit,2023-06-19 15:41:15
14655,38405,fit,2023-06-19 15:41:33
14655,39641,pop,2023-06-20 15:58:56
14655,39641,fit,2023-06-20 16:00:27
14655,39651,pop,2023-06-20 16:03:47
14655,40164,pop,2023-06-20 20:20:55
14659,35732,pop,2023-06-14 12:44:13
14659,36906,fit,2023-06-16 09:36:16
14659,38397,pop,2023-06-19 15:36:24
14659,38397,fit,2023-06-19 15:41:16
14659,38397,fit,2023-06-19 15:42:23
14659,38397,sim,2023-06-19 15:42:50
14659,38397,fit,2023-06-19 15:43:41
14659,38397,fit,2023-06-19 15:44:49
14659,39244,pop,2023-06-20 09:35:09
14659,39949,pop,2023-06-20 18:18:50
14659,39991,pop,2023-06-20 18:42:19
14659,40113,pop,2023-06-20 19:51:31
14777,35850,pop,2023-06-14 13:56:18
14777,38392,pop,2023-06-19 15:32:18
14777,38402,pop,2023-06-19 15:33:12
14777,38402,pop,2023-06-19 15:33:14
14777,38403,pop,2023-06-19 15:33:32
14777,38403,pop,2023-06-19 15:36:15
14777,38414,pop,2023-06-19 15:41:23
14777,38421,pop,2023-06-19 15:45:48
14777,40336,pop,2023-06-20 21:51:05
14777,40336,pop,2023-06-20 21:53:05
14785,35858,pop,2023-06-14 14:00:14
14785,38427,pop,2023-06-19 15:51:39
14785,38427,fit,2023-06-19 15:55:54
14785,38427,fit,2023-06-19 15:57:36
14785,38427,fit,2023-06-19 16:00:14
14785,38701,pop,2023-06-19 20:08:21
14806,35879,pop,2023-06-14 14:10:38
14806,37786,pop,2023-06-19 12:55:46
14806,37789,pop,2023-06-19 12:56:00
14806,37912,pop,2023-06-19 13:14:07
14806,38413,pop,2023-06-19 15:41:22
14806,38415,pop,2023-06-19 15:42:30
14806,38415,fit,2023-06-19 16:02:45
14806,38415,fit,2023-06-19 16:07:02
14806,38415,fit,2023-06-19 16:08:40
14806,38415,fit,2023-06-19 16:09:12
14695,35768,pop,2023-06-14 13:03:04
14695,38443,pop,2023-06-19 16:14:34
14695,38443,fit,2023-06-19 16:15:38
14695,38443,fit,2023-06-19 16:15:43
14695,38443,fit,2023-06-19 16:17:10
14695,38443,fit,2023-06-19 16:21:01
14695,38443,fit,2023-06-19 16:27:41
14695,40360,pop,2023-06-20 21:58:22
14657,35730,pop,2023-06-14 12:43:09
14657,36904,pop,2023-06-16 09:30:53
14657,36905,pop,2023-06-16 09:34:13
14657,38464,pop,2023-06-19 16:21:38
14657,38464,fit,2023-06-19 16:35:45
14657,38464,fit,2023-06-19 16:39:23
14657,38464,fit,2023-06-19 16:39:54
14657,38464,fit,2023-06-19 16:41:42
14657,38483,pop,2023-06-19 16:47:03
14657,38492,pop,2023-06-19 16:55:52
14657,38492,fit,2023-06-19 16:57:47
14657,38545,pop,2023-06-19 18:14:49
14657,38545,fit,2023-06-19 18:19:10
14657,38552,pop,2023-06-19 18:20:46
14657,39240,pop,2023-06-20 09:34:05
14657,39248,pop,2023-06-20 09:49:27
14657,39433,pop,2023-06-20 13:28:32
14657,39434,2023-06-20 13:29:23
14657,40465,pop,2023-06-20 22:41:58
14648,35721,pop,2023-06-14 12:38:07
14648,37534,pop,2023-06-19 12:03:13
14648,37593,pop,2023-06-19 12:19:52
14648,37597,pop,2023-06-19 12:20:44
14648,37782,pop,2023-06-19 12:54:52
14648,38459,pop,2023-06-19 16:19:42
14648,38474,pop,2023-06-19 16:25:30
14648,38480,pop,2023-06-19 16:34:07
14648,38487,pop,2023-06-19 16:47:26
14648,38487,fit,2023-06-19 17:02:04
14648,38487,fit,2023-06-19 17:02:51
14648,38500,pop,2023-06-19 17:06:14
14648,38504,pop,2023-06-19 17:11:56
14648,38504,fit,2023-06-19 17:16:31
14648,38504,fit,2023-06-19 17:18:35
14648,38504,fit,2023-06-19 17:18:48
14648,38504,fit,2023-06-19 17:19:14
14648,38508,pop,2023-06-19 17:19:32
14648,38835,pop,2023-06-19 21:48:45
14648,38882,pop,2023-06-19 22:30:46
14648,38883,pop,2023-06-19 22:31:10
14648,38887,pop,2023-06-19 22:33:10
14648,39307,pop,2023-06-20 11:12:58
14648,39308,pop,2023-06-20 11:13:04
14775,35848,pop,2023-06-14 13:55:26
14775,38512,pop,2023-06-19 17:21:31
14775,38513,pop,2023-06-19 17:23:14
14775,38516,pop,2023-06-19 17:24:08
14775,38525,pop,2023-06-19 17:32:18
14775,38525,fit,2023-06-19 17:37:24
14775,38525,fit,2023-06-19 17:40:12
14775,38533,pop,2023-06-19 17:40:49
14775,38565,pop,2023-06-19 18:35:07
14775,39636,pop,2023-06-20 15:52:39
14775,40332,pop,2023-06-20 21:51:16
14775,40342,pop,2023-06-20 21:51:52
14775,40347,pop,2023-06-20 21:52:12
14775,40347,pop,2023-06-20 21:57:46
14767,35840,pop,2023-06-14 13:51:31
14767,38514,pop,2023-06-19 17:24:15
14767,38521,pop,2023-06-19 17:28:55
14767,38521,fit,2023-06-19 17:37:24
14767,39737,pop,2023-06-20 16:42:20
14767,39793,pop,2023-06-20 17:07:51
14767,40074,pop,2023-06-20 19:31:39
14767,40095,pop,2023-06-20 19:43:20
14767,40262,pop,2023-06-20 21:33:30
14767,40262,fit,2023-06-20 21:36:45
14767,40411,pop,2023-06-20 22:17:50
14767,40417,pop,2023-06-20 22:21:05
14650,35723,pop,2023-06-14 12:39:16
14650,38562,fit,2023-06-19 18:39:39
14650,39996,pop,2023-06-20 18:51:48
14650,40015,fit,2023-06-20 19:07:32
14650,40276,pop,2023-06-20 21:42:12
14650,40708,pop,2023-06-21 14:15:49
14693,35766,pop,2023-06-14 13:02:05
14693,37978,pop,2023-06-19 13:22:06
14693,38109,pop,2023-06-19 13:49:08
14693,38109,pop,2023-06-19 13:50:07
14693,38554,pop,2023-06-19 18:24:41
14693,38554,fit,2023-06-19 18:30:08
14693,38554,fit,2023-06-19 18:30:19
14693,38570,pop,2023-06-19 18:40:46
14693,38570,fit,2023-06-19 18:45:55
14693,38570,fit,2023-06-19 18:52:48
14693,38581,pop,2023-06-19 18:58:16
14693,38582,pop,2023-06-19 19:01:35
14693,38584,pop,2023-06-19 19:02:52
14693,38585,pop,2023-06-19 19:06:09
14753,35826,pop,2023-06-14 13:43:45
14753,38586,pop,2023-06-19 19:09:51
14753,38586,fit,2023-06-19 19:14:27
14753,38586,fit,2023-06-19 19:15:41
14753,40577,pop,2023-06-20 23:36:44
14753,40578,pop,2023-06-20 23:38:49
14734,35807,pop,2023-06-14 13:33:30
14734,37420,pop,2023-06-19 11:33:01
14734,37444,fit,2023-06-19 11:41:03
14734,37500,pop,2023-06-19 11:56:05
14734,37508,pop,2023-06-19 12:01:10
14734,37508,pop,2023-06-19 12:01:10
14734,37553,pop,2023-06-19 12:03:28
14734,37554,pop,2023-06-19 12:03:56
14734,37555,pop,2023-06-19 12:19:11
14734,37755,pop,2023-06-19 12:47:07
14734,37887,pop,2023-06-19 13:07:19
14734,37887,pop,2023-06-19 13:38:24
14734,38266,pop,2023-06-19 14:46:36
14734,38647,pop,2023-06-19 19:23:50
14734,38648,pop,2023-06-19 19:23:59
14734,38648,pop,2023-06-19 19:24:18
14734,38648,fit,2023-06-19 19:38:51
14734,38698,pop,2023-06-19 20:05:36
14734,40017,fit,2023-06-20 19:09:09
14734,40032,pop,2023-06-20 19:10:19
14734,40032,pop,2023-06-20 19:10:19
14734,40035,pop,2023-06-20 19:14:53
14734,40481,pop,2023-06-20 22:48:35
14734,40691,pop,2023-06-21 13:28:26
14734,40692,pop,2023-06-21 13:29:17
14734,40743,pop,2023-06-21 19:13:22
14789,35862,pop,2023-06-14 14:03:13
14789,38490,pop,2023-06-19 16:50:49
14789,38491,pop,2023-06-19 16:53:16
14789,38553,pop,2023-06-19 18:21:26
14789,38702,pop,2023-06-19 20:09:31
14789,38702,fit,2023-06-19 20:11:49
14789,39217,pop,2023-06-20 08:46:42
14789,40254,pop,2023-06-20 21:26:37
14789,40457,pop,2023-06-20 22:37:53
14703,35776,pop,2023-06-14 13:06:39
14703,37405,pop,2023-06-19 11:26:40
14703,37881,pop,2023-06-19 13:07:17
14703,37881,pop,2023-06-19 13:09:02
14729,35802,pop,2023-06-14 13:26:44
14729,38420,pop,2023-06-19 15:45:18
14729,38420,pop,2023-06-19 16:29:55
14729,38614,pop,2023-06-19 20:39:43
14729,38614,pop,2023-06-19 20:40:02
14729,39738,pop,2023-06-20 16:42:20
14729,39738,pop,2023-06-20 16:45:03
14729,39738,pop,2023-06-20 16:45:07
14729,39941,pop,2023-06-20 18:17:36
14729,40175,pop,2023-06-20 20:31:52
14803,35876,pop,2023-06-14 14:09:25
14803,37465,fit,2023-06-19 12:03:09
14803,37583,pop,2023-06-19 12:15:27
14803,37592,pop,2023-06-19 12:18:50
14803,37654,pop,2023-06-19 12:32:55
14803,37688,pop,2023-06-19 12:40:11
14803,37871,pop,2023-06-19 13:07:17
14803,37921,pop,2023-06-19 13:14:16
14803,37970,pop,2023-06-19 13:21:32
14803,38742,pop,2023-06-19 20:40:57
14803,38742,fit,2023-06-19 20:43:00
14803,39486,pop,2023-06-20 14:36:49
14783,35856,pop,2023-06-14 13:59:19
14783,38744,pop,2023-06-19 20:44:56
14783,38744,pop,2023-06-19 20:48:26
14783,38744,fit,2023-06-19 20:57:06
14783,39441,fit,2023-06-20 13:46:47
14783,39842,pop,2023-06-20 17:38:46
14756,35829,pop,2023-06-14 13:45:17
14756,38753,pop,2023-06-19 20:48:51
14756,38773,pop,2023-06-19 21:10:50
14709,35782,pop,2023-06-14 13:09:18
14709,38497,pop,2023-06-19 17:03:48
14709,38770,pop,2023-06-19 21:06:09
14709,38771,pop,2023-06-19 21:09:55
14709,38771,fit,2023-06-19 21:11:44
14709,38771,fit,2023-06-19 21:15:47
14709,38771,fit,2023-06-19 21:18:40
14709,38771,fit,2023-06-19 21:19:21
14709,39586,pop,2023-06-20 15:30:53
14709,39796,pop,2023-06-20 17:07:43
14709,39796,pop,2023-06-20 17:07:56
14709,39796,pop,2023-06-20 17:12:51
14709,39815,pop,2023-06-20 17:18:57
14709,39879,pop,2023-06-20 17:51:29
14691,35764,pop,2023-06-14 13:01:16
14691,38780,fit,2023-06-19 21:36:03
14691,38824,pop,2023-06-19 21:47:41
14691,38824,fit,2023-06-19 21:59:07
14691,38824,fit,2023-06-19 22:04:01
14691,38824,fit,2023-06-19 22:04:01
14691,38824,fit,2023-06-19 22:07:40
14691,39767,pop,2023-06-20 16:57:20
14807,35880,pop,2023-06-14 14:12:02
14807,38855,fit,2023-06-19 22:19:51
14642,35715,pop,2023-06-14 12:32:25
14642,37077,pop,2023-06-16 13:10:47
14642,37078,pop,2023-06-16 13:15:06
14642,37080,pop,2023-06-16 13:15:30
14642,37078,pop,2023-06-16 13:20:38
14642,37780,pop,2023-06-19 12:54:55
14642,37780,pop,2023-06-19 12:57:38
14642,38537,pop,2023-06-19 17:54:50
14642,38568,pop,2023-06-19 18:39:38
14642,38568,pop,2023-06-19 18:43:18
14642,38568,pop,2023-06-19 18:44:09
14642,38568,pop,2023-06-19 18:46:19
14642,38886,pop,2023-06-19 22:32:59
14642,38886,pop,2023-06-19 22:33:13
14642,38886,pop,2023-06-19 22:33:33
14642,39043,pop,2023-06-20 00:52:50
14642,39593,pop,2023-06-20 15:30:50
14642,39583,pop,2023-06-20 15:31:15
14642,39583,pop,2023-06-20 16:12:50
14642,40093,pop,2023-06-20 19:42:32
14642,40096,pop,2023-06-20 19:43:07
14642,40110,pop,2023-06-20 19:49:19
14797,35870,pop,2023-06-14 14:06:49
14797,38888,pop,2023-06-19 22:33:57
14797,38888,fit,2023-06-19 22:37:27
14797,38888,sim,2023-06-19 22:38:05
14697,35770,pop,2023-06-14 13:04:02
14697,38893,fit,2023-06-19 22:43:03
14697,38893,sim,2023-06-19 22:43:37
14697,38999,pop,2023-06-19 23:49:24
14697,39002,pop,2023-06-19 23:53:30
14697,39007,pop,2023-06-20 00:11:08
14754,35827,pop,2023-06-14 13:44:09
14754,38499,pop,2023-06-19 17:04:29
14754,38769,pop,2023-06-19 21:05:41
14754,38777,pop,2023-06-19 21:20:31
14754,38781,pop,2023-06-19 21:22:22
14754,38781,fit,2023-06-19 21:25:51
14754,38812,pop,2023-06-19 21:40:52
14754,38828,fit,2023-06-19 21:47:41
14754,38851,pop,2023-06-19 22:01:15
14754,38851,fit,2023-06-19 22:04:49
14754,38851,fit,2023-06-19 22:07:45
14754,38851,fit,2023-06-19 22:07:49
14754,38911,pop,2023-06-19 22:48:54
14754,38911,fit,2023-06-19 22:52:34
14754,38911,fit,2023-06-19 22:57:19
14754,39266,pop,2023-06-20 10:22:27
14754,39600,pop,2023-06-20 15:33:47
14754,39606,pop,2023-06-20 15:35:07
14754,39791,pop,2023-06-20 17:06:46
14754,40088,pop,2023-06-20 19:39:48
14754,40089,pop,2023-06-20 19:41:30
14754,40193,pop,2023-06-20 20:55:30
14754,40195,pop,2023-06-20 20:55:38
14754,40382,pop,2023-06-20 22:06:04
14754,40397,pop,2023-06-20 22:12:48
14754,40438,pop,2023-06-20 22:31:23
14754,40440,pop,2023-06-20 22:31:57
14754,40471,pop,2023-06-20 22:43:44
14754,40551,pop,2023-06-20 23:21:12
14905,35971,pop,2023-06-14 16:02:50
14905,38905,pop,2023-06-19 22:48:38
14905,38905,pop,2023-06-19 22:48:40
14905,38916,pop,2023-06-19 22:53:26
14905,38941,fit,2023-06-19 23:07:11
14905,38946,pop,2023-06-19 23:08:06
14905,38946,pop,2023-06-19 23:08:33
14905,40335,pop,2023-06-20 21:51:07
14905,40335,pop,2023-06-20 21:51:41
14905,40394,pop,2023-06-20 22:11:44
14905,40472,pop,2023-06-20 22:45:11
14639,35712,pop,2023-06-14 12:29:57
14639,37918,pop,2023-06-19 13:20:53
14639,37918,pop,2023-06-19 13:22:19
14639,37918,pop,2023-06-19 13:25:09
14639,38972,pop,2023-06-19 23:16:39
14639,38972,pop,2023-06-19 23:16:56
14639,38974,pop,2023-06-19 23:18:05
14639,38974,pop,2023-06-19 23:18:18
14639,38985,pop,2023-06-19 23:25:40
14639,38987,pop,2023-06-19 23:29:00
14639,38987,fit,2023-06-19 23:32:16
14670,35743,pop,2023-06-14 12:50:03
14670,37061,pop,2023-06-16 12:46:19
14670,38908,pop,2023-06-19 22:48:38
14670,38908,fit,2023-06-19 22:52:38
14670,38922,pop,2023-06-19 23:00:34
14670,38976,pop,2023-06-19 23:18:39
14670,38976,fit,2023-06-19 23:25:30
14670,38989,pop,2023-06-19 23:32:56
14670,38989,fit,2023-06-19 23:35:34
14670,38989,fit,2023-06-19 23:37:54
14670,38989,fit,2023-06-19 23:39:17
14670,38989,fit,2023-06-19 23:39:20
14670,40442,pop,2023-06-20 22:32:39
14670,40464,pop,2023-06-20 22:42:01
14793,35866,pop,2023-06-14 14:05:00
14793,38997,pop,2023-06-19 23:44:26
14793,39003,pop,2023-06-19 23:54:10
14793,39003,fit,2023-06-19 23:58:49
14793,40172,pop,2023-06-20 20:27:18
14793,40507,pop,2023-06-20 23:02:51
14728,35801,pop,2023-06-14 13:25:30
14728,38994,pop,2023-06-19 23:39:26
14728,39006,pop,2023-06-20 00:05:01
14728,39006,fit,2023-06-20 00:06:44
14673,35746,pop,2023-06-14 12:51:43
14673,39005,pop,2023-06-20 00:03:20
14673,39008,pop,2023-06-20 00:11:37
14673,39017,pop,2023-06-20 00:23:02
14673,39017,fit,2023-06-20 00:25:30
14673,39017,fit,2023-06-20 00:25:38
14673,39017,fit,2023-06-20 00:37:30
14673,39175,pop,2023-06-20 06:08:08
14673,39175,pop,2023-06-20 10:25:16
14673,39658,pop,2023-06-20 16:12:05
14673,39769,pop,2023-06-20 17:01:13
14673,40062,pop,2023-06-20 19:27:06
14673,40062,pop,2023-06-20 19:27:28
14673,40237,pop,2023-06-20 21:14:44
14673,40240,pop,2023-06-20 21:18:29
14673,40241,pop,2023-06-20 21:18:39
14673,40253,pop,2023-06-20 21:26:08
14673,40358,pop,2023-06-20 21:58:22
14673,40358,pop,2023-06-20 21:58:57
14673,40369,pop,2023-06-20 22:00:32
14673,40560,pop,2023-06-20 23:25:33
14788,35861,pop,2023-06-14 14:02:36
14788,37180,pop,2023-06-16 14:55:33
14788,37180,fit,2023-06-16 14:57:20
14788,37183,pop,2023-06-16 15:00:20
14788,37184,pop,2023-06-16 15:01:44
14788,37187,pop,2023-06-16 15:05:00
14788,37187,fit,2023-06-16 15:06:15
14788,38037,pop,2023-06-19 13:36:11
14788,38120,pop,2023-06-19 13:53:21
14788,38918,pop,2023-06-19 22:53:42
14788,39038,pop,2023-06-20 00:44:56
14788,39490,pop,2023-06-20 14:44:19
14788,39490,pop,2023-06-20 14:44:22
14788,39862,pop,2023-06-20 17:46:13
14705,35778,pop,2023-06-14 13:07:42
14705,37968,pop,2023-06-19 13:21:17
14705,39040,fit,2023-06-20 00:56:09
14705,39040,fit,2023-06-20 01:05:50
14705,39056,pop,2023-06-20 01:12:46
14705,39056,fit,2023-06-20 01:22:07
14705,39056,fit,2023-06-20 01:33:48
14705,39056,fit,2023-06-20 01:35:05
14705,39064,pop,2023-06-20 01:35:14
14705,39064,pop,2023-06-20 01:35:28
14705,40045,pop,2023-06-20 19:20:40
14741,35814,pop,2023-06-14 13:36:58
14741,39068,fit,2023-06-20 01:55:04
14741,39070,pop,2023-06-20 01:59:19
14741,40495,fit,2023-06-20 22:57:01
14647,35720,pop,2023-06-14 12:36:44
14647,39078,fit,2023-06-20 02:16:26
14647,39888,pop,2023-06-20 17:56:07
14647,40631,pop,2023-06-21 01:20:18
14761,35834,pop,2023-06-14 13:47:29
14761,38016,pop,2023-06-19 13:29:59
14761,38054,pop,2023-06-19 13:39:38
14761,38068,pop,2023-06-19 13:40:00
14761,38108,pop,2023-06-19 13:49:17
14761,38108,pop,2023-06-19 13:50:37
14761,38108,pop,2023-06-19 13:51:07
14761,38108,fit,2023-06-19 13:53:50
14761,38128,pop,2023-06-19 13:57:39
14761,38690,pop,2023-06-19 19:30:02
14761,38690,fit,2023-06-19 19:55:08
14761,39032,pop,2023-06-20 00:32:49
14761,39057,pop,2023-06-20 01:22:07
14761,39077,pop,2023-06-20 02:08:52
14761,39079,fit,2023-06-20 02:22:38
14643,35716,pop,2023-06-14 12:33:48
14643,38025,pop,2023-06-19 13:28:53
14643,38025,pop,2023-06-19 13:30:10
14643,38102,pop,2023-06-19 13:49:06
14643,38371,pop,2023-06-19 15:17:28
14643,38383,pop,2023-06-19 15:20:53
14643,38387,pop,2023-06-19 15:25:34
14643,38429,pop,2023-06-19 15:57:18
14643,39085,pop,2023-06-20 02:28:56
14643,39085,pop,2023-06-20 02:29:51
14643,39085,fit,2023-06-20 02:32:31
14643,39085,fit,2023-06-20 02:33:50
14643,39088,2023-06-20 02:37:25
14769,35842,pop,2023-06-14 13:52:36
14769,38393,pop,2023-06-19 15:32:54
14769,38393,pop,2023-06-19 15:33:02
14769,38406,pop,2023-06-19 15:36:46
14769,38410,pop,2023-06-19 15:41:16
14769,38434,pop,2023-06-19 16:01:53
14769,39081,pop,2023-06-20 02:27:08
14769,39082,pop,2023-06-20 02:27:41
14769,39083,pop,2023-06-20 02:28:00
14769,39084,pop,2023-06-20 02:28:22
14769,39092,pop,2023-06-20 02:39:32
14769,39093,pop,2023-06-20 02:39:45
14769,39095,pop,2023-06-20 02:40:19
14769,39096,pop,2023-06-20 02:40:48
14769,39096,pop,2023-06-20 02:41:15
14769,39097,pop,2023-06-20 02:41:35
14769,39098,pop,2023-06-20 02:41:43
14769,39099,pop,2023-06-20 02:43:54
14769,39100,pop,2023-06-20 02:45:28
14769,39100,pop,2023-06-20 02:45:38
14769,39101,pop,2023-06-20 02:47:31
14769,39101,pop,2023-06-20 02:47:42
14769,39104,pop,2023-06-20 02:48:08
14769,39106,pop,2023-06-20 02:48:33
14769,39114,pop,2023-06-20 02:53:02
14769,39115,pop,2023-06-20 02:53:18
14769,39116,pop,2023-06-20 02:53:41
14769,39564,pop,2023-06-20 15:16:13
14769,39566,pop,2023-06-20 15:16:25
14769,39566,pop,2023-06-20 15:16:31
14769,39568,pop,2023-06-20 15:16:36
14769,39598,pop,2023-06-20 15:31:04
14769,39850,pop,2023-06-20 17:42:10
14769,39853,pop,2023-06-20 17:42:19
14769,39854,pop,2023-06-20 17:42:23
14769,40105,pop,2023-06-20 19:47:16
14769,40107,pop,2023-06-20 19:48:07
14769,40600,pop,2023-06-20 23:54:58
14653,35726,pop,2023-06-14 12:41:07
14653,39122,fit,2023-06-20 03:28:04
14653,39123,pop,2023-06-20 03:28:10
14653,39123,fit,2023-06-20 03:30:48
14653,39123,fit,2023-06-20 03:31:40
14774,35847,pop,2023-06-14 13:54:57
14774,39129,pop,2023-06-20 03:35:06
14774,39133,pop,2023-06-20 03:40:23
14772,35845,pop,2023-06-14 13:54:05
14772,39015,pop,2023-06-20 00:18:04
14772,39016,pop,2023-06-20 00:22:52
14772,39018,pop,2023-06-20 00:23:39
14772,39018,fit,2023-06-20 00:25:26
14772,39018,fit,2023-06-20 00:49:38
14772,39018,fit,2023-06-20 01:08:52
14772,39058,pop,2023-06-20 01:22:09
14772,39058,fit,2023-06-20 01:23:50
14772,39059,pop,2023-06-20 01:24:01
14772,39061,pop,2023-06-20 01:25:03
14772,39062,pop,2023-06-20 01:26:21
14772,39063,pop,2023-06-20 01:29:20
14772,39127,fit,2023-06-20 03:35:05
14772,39131,pop,2023-06-20 03:36:15
14772,39131,fit,2023-06-20 03:37:46
14772,39131,fit,2023-06-20 03:43:12
14772,39131,fit,2023-06-20 03:43:22
14772,39131,fit,2023-06-20 03:49:41
14652,35725,pop,2023-06-14 12:40:17
14652,39140,pop,2023-06-20 03:53:42
14652,39140,pop,2023-06-20 03:53:56
14652,39144,pop,2023-06-20 03:55:26
14652,39144,pop,2023-06-20 03:56:08
14652,39144,pop,2023-06-20 03:58:11
14652,39144,pop,2023-06-20 04:01:16
14652,39144,pop,2023-06-20 04:01:37
14652,39144,pop,2023-06-20 04:02:43
14652,39146,pop,2023-06-20 04:03:04
14652,39382,pop,2023-06-20 12:37:58
14682,35755,pop,2023-06-14 12:56:42
14682,39121,pop,2023-06-20 03:26:01
14682,39121,fit,2023-06-20 03:28:03
14682,39125,pop,2023-06-20 03:30:48
14682,39125,fit,2023-06-20 03:32:38
14682,39126,pop,2023-06-20 03:33:19
14682,39145,pop,2023-06-20 03:56:06
14682,39145,fit,2023-06-20 03:57:18
14682,39145,fit,2023-06-20 04:04:44
14682,39145,fit,2023-06-20 04:05:09
14744,35817,pop,2023-06-14 13:38:18
14744,36933,pop,2023-06-16 10:49:57
14744,36933,pop,2023-06-16 10:50:35
14744,37233,pop,2023-06-17 00:41:58
14744,37233,pop,2023-06-17 00:42:28
14744,37995,pop,2023-06-19 13:28:41
14744,38029,pop,2023-06-19 13:33:31
14744,38408,pop,2023-06-19 15:36:47
14744,38408,pop,2023-06-19 15:37:14
14744,38409,pop,2023-06-19 15:37:35
14744,38428,pop,2023-06-19 15:51:39
14744,38430,pop,2023-06-19 16:00:25
14744,38430,pop,2023-06-19 16:01:20
14744,38466,pop,2023-06-19 16:25:52
14744,38498,pop,2023-06-19 17:04:42
14744,38502,pop,2023-06-19 17:06:32
14744,38501,2023-06-19 17:06:52
14744,39151,pop,2023-06-20 04:21:48
14744,39152,pop,2023-06-20 04:22:26
14744,39154,pop,2023-06-20 04:31:14
14744,39155,pop,2023-06-20 04:35:31
14744,39158,pop,2023-06-20 04:43:11
14744,39158,fit,2023-06-20 04:45:51
14744,39158,fit,2023-06-20 04:47:15
14744,39178,pop,2023-06-20 06:58:14
14744,39218,pop,2023-06-20 08:51:48
14744,39233,pop,2023-06-20 09:22:48
14744,39268,pop,2023-06-20 10:25:17
14710,35783,pop,2023-06-14 13:09:46
14710,37081,pop,2023-06-16 13:16:25
14710,37081,fit,2023-06-16 13:30:59
14710,37083,pop,2023-06-16 13:35:02
14710,37083,fit,2023-06-16 13:35:29
14710,37083,fit,2023-06-16 13:35:30
14710,37779,pop,2023-06-19 12:55:38
14710,38282,pop,2023-06-19 14:53:23
14710,38288,pop,2023-06-19 14:56:30
14710,38400,pop,2023-06-19 15:33:04
14710,39160,pop,2023-06-20 04:53:58
14710,39160,fit,2023-06-20 04:55:09
14798,35871,pop,2023-06-14 14:07:17
14798,39162,fit,2023-06-20 05:07:36
14798,39163,pop,2023-06-20 05:10:52
14798,39163,pop,2023-06-20 05:10:58
14798,39163,fit,2023-06-20 05:11:36
14798,39163,fit,2023-06-20 05:16:26
14798,39436,pop,2023-06-20 13:32:56
14798,39694,pop,2023-06-20 16:21:42
14798,39705,pop,2023-06-20 16:28:00
14798,40263,pop,2023-06-20 21:34:03
14798,40546,pop,2023-06-20 23:18:24
14731,35804,pop,2023-06-14 13:29:37
14731,37327,pop,2023-06-19 01:05:59
14731,37360,pop,2023-06-19 09:12:12
14731,37360,fit,2023-06-19 09:21:17
14731,37364,pop,2023-06-19 09:22:22
14731,37364,pop,2023-06-19 09:23:05
14731,38826,pop,2023-06-19 21:45:49
14731,39159,pop,2023-06-20 04:45:52
14731,39159,fit,2023-06-20 05:07:35
14731,39164,pop,2023-06-20 05:12:09
14686,35759,pop,2023-06-14 12:58:31
14686,37017,pop,2023-06-16 12:17:13
14686,39176,fit,2023-06-20 06:23:53
14644,35717,pop,2023-06-14 12:35:02
14644,38611,pop,2023-06-19 19:12:31
14644,39181,fit,2023-06-20 07:25:04
14644,39181,fit,2023-06-20 07:25:16
14644,39181,fit,2023-06-20 07:25:23
14644,39181,sim,2023-06-20 07:26:11
14644,39831,fit,2023-06-20 17:33:05
14644,39831,fit,2023-06-20 17:33:06
14644,40075,pop,2023-06-20 19:32:34
14645,35718,pop,2023-06-14 12:35:27
14645,38598,fit,2023-06-19 19:17:00
14645,38612,fit,2023-06-19 19:21:32
14645,39180,fit,2023-06-20 07:25:04
14645,39180,fit,2023-06-20 07:26:13
14645,39180,fit,2023-06-20 07:29:04
14791,35864,pop,2023-06-14 14:04:16
14791,39183,fit,2023-06-20 07:36:07
14791,39183,fit,2023-06-20 07:38:00
14791,40013,pop,2023-06-20 19:02:10
14791,40144,pop,2023-06-20 20:05:36
14791,40179,pop,2023-06-20 20:37:50
14791,40217,pop,2023-06-20 21:07:22
14791,40308,pop,2023-06-20 21:45:14
14791,40376,pop,2023-06-20 22:03:05
14791,40462,pop,2023-06-20 22:42:00
14791,40553,pop,2023-06-20 23:23:10
14792,35865,pop,2023-06-14 14:04:39
14792,37294,pop,2023-06-18 12:58:59
14792,39189,fit,2023-06-20 07:37:59
14792,39192,pop,2023-06-20 07:42:18
14792,39194,pop,2023-06-20 07:43:06
14792,39194,fit,2023-06-20 07:46:20
14792,39194,fit,2023-06-20 07:46:20
14792,39835,pop,2023-06-20 17:34:42
14792,39838,pop,2023-06-20 17:35:26
14792,39838,fit,2023-06-20 17:37:04
14687,35760,pop,2023-06-14 12:58:58
14687,37359,pop,2023-06-19 09:11:23
14687,38833,pop,2023-06-19 21:47:41
14687,38833,pop,2023-06-19 21:48:12
14687,39167,pop,2023-06-20 05:16:26
14687,39168,pop,2023-06-20 05:17:22
14687,39168,pop,2023-06-20 05:20:12
14687,39198,pop,2023-06-20 07:47:17
14687,39201,pop,2023-06-20 07:47:49
14687,39211,pop,2023-06-20 08:32:37
14687,39220,pop,2023-06-20 08:57:32
14687,39921,pop,2023-06-20 18:11:40
14663,35736,pop,2023-06-14 12:46:00
14663,36887,pop,2023-06-15 23:57:05
14663,37497,fit,2023-06-19 12:01:03
14663,39227,pop,2023-06-20 09:10:18
14663,39229,pop,2023-06-20 09:14:03
14663,39229,fit,2023-06-20 09:16:47
14663,39418,pop,2023-06-20 13:13:37
14746,35819,pop,2023-06-14 13:39:11
14746,36884,pop,2023-06-15 23:54:22
14746,36886,pop,2023-06-15 23:56:30
14746,38118,pop,2023-06-19 13:50:48
14746,38576,pop,2023-06-19 18:55:29
14746,39237,pop,2023-06-20 09:26:09
14746,39237,fit,2023-06-20 09:27:33
14746,39573,pop,2023-06-20 15:19:12
14732,35805,pop,2023-06-14 13:30:27
14732,39228,pop,2023-06-20 09:13:41
14732,39234,pop,2023-06-20 09:23:35
14732,39234,fit,2023-06-20 09:25:48
14721,35794,pop,2023-06-14 13:15:10
14721,39243,pop,2023-06-20 09:34:00
14721,39243,fit,2023-06-20 09:34:03
14721,39243,fit,2023-06-20 09:35:18
14721,39243,fit,2023-06-20 09:35:40
14679,35752,pop,2023-06-14 12:55:16
14679,37735,pop,2023-06-19 12:47:38
14679,37735,pop,2023-06-19 12:52:52
14679,37787,pop,2023-06-19 12:55:44
14679,37787,pop,2023-06-19 12:57:38
14679,37845,pop,2023-06-19 13:07:11
14679,37854,pop,2023-06-19 13:07:17
14679,37854,pop,2023-06-19 13:09:02
14679,38707,pop,2023-06-19 20:14:05
14679,38729,pop,2023-06-19 20:29:48
14679,38859,pop,2023-06-19 22:19:52
14679,38988,pop,2023-06-19 23:29:14
14679,39251,pop,2023-06-20 09:50:20
14679,39253,pop,2023-06-20 09:51:47
14679,39253,pop,2023-06-20 09:52:46
14679,39253,pop,2023-06-20 09:53:08
14679,39254,pop,2023-06-20 09:56:27
14679,39254,pop,2023-06-20 09:57:21
14679,39254,pop,2023-06-20 09:58:47
14679,39254,pop,2023-06-20 09:58:54
14679,39254,pop,2023-06-20 10:08:47
14679,39254,pop,2023-06-20 10:08:59
14679,39254,pop,2023-06-20 10:09:25
14679,39254,pop,2023-06-20 10:09:52
14679,40299,pop,2023-06-20 21:44:00
14679,40863,pop,2023-06-29 22:58:30
14786,35859,pop,2023-06-14 14:01:46
14786,39262,pop,2023-06-20 10:14:34
14786,39262,pop,2023-06-20 10:20:58
14786,39262,pop,2023-06-20 10:21:13
14786,39262,pop,2023-06-20 10:21:59
14786,39306,pop,2023-06-20 11:09:50
14786,39579,pop,2023-06-20 15:23:18
14786,40271,pop,2023-06-20 21:36:52
14678,35751,pop,2023-06-14 12:54:49
14678,38021,pop,2023-06-19 13:28:54
14678,38027,pop,2023-06-19 13:29:16
14678,38027,fit,2023-06-19 13:30:18
14678,38709,pop,2023-06-19 20:13:45
14678,39275,pop,2023-06-20 10:33:22
14678,39275,fit,2023-06-20 10:35:40
14678,39275,fit,2023-06-20 10:40:20
14678,39275,fit,2023-06-20 10:42:58
14678,39283,pop,2023-06-20 10:49:08
14678,39283,pop,2023-06-20 10:49:14
14678,39283,fit,2023-06-20 10:49:57
14678,39285,pop,2023-06-20 10:51:48
14678,39285,fit,2023-06-20 11:06:19
14678,39305,pop,2023-06-20 11:07:30
14678,39310,pop,2023-06-20 11:14:14
14678,39310,fit,2023-06-20 11:15:23
14678,39312,pop,2023-06-20 11:17:54
14678,39312,pop,2023-06-20 11:50:13
14678,39712,pop,2023-06-20 16:34:01
14678,39712,pop,2023-06-20 16:41:59
14678,40020,pop,2023-06-20 19:07:39
14678,40020,pop,2023-06-20 19:07:48
14678,40583,pop,2023-06-20 23:41:07
14678,40748,pop,2023-06-21 19:41:12
14678,40752,pop,2023-06-21 20:17:08
14666,35739,pop,2023-06-14 12:47:10
14666,39273,fit,2023-06-20 10:40:41
14666,39281,pop,2023-06-20 10:45:15
14666,39291,pop,2023-06-20 10:56:14
14666,39965,fit,2023-06-20 18:32:57
14666,39965,fit,2023-06-20 18:36:14
14666,39989,pop,2023-06-20 18:45:29
14662,35735,pop,2023-06-14 12:45:28
14662,38303,pop,2023-06-19 15:01:46
14662,39231,pop,2023-06-20 09:17:01
14662,39276,pop,2023-06-20 10:33:48
14662,39276,fit,2023-06-20 10:40:41
14662,39276,fit,2023-06-20 10:48:24
14662,39276,fit,2023-06-20 10:50:36
14662,39286,pop,2023-06-20 10:52:31
14662,39286,pop,2023-06-20 10:52:50
14662,40031,pop,2023-06-20 19:10:03
14677,35750,pop,2023-06-14 12:54:21
14677,37691,pop,2023-06-19 12:40:28
14677,37744,fit,2023-06-19 14:08:24
14677,37744,fit,2023-06-19 14:14:34
14677,38531,pop,2023-06-19 18:00:19
14677,39134,pop,2023-06-20 03:40:44
14677,39139,pop,2023-06-20 03:43:40
14677,39139,pop,2023-06-20 04:39:21
14677,39323,pop,2023-06-20 11:34:01
14677,39323,fit,2023-06-20 11:38:30
14677,39323,fit,2023-06-20 11:41:03
14677,39323,fit,2023-06-20 11:43:00
14677,39323,fit,2023-06-20 11:43:58
14677,39323,sim,2023-06-20 11:44:58
14677,39323,sim,2023-06-20 11:46:09
14677,39323,sim,2023-06-20 11:50:13
14677,39323,sim,2023-06-20 11:50:32
14677,39323,fit,2023-06-20 11:52:10
14677,39323,fit,2023-06-20 11:52:10
14677,39323,fit,2023-06-20 11:55:09
14677,39323,fit,2023-06-20 11:56:08
14677,40073,pop,2023-06-20 19:32:17
14677,40099,pop,2023-06-20 19:43:39
14677,40627,pop,2023-06-21 00:19:57
14677,40627,pop,2023-06-21 00:19:58
14677,40628,pop,2023-06-21 00:21:13
14677,40765,pop,2023-06-21 22:29:41
14677,40765,fit,2023-06-21 22:35:20
14770,35843,pop,2023-06-14 13:53:01
14770,38561,pop,2023-06-19 18:32:43
14770,38561,pop,2023-06-19 18:33:20
14770,38564,pop,2023-06-19 18:35:03
14770,38808,pop,2023-06-19 21:40:12
14770,38808,pop,2023-06-19 21:40:50
14770,38808,fit,2023-06-19 21:44:11
14770,38808,fit,2023-06-19 21:44:25
14770,39339,pop,2023-06-20 11:52:10
14770,39339,pop,2023-06-20 11:52:26
14770,40183,pop,2023-06-20 20:46:43
14770,40183,fit,2023-06-20 20:47:49
14770,40183,fit,2023-06-20 20:55:29
14770,40183,fit,2023-06-20 20:59:08
14719,35792,pop,2023-06-14 13:13:58
14719,36901,pop,2023-06-16 09:24:21
14719,37376,pop,2023-06-19 10:29:27
14719,37377,pop,2023-06-19 10:29:34
14719,37378,pop,2023-06-19 10:30:00
14719,37378,fit,2023-06-19 10:30:29
14719,37378,fit,2023-06-19 10:31:14
14719,37378,fit,2023-06-19 10:32:22
14719,37378,fit,2023-06-19 10:35:03
14719,37379,pop,2023-06-19 10:36:21
14719,37379,pop,2023-06-19 10:38:19
14719,37380,pop,2023-06-19 10:38:32
14719,37381,pop,2023-06-19 10:39:13
14719,37381,fit,2023-06-19 10:39:47
14719,37382,pop,2023-06-19 10:40:49
14719,37382,fit,2023-06-19 10:42:18
14719,37382,fit,2023-06-19 10:53:03
14719,37385,pop,2023-06-19 10:53:57
14719,37385,fit,2023-06-19 10:58:42
14719,37387,pop,2023-06-19 11:00:06
14719,37486,pop,2023-06-19 11:49:28
14719,37486,fit,2023-06-19 12:19:47
14719,37600,pop,2023-06-19 12:21:47
14719,37600,fit,2023-06-19 12:26:14
14719,37600,fit,2023-06-19 12:28:30
14719,37651,pop,2023-06-19 12:31:54
14719,37659,pop,2023-06-19 12:32:57
14719,37689,pop,2023-06-19 12:41:14
14719,37689,fit,2023-06-19 12:49:35
14719,37689,fit,2023-06-19 12:50:06
14719,37689,fit,2023-06-19 12:54:24
14719,37689,fit,2023-06-19 12:54:39
14719,37689,fit,2023-06-19 12:54:44
14719,37689,fit,2023-06-19 12:55:10
14719,37689,fit,2023-06-19 12:57:39
14719,37884,pop,2023-06-19 13:07:18
14719,37911,pop,2023-06-19 13:14:06
14719,39009,pop,2023-06-20 00:11:59
14719,39009,fit,2023-06-20 00:23:06
14719,39009,fit,2023-06-20 00:23:06
14719,39009,fit,2023-06-20 00:23:06
14719,39247,pop,2023-06-20 09:42:28
14719,39247,fit,2023-06-20 09:50:49
14719,39247,fit,2023-06-20 09:54:49
14719,39247,fit,2023-06-20 09:55:16
14719,39247,fit,2023-06-20 11:33:39
14719,39426,pop,2023-06-20 13:16:39
14719,39871,pop,2023-06-20 17:50:31
14719,39904,pop,2023-06-20 18:01:23
14719,39939,pop,2023-06-20 18:17:35
14719,40232,pop,2023-06-20 21:12:39
14719,40574,pop,2023-06-20 23:35:12
14713,35786,pop,2023-06-14 13:11:01
14713,39316,fit,2023-06-20 11:33:56
14713,39316,fit,2023-06-20 12:02:34
14713,40071,pop,2023-06-20 19:31:15
14713,40582,pop,2023-06-20 23:40:41
14713,40584,2023-06-20 23:42:03
14778,35851,pop,2023-06-14 13:56:42
14778,37488,pop,2023-06-19 11:50:17
14778,37496,pop,2023-06-19 11:53:39
14778,37922,pop,2023-06-19 13:14:14
14778,37926,fit,2023-06-19 13:14:37
14778,38181,pop,2023-06-19 14:21:25
14778,39290,pop,2023-06-20 10:55:27
14778,39290,fit,2023-06-20 11:00:40
14778,39290,fit,2023-06-20 11:04:35
14778,39358,pop,2023-06-20 12:15:10
14778,39358,fit,2023-06-20 12:19:32
14778,40675,pop,2023-06-21 11:39:39
14683,35756,pop,2023-06-14 12:57:09
14683,39342,fit,2023-06-20 12:02:32
14683,39342,fit,2023-06-20 12:19:46
14683,39342,fit,2023-06-20 12:20:09
14683,39342,fit,2023-06-20 12:23:00
14683,40203,pop,2023-06-20 21:02:52
14672,35745,pop,2023-06-14 12:50:49
14672,39333,pop,2023-06-20 11:44:27
14672,39380,pop,2023-06-20 12:34:07
14672,39380,fit,2023-06-20 12:38:00
14672,39380,fit,2023-06-20 12:41:08
14672,39380,fit,2023-06-20 12:41:24
14672,39380,fit,2023-06-20 12:41:27
14672,39380,fit,2023-06-20 12:41:33
14672,39380,fit,2023-06-20 12:41:53
14672,39391,pop,2023-06-20 12:54:21
14672,40450,pop,2023-06-20 22:35:32
14760,35833,pop,2023-06-14 13:47:05
14760,39147,pop,2023-06-20 04:05:39
14760,39148,pop,2023-06-20 04:06:56
14760,39150,pop,2023-06-20 04:10:33
14760,39150,fit,2023-06-20 04:12:29
14760,39359,pop,2023-06-20 12:20:25
14760,39359,fit,2023-06-20 12:22:34
14760,39381,pop,2023-06-20 12:36:31
14760,39383,fit,2023-06-20 12:41:25
14760,39383,fit,2023-06-20 12:41:32
14760,39383,fit,2023-06-20 12:41:42
14760,39383,fit,2023-06-20 12:45:55
14760,40123,pop,2023-06-20 19:58:05
14760,40124,pop,2023-06-20 19:58:20
14760,40126,pop,2023-06-20 19:58:43
14760,40129,pop,2023-06-20 20:01:01
14760,40135,fit,2023-06-20 20:05:17
14760,40149,pop,2023-06-20 20:07:27
14760,40149,fit,2023-06-20 20:20:32
14760,40168,pop,2023-06-20 20:22:56
14760,40534,pop,2023-06-20 23:12:11
14800,35873,pop,2023-06-14 14:08:08
14800,39438,pop,2023-06-20 13:38:55
14800,39438,pop,2023-06-20 13:40:11
14800,40293,2023-06-20 21:43:19
14694,35767,pop,2023-06-14 13:02:35
14694,39437,pop,2023-06-20 13:42:11
14694,39437,pop,2023-06-20 13:44:09
14694,40333,pop,2023-06-20 21:51:22
14694,40350,pop,2023-06-20 21:54:20
14694,40350,pop,2023-06-20 21:54:21
14694,40362,pop,2023-06-20 21:58:23
14694,40362,pop,2023-06-20 21:58:23
14694,40362,pop,2023-06-20 21:58:57
14694,40362,pop,2023-06-20 21:59:08
14694,40362,pop,2023-06-20 21:59:21
14694,40362,pop,2023-06-20 22:00:07
14654,35727,pop,2023-06-14 12:41:42
14654,38993,pop,2023-06-19 23:38:23
14654,38995,pop,2023-06-19 23:39:30
14654,38995,fit,2023-06-19 23:40:33
14654,39439,pop,2023-06-20 13:36:27
14654,39440,pop,2023-06-20 13:36:47
14654,39448,pop,2023-06-20 13:53:14
14654,40535,2023-06-20 23:12:38
14795,35868,pop,2023-06-14 14:05:51
14795,38524,pop,2023-06-19 17:31:10
14795,38738,pop,2023-06-19 20:36:08
14795,38738,pop,2023-06-19 20:37:33
14795,38738,pop,2023-06-19 20:37:40
14795,38738,pop,2023-06-19 20:37:42
14795,38749,pop,2023-06-19 20:43:09
14795,38749,pop,2023-06-19 20:43:15
14795,39315,pop,2023-06-20 11:21:58
14795,39315,pop,2023-06-20 11:22:09
14795,39415,pop,2023-06-20 13:13:54
14795,39463,pop,2023-06-20 14:07:30
14795,39463,fit,2023-06-20 14:12:24
14795,39474,pop,2023-06-20 14:20:09
14795,39475,pop,2023-06-20 14:23:06
14795,39531,pop,2023-06-20 15:05:47
14795,39914,pop,2023-06-20 18:04:41
14795,40416,pop,2023-06-20 22:20:32
14751,35824,pop,2023-06-14 13:42:46
14751,38412,pop,2023-06-19 15:42:33
14751,38412,fit,2023-06-19 15:45:12
14751,39466,pop,2023-06-20 14:12:24
14751,39466,fit,2023-06-20 14:26:36
14751,39485,pop,2023-06-20 14:36:05
14751,39491,pop,2023-06-20 14:45:35
14804,35877,pop,2023-06-14 14:09:58
14804,37214,pop,2023-06-16 18:37:02
14804,37215,pop,2023-06-16 18:37:26
14804,37215,pop,2023-06-16 22:19:21
14804,37372,pop,2023-06-19 10:08:17
14804,39423,pop,2023-06-20 13:13:47
14804,39420,pop,2023-06-20 13:13:51
14804,39420,pop,2023-06-20 13:14:46
14804,39429,fit,2023-06-20 13:30:05
14804,39429,fit,2023-06-20 13:46:33
14804,39458,pop,2023-06-20 14:02:15
14804,39469,pop,2023-06-20 14:12:25
14804,39469,fit,2023-06-20 14:19:08
14804,39476,pop,2023-06-20 14:23:19
14804,39478,pop,2023-06-20 14:26:36
14804,39478,fit,2023-06-20 14:29:41
14804,39536,pop,2023-06-20 15:08:11
14804,39865,pop,2023-06-20 17:46:56
14804,39877,pop,2023-06-20 17:54:02
14804,39917,pop,2023-06-20 18:05:29
14889,35956,pop,2023-06-14 15:58:08
14889,37207,fit,2023-06-16 16:12:26
14889,39494,pop,2023-06-20 14:48:23
14889,39494,fit,2023-06-20 14:51:00
14889,40709,pop,2023-06-21 14:22:30
14779,35852,pop,2023-06-14 13:57:42
14779,39350,fit,2023-06-20 12:38:08
14779,39414,pop,2023-06-20 13:14:29
14779,39487,pop,2023-06-20 14:44:12
14779,39523,pop,2023-06-20 15:04:22
14779,39982,pop,2023-06-20 18:38:06
14779,40025,pop,2023-06-20 19:09:09
14899,35966,pop,2023-06-14 16:01:14
14899,37206,pop,2023-06-16 15:57:41
14899,37206,fit,2023-06-16 15:58:54
14899,39510,fit,2023-06-20 15:03:45
14899,39510,sim,2023-06-20 15:04:01
14899,39510,fit,2023-06-20 15:05:32
14699,35772,pop,2023-06-14 13:05:06
14699,37972,pop,2023-06-19 13:21:23
14699,39552,pop,2023-06-20 15:15:35
14692,35765,pop,2023-06-14 13:01:38
14692,38015,pop,2023-06-19 13:26:08
14692,38038,pop,2023-06-19 13:36:14
14692,38156,pop,2023-06-19 14:06:44
14692,38182,pop,2023-06-19 14:21:37
14692,38189,pop,2023-06-19 14:25:30
14692,38189,fit,2023-06-19 14:29:20
14692,38189,fit,2023-06-19 14:31:35
14692,38189,pop,2023-06-19 14:41:52
14692,38240,pop,2023-06-19 14:43:34
14692,38240,pop,2023-06-19 14:43:40
14692,38247,pop,2023-06-19 14:44:06
14692,38247,fit,2023-06-19 14:46:04
14692,38247,fit,2023-06-19 14:50:51
14692,38247,fit,2023-06-19 14:50:55
14692,38247,fit,2023-06-19 14:51:50
14692,38247,fit,2023-06-19 14:52:14
14692,38247,fit,2023-06-19 14:52:40
14692,38247,fit,2023-06-19 14:53:09
14692,38247,fit,2023-06-19 14:53:22
14692,38856,pop,2023-06-19 22:10:49
14692,38857,pop,2023-06-19 22:11:11
14692,38857,fit,2023-06-19 22:19:42
14692,39334,pop,2023-06-20 11:47:33
14692,39338,pop,2023-06-20 11:51:20
14692,39425,pop,2023-06-20 13:14:31
14692,39425,pop,2023-06-20 13:14:31
14692,38318,fit,2023-06-20 15:22:19
14692,38318,fit,2023-06-20 15:26:10
14692,38318,fit,2023-06-20 15:26:26
14692,39596,fit,2023-06-20 15:34:01
14692,40057,pop,2023-06-20 19:24:02
14658,35731,pop,2023-06-14 12:43:39
14658,36932,pop,2023-06-16 10:39:32
14658,37045,pop,2023-06-16 12:36:43
14658,37216,pop,2023-06-16 18:44:33
14658,37260,pop,2023-06-17 18:27:24
14658,37618,pop,2023-06-19 12:24:59
14658,38133,pop,2023-06-19 13:57:55
14658,38149,pop,2023-06-19 14:03:38
14658,38149,pop,2023-06-19 14:03:41
14658,38236,pop,2023-06-19 14:40:01
14658,38246,pop,2023-06-19 14:43:59
14658,38776,pop,2023-06-19 21:19:41
14658,38778,pop,2023-06-19 21:20:32
14658,39387,pop,2023-06-20 12:47:04
14658,39467,pop,2023-06-20 14:12:26
14658,39467,pop,2023-06-20 14:15:51
14658,39473,pop,2023-06-20 14:20:08
14658,39477,pop,2023-06-20 14:26:37
14658,39477,pop,2023-06-20 14:33:47
14658,39484,pop,2023-06-20 14:34:03
14658,39498,pop,2023-06-20 14:51:00
14658,39498,fit,2023-06-20 15:03:56
14658,39498,fit,2023-06-20 15:04:08
14658,39529,pop,2023-06-20 15:05:01
14658,39529,pop,2023-06-20 15:06:08
14658,39529,pop,2023-06-20 15:07:13
14658,39529,pop,2023-06-20 15:08:10
14658,39562,pop,2023-06-20 15:15:39
14658,39562,fit,2023-06-20 15:30:50
14658,39615,pop,2023-06-20 15:41:25
14658,39628,pop,2023-06-20 15:52:03
14658,39645,pop,2023-06-20 16:00:01
14658,39653,pop,2023-06-20 16:05:05
14658,39757,pop,2023-06-20 16:52:42
14658,39757,fit,2023-06-20 17:00:37
14658,39757,fit,2023-06-20 17:06:15
14658,40104,pop,2023-06-20 19:47:30
14658,40111,pop,2023-06-20 19:50:23
14658,40558,pop,2023-06-20 23:25:32
14730,35803,pop,2023-06-14 13:27:13
14730,36924,pop,2023-06-16 10:02:54
14730,37531,pop,2023-06-19 12:01:42
14730,37531,pop,2023-06-19 12:03:12
14730,37531,pop,2023-06-19 12:09:27
14730,37612,pop,2023-06-19 12:24:49
14730,37612,pop,2023-06-19 12:53:00
14730,37788,pop,2023-06-19 12:55:46
14730,37788,pop,2023-06-19 13:06:53
14730,37891,pop,2023-06-19 13:13:26
14730,39560,pop,2023-06-20 15:16:13
14730,39567,pop,2023-06-20 15:16:34
14730,39567,pop,2023-06-20 15:17:02
14730,39567,pop,2023-06-20 15:17:33
14730,39567,pop,2023-06-20 15:17:43
14730,39576,pop,2023-06-20 15:22:20
14730,39576,pop,2023-06-20 15:22:58
14730,39576,pop,2023-06-20 15:23:37
14730,39587,pop,2023-06-20 15:30:51
14730,39587,pop,2023-06-20 15:31:15
14730,39602,pop,2023-06-20 15:34:02
14730,39602,pop,2023-06-20 15:34:42
14730,39626,pop,2023-06-20 15:46:17
14730,39626,pop,2023-06-20 15:52:50
14730,39626,pop,2023-06-20 15:53:06
14730,39626,pop,2023-06-20 15:53:17
14730,39626,pop,2023-06-20 15:53:17
14730,39626,pop,2023-06-20 15:55:06
14730,39626,pop,2023-06-20 15:55:08
14730,39753,pop,2023-06-20 16:52:42
14747,35820,pop,2023-06-14 13:40:10
14747,39594,pop,2023-06-20 15:30:48
14747,39627,fit,2023-06-20 15:51:38
14747,40676,pop,2023-06-21 11:39:55
14884,35951,pop,2023-06-14 15:54:28
14884,39591,pop,2023-06-20 15:31:15
14884,39591,pop,2023-06-20 15:31:16
14884,39605,pop,2023-06-20 15:34:32
14884,39605,fit,2023-06-20 15:36:06
14884,39605,fit,2023-06-20 15:41:06
14884,39605,fit,2023-06-20 15:41:10
14884,39605,fit,2023-06-20 15:46:13
14884,39605,fit,2023-06-20 15:46:13
14884,39605,fit,2023-06-20 15:46:32
14884,39605,fit,2023-06-20 15:46:42
14884,39629,pop,2023-06-20 15:51:51
14884,39635,pop,2023-06-20 15:52:49
14884,39635,fit,2023-06-20 15:59:12
14884,39635,fit,2023-06-20 15:59:43
14884,39635,fit,2023-06-20 16:03:22
14884,39635,fit,2023-06-20 16:03:39
14814,35887,pop,2023-06-14 14:17:04
14814,35887,pop,2023-06-14 14:17:17
14814,39697,pop,2023-06-20 16:21:45
14869,35936,pop,2023-06-14 15:32:16
14808,35881,pop,2023-06-14 14:12:06
14771,35844,pop,2023-06-14 13:53:25
14771,37348,fit,2023-06-19 08:15:52
14771,37349,pop,2023-06-19 08:17:26
14771,37350,pop,2023-06-19 08:19:22
14771,38235,pop,2023-06-19 14:39:49
14771,38230,pop,2023-06-19 14:39:49
14771,38230,fit,2023-06-19 14:43:22
14771,38285,pop,2023-06-19 14:53:37
14771,38809,pop,2023-06-19 21:40:23
14771,38827,pop,2023-06-19 21:44:36
14771,38829,pop,2023-06-19 21:48:12
14771,38831,pop,2023-06-19 21:48:22
14771,39690,pop,2023-06-20 16:21:40
14771,39690,fit,2023-06-20 16:22:37
14771,39690,fit,2023-06-20 16:33:55
14771,39690,fit,2023-06-20 16:35:34
14771,39690,fit,2023-06-20 16:37:39
14771,39739,pop,2023-06-20 16:45:22
14805,35878,pop,2023-06-14 14:10:09
14805,35878,pop,2023-06-14 14:14:51
14805,35878,pop,2023-06-14 14:15:03
14805,39706,pop,2023-06-20 16:27:49
14812,35885,pop,2023-06-14 14:15:45
14664,35737,pop,2023-06-14 12:46:20
14664,38864,pop,2023-06-19 22:20:07
14664,38870,pop,2023-06-19 22:27:39
14664,38877,2023-06-19 22:29:56
14664,39575,pop,2023-06-20 15:23:15
14664,39603,fit,2023-06-20 15:40:46
14664,39603,fit,2023-06-20 15:42:05
14664,39603,fit,2023-06-20 15:43:20
14664,39669,pop,2023-06-20 16:12:11
14664,39681,fit,2023-06-20 16:21:40
14664,39797,pop,2023-06-20 17:07:55
14738,35811,pop,2023-06-14 13:35:24
14738,38825,pop,2023-06-19 21:44:13
14738,38825,pop,2023-06-19 22:03:56
14738,38940,pop,2023-06-19 23:05:27
14738,38940,pop,2023-06-19 23:33:22
14738,38940,pop,2023-06-19 23:35:33
14738,39685,pop,2023-06-20 16:18:45
14738,39713,pop,2023-06-20 16:34:01
14738,39713,fit,2023-06-20 16:40:25
14738,40639,pop,2023-06-21 03:06:56
14651,35724,pop,2023-06-14 12:39:45
14651,39356,pop,2023-06-20 12:48:31
14651,39356,pop,2023-06-20 14:48:38
14651,39505,pop,2023-06-20 15:11:32
14651,39584,pop,2023-06-20 15:30:51
14651,39584,pop,2023-06-20 15:35:51
14651,39687,pop,2023-06-20 16:18:46
14651,39693,pop,2023-06-20 16:21:42
14651,39727,pop,2023-06-20 16:40:27
14651,39734,pop,2023-06-20 16:40:29
14651,39734,pop,2023-06-20 16:41:19
14651,39741,pop,2023-06-20 16:45:10
14651,39741,pop,2023-06-20 16:46:41
14651,39748,pop,2023-06-20 16:52:36
14651,39748,pop,2023-06-20 16:57:20
14651,39748,pop,2023-06-20 16:57:20
14651,39748,pop,2023-06-20 16:57:20
14651,39748,pop,2023-06-20 17:00:11
14651,39748,pop,2023-06-20 17:00:11
14651,39775,pop,2023-06-20 17:03:06
14651,39775,pop,2023-06-20 17:05:57
14651,39788,pop,2023-06-20 17:06:32
14651,39788,pop,2023-06-20 17:07:36
14651,39734,pop,2023-06-20 17:07:36
14651,39788,pop,2023-06-20 17:07:37
14651,39788,pop,2023-06-20 17:07:38
14714,35787,pop,2023-06-14 13:11:26
14714,38718,pop,2023-06-19 20:20:26
14714,38718,pop,2023-06-19 20:36:49
14714,38750,pop,2023-06-19 20:45:51
14714,38750,pop,2023-06-19 20:46:33
14714,38750,pop,2023-06-19 20:47:44
14714,38750,pop,2023-06-19 20:47:53
14714,38750,pop,2023-06-19 20:48:19
14714,39744,pop,2023-06-20 16:45:36
14714,39744,fit,2023-06-20 16:52:33
14714,40638,pop,2023-06-21 03:04:32
14656,35729,pop,2023-06-14 12:42:34
14656,39602,pop,2023-06-20 15:35:47
14656,39612,pop,2023-06-20 15:40:20
14656,39612,pop,2023-06-20 15:41:01
14656,39768,fit,2023-06-20 17:06:40
14656,39768,fit,2023-06-20 17:16:33
14646,35719,pop,2023-06-14 12:36:10
14646,38239,pop,2023-06-19 14:43:17
14646,38243,pop,2023-06-19 14:43:22
14646,38249,pop,2023-06-19 14:46:05
14646,38263,pop,2023-06-19 14:46:22
14646,38286,pop,2023-06-19 14:53:39
14646,38319,pop,2023-06-19 15:02:30
14646,39049,pop,2023-06-20 01:01:22
14646,39051,pop,2023-06-20 01:02:12
14646,39740,pop,2023-06-20 16:45:10
14646,39740,fit,2023-06-20 16:52:37
14646,39740,fit,2023-06-20 16:52:38
14646,39784,pop,2023-06-20 17:07:17
14646,39784,fit,2023-06-20 17:18:52
14742,35815,pop,2023-06-14 13:37:24
14742,39779,pop,2023-06-20 17:06:14
14742,39779,fit,2023-06-20 17:18:47
14742,39870,pop,2023-06-20 17:50:34
14742,39928,pop,2023-06-20 18:11:34
14802,35875,pop,2023-06-14 14:09:01
14802,39866,fit,2023-06-20 17:50:17
14802,39866,fit,2023-06-20 17:50:23
14716,35789,pop,2023-06-14 13:12:34
14716,36912,pop,2023-06-16 09:52:50
14716,36912,fit,2023-06-16 09:59:09
14716,37783,pop,2023-06-19 12:55:08
14716,37925,pop,2023-06-19 13:14:16
14716,37925,fit,2023-06-19 13:57:14
14716,39346,pop,2023-06-20 12:02:49
14716,39346,fit,2023-06-20 13:13:37
14716,39346,fit,2023-06-20 17:30:49
14716,39346,fit,2023-06-20 17:33:36
14716,39346,fit,2023-06-20 17:33:53
14716,39346,fit,2023-06-20 17:34:07
14716,39346,fit,2023-06-20 17:35:11
14716,39346,pop,2023-06-20 17:35:27
14716,39346,pop,2023-06-20 17:36:24
14716,39346,pop,2023-06-20 18:00:10
14716,39903,pop,2023-06-20 18:00:48
14716,39907,pop,2023-06-20 18:03:01
14716,39916,pop,2023-06-20 18:04:56
14665,35738,pop,2023-06-14 12:46:48
14665,37867,fit,2023-06-19 13:13:51
14665,37867,fit,2023-06-19 13:14:04
14665,37867,fit,2023-06-19 13:20:30
14665,37867,fit,2023-06-19 13:20:32
14665,37971,pop,2023-06-19 13:21:23
14665,37971,pop,2023-06-19 13:21:33
14665,38010,pop,2023-06-19 13:26:03
14665,38010,fit,2023-06-19 13:28:52
14665,38010,fit,2023-06-19 13:29:07
14665,38042,pop,2023-06-19 13:36:18
14665,38082,pop,2023-06-19 13:45:40
14665,38183,pop,2023-06-19 14:21:38
14665,38183,pop,2023-06-19 14:23:23
14665,39539,fit,2023-06-20 15:11:32
14665,39539,fit,2023-06-20 15:14:48
14665,39539,fit,2023-06-20 15:14:56
14665,39539,fit,2023-06-20 15:21:40
14665,39539,fit,2023-06-20 15:22:18
14665,39539,fit,2023-06-20 15:23:18
14665,39755,pop,2023-06-20 16:52:48
14665,39764,pop,2023-06-20 16:57:20
14665,39813,pop,2023-06-20 17:18:56
14665,39822,pop,2023-06-20 17:24:41
14665,39890,fit,2023-06-20 17:58:40
14689,35762,pop,2023-06-14 13:00:00
14689,38036,pop,2023-06-19 13:36:30
14689,38865,pop,2023-06-19 22:20:29
14689,38866,pop,2023-06-19 22:22:43
14689,38868,pop,2023-06-19 22:25:00
14689,38891,pop,2023-06-19 22:38:57
14689,39203,pop,2023-06-20 07:53:33
14689,39207,pop,2023-06-20 08:15:27
14689,39504,pop,2023-06-20 14:53:44
14689,39794,pop,2023-06-20 17:07:44
14689,39812,pop,2023-06-20 17:18:52
14689,39819,pop,2023-06-20 17:21:35
14689,39819,fit,2023-06-20 17:24:38
14689,39912,fit,2023-06-20 18:11:44
14689,39956,pop,2023-06-20 18:25:54
14689,39967,pop,2023-06-20 18:31:00
14684,35757,pop,2023-06-14 12:57:42
14684,38539,pop,2023-06-19 18:06:11
14684,38539,pop,2023-06-19 18:06:30
14684,38542,pop,2023-06-19 18:15:04
14684,38542,pop,2023-06-19 18:15:39
14684,38542,pop,2023-06-19 18:27:31
14684,38542,pop,2023-06-19 18:28:07
14684,38542,pop,2023-06-19 18:29:14
14684,38542,pop,2023-06-19 18:33:25
14684,38542,pop,2023-06-19 18:39:28
14684,38542,pop,2023-06-19 18:40:33
14684,38571,pop,2023-06-19 18:42:57
14684,38571,pop,2023-06-19 18:43:40
14684,38572,pop,2023-06-19 18:45:20
14684,38572,fit,2023-06-19 18:47:44
14684,38572,fit,2023-06-19 18:51:02
14684,38572,fit,2023-06-19 18:53:23
14684,39945,pop,2023-06-20 18:18:28
14684,39945,fit,2023-06-20 18:25:20
14684,39945,fit,2023-06-20 18:25:42
14684,39945,fit,2023-06-20 18:26:03
14684,39945,fit,2023-06-20 18:26:17
14684,39945,fit,2023-06-20 18:26:19
14684,39945,fit,2023-06-20 18:26:24
14684,39945,fit,2023-06-20 18:29:50
14684,39945,fit,2023-06-20 18:29:53
14684,39968,pop,2023-06-20 18:31:00
14684,39968,pop,2023-06-20 18:31:05
14684,39971,pop,2023-06-20 18:33:07
14684,39976,pop,2023-06-20 18:38:19
14684,39985,pop,2023-06-20 18:38:41
14684,39985,fit,2023-06-20 18:42:20
14762,35835,pop,2023-06-14 13:47:52
14762,39680,pop,2023-06-20 16:17:38
14762,39833,pop,2023-06-20 17:34:29
14762,39857,pop,2023-06-20 17:43:04
14762,39858,pop,2023-06-20 17:43:20
14762,39858,pop,2023-06-20 17:45:02
14762,39860,pop,2023-06-20 17:45:10
14762,39864,pop,2023-06-20 17:46:26
14762,39864,pop,2023-06-20 17:47:06
14762,39875,pop,2023-06-20 17:50:31
14762,39875,pop,2023-06-20 17:50:48
14762,39880,pop,2023-06-20 17:51:36
14762,39880,pop,2023-06-20 17:51:52
14762,39883,pop,2023-06-20 17:54:15
14762,39894,pop,2023-06-20 17:58:41
14762,39894,pop,2023-06-20 17:59:48
14762,39894,pop,2023-06-20 18:02:09
14762,39894,pop,2023-06-20 18:03:09
14762,39913,pop,2023-06-20 18:04:11
14762,39930,pop,2023-06-20 18:11:51
14762,39942,pop,2023-06-20 18:17:36
14762,39942,pop,2023-06-20 18:18:23
14762,39957,pop,2023-06-20 18:26:51
14762,39957,fit,2023-06-20 18:30:34
14762,39957,fit,2023-06-20 18:33:03
14757,35830,pop,2023-06-14 13:45:42
14757,39292,pop,2023-06-20 11:00:40
14757,39965,pop,2023-06-20 18:30:45
14743,35816,pop,2023-06-14 13:37:49
14743,38540,pop,2023-06-19 18:08:52
14743,38541,pop,2023-06-19 18:09:37
14743,38574,fit,2023-06-19 19:03:09
14743,38574,fit,2023-06-19 19:04:17
14743,39901,pop,2023-06-20 18:02:08
14743,40006,fit,2023-06-20 18:58:51
14743,40006,fit,2023-06-20 19:02:03
14743,40006,fit,2023-06-20 19:02:03
14743,40006,fit,2023-06-20 19:02:12
14743,40028,pop,2023-06-20 19:09:26
14743,40040,pop,2023-06-20 19:14:48
14776,35849,pop,2023-06-14 13:55:51
14776,40038,pop,2023-06-20 19:14:40
14776,40044,pop,2023-06-20 19:20:41
14776,40044,fit,2023-06-20 19:22:17
14776,40044,fit,2023-06-20 19:23:35
14776,40077,pop,2023-06-20 19:33:24
14776,40077,pop,2023-06-20 19:33:25
14776,40080,pop,2023-06-20 19:35:17
14776,40098,pop,2023-06-20 19:43:51
14776,40100,pop,2023-06-20 19:44:28
14776,40109,2023-06-20 19:48:19
14766,35839,pop,2023-06-14 13:51:06
14766,39296,pop,2023-06-20 11:00:50
14766,39318,pop,2023-06-20 11:29:45
14766,39639,fit,2023-06-20 16:12:48
14766,40039,fit,2023-06-20 19:22:58
14766,40059,pop,2023-06-20 19:24:33
14766,40060,pop,2023-06-20 19:25:22
14766,40133,pop,2023-06-20 20:01:37
14766,40134,pop,2023-06-20 20:01:56
14766,40155,pop,2023-06-20 20:13:13
14766,40549,pop,2023-06-20 23:20:50
14766,40550,pop,2023-06-20 23:21:06
14766,40650,pop,2023-06-21 08:49:50
14768,35841,pop,2023-06-14 13:52:09
14768,38906,pop,2023-06-19 22:48:22
14768,39212,pop,2023-06-20 08:39:29
14768,39212,pop,2023-06-20 08:39:54
14768,39213,pop,2023-06-20 08:40:10
14768,39213,pop,2023-06-20 08:40:45
14768,39559,pop,2023-06-20 15:15:33
14768,39715,pop,2023-06-20 16:34:08
14768,40011,pop,2023-06-20 18:58:50
14768,40024,pop,2023-06-20 19:09:09
14768,40024,fit,2023-06-20 19:14:26
14768,40069,pop,2023-06-20 19:30:30
14768,40153,pop,2023-06-20 20:10:58
14768,40176,pop,2023-06-20 20:33:21
14768,40218,pop,2023-06-20 21:08:04
14768,40266,pop,2023-06-20 21:36:29
14768,40322,pop,2023-06-20 21:52:05
14768,40413,pop,2023-06-20 22:21:03
14787,35860,pop,2023-06-14 14:02:12
14787,39340,pop,2023-06-20 11:58:12
14787,39344,pop,2023-06-20 12:02:49
14787,39344,fit,2023-06-20 12:05:37
14787,39344,fit,2023-06-20 12:12:47
14787,39344,fit,2023-06-20 12:12:57
14787,39344,fit,2023-06-20 12:18:25
14787,39344,fit,2023-06-20 12:18:41
14787,40079,fit,2023-06-20 19:36:48
14787,40079,fit,2023-06-20 19:38:41
14787,40079,fit,2023-06-20 19:38:48
14787,40086,pop,2023-06-20 19:39:08
14787,40086,pop,2023-06-20 19:39:12
14764,35837,pop,2023-06-14 13:48:38
14764,36974,pop,2023-06-16 11:36:34
14764,37040,pop,2023-06-16 12:34:12
14764,38316,pop,2023-06-19 15:02:32
14764,38316,pop,2023-06-19 15:07:07
14764,38355,pop,2023-06-19 15:10:16
14764,38355,pop,2023-06-19 15:11:29
14764,38364,pop,2023-06-19 15:11:39
14764,38364,pop,2023-06-19 15:12:41
14764,39331,pop,2023-06-20 11:44:00
14764,39613,pop,2023-06-20 15:41:30
14764,40047,pop,2023-06-20 19:21:26
14764,40047,pop,2023-06-20 19:22:17
14764,40055,pop,2023-06-20 19:23:34
14764,40058,pop,2023-06-20 19:25:26
14764,40061,pop,2023-06-20 19:25:54
14764,40064,pop,2023-06-20 19:28:32
14764,40067,pop,2023-06-20 19:28:54
14764,40070,pop,2023-06-20 19:30:24
14764,40094,pop,2023-06-20 19:42:56
14764,40115,pop,2023-06-20 19:52:30
14764,40127,pop,2023-06-20 19:58:44
14764,40128,pop,2023-06-20 20:00:46
14649,35722,pop,2023-06-14 12:38:39
14649,37482,pop,2023-06-19 11:45:56
14649,37528,pop,2023-06-19 12:01:12
14649,37584,pop,2023-06-19 12:15:26
14649,37584,fit,2023-06-19 12:18:44
14649,40142,fit,2023-06-20 20:10:09
14649,40204,pop,2023-06-20 21:03:18
14722,35795,pop,2023-06-14 13:17:07
14722,40206,pop,2023-06-20 21:03:55
14722,40206,pop,2023-06-20 21:04:01
14722,40211,pop,2023-06-20 21:05:39
14722,40219,pop,2023-06-20 21:08:16
14722,40222,pop,2023-06-20 21:09:16
14722,40225,pop,2023-06-20 21:09:39
14722,40377,pop,2023-06-20 22:03:07
14722,40383,pop,2023-06-20 22:06:04
14667,35740,pop,2023-06-14 12:47:36
14667,40243,fit,2023-06-20 21:31:51
14667,40409,pop,2023-06-20 22:17:48
14667,40409,fit,2023-06-20 22:20:10
14667,40409,fit,2023-06-20 22:20:20
14667,40433,pop,2023-06-20 22:30:17
14667,40444,pop,2023-06-20 22:33:50
14667,40444,pop,2023-06-20 22:35:11
14669,35742,pop,2023-06-14 12:49:32
14669,40265,pop,2023-06-20 21:36:30
14669,40273,pop,2023-06-20 21:38:23
14669,40273,fit,2023-06-20 21:42:48
14718,35791,pop,2023-06-14 13:13:30
14718,40343,pop,2023-06-20 21:51:58
14718,40343,pop,2023-06-20 21:58:02
14718,40343,pop,2023-06-20 21:58:07
14718,40343,pop,2023-06-20 21:58:20
14718,40343,pop,2023-06-20 21:58:23
14718,40343,pop,2023-06-20 21:58:23
14674,35747,pop,2023-06-14 12:52:18
14674,37585,pop,2023-06-19 12:15:33
14674,37585,pop,2023-06-19 12:20:38
14674,37641,pop,2023-06-19 12:29:12
14674,38265,pop,2023-06-19 14:46:28
14674,38276,pop,2023-06-19 14:52:47
14674,38276,pop,2023-06-19 14:53:09
14674,38315,pop,2023-06-19 15:00:57
14674,38317,pop,2023-06-19 15:01:47
14674,38583,pop,2023-06-19 19:03:03
14674,40279,pop,2023-06-20 21:43:00
14674,40280,pop,2023-06-20 21:43:17
14674,40340,2023-06-20 21:51:58
14674,40349,pop,2023-06-20 21:53:44
14674,40340,2023-06-20 21:58:21
14674,40372,pop,2023-06-20 22:03:06
14674,40395,pop,2023-06-20 22:12:42
14696,35769,pop,2023-06-14 13:03:35
14696,38041,pop,2023-06-19 13:36:20
14696,38131,pop,2023-06-19 13:57:34
14696,39500,fit,2023-06-20 15:03:57
14696,39500,fit,2023-06-20 15:04:07
14696,39500,fit,2023-06-20 15:27:45
14696,40370,pop,2023-06-20 22:00:46
14704,35777,pop,2023-06-14 13:07:09
14704,40371,fit,2023-06-20 22:05:49
14704,40388,pop,2023-06-20 22:07:49
14704,40683,fit,2023-06-21 12:08:22
14704,40687,pop,2023-06-21 12:09:18
14907,35974,pop,2023-06-14 16:04:02
14907,39743,fit,2023-06-20 17:06:48
14907,39987,pop,2023-06-20 18:41:52
14907,39987,fit,2023-06-20 20:47:32
14907,39987,fit,2023-06-20 20:47:40
14907,39987,fit,2023-06-20 21:37:58
14907,40330,pop,2023-06-20 21:52:12
14907,40368,pop,2023-06-20 22:00:21
14907,40368,pop,2023-06-20 22:00:55
14907,40368,pop,2023-06-20 22:02:31
14907,40368,pop,2023-06-20 22:12:25
14907,40368,pop,2023-06-20 22:12:42
14907,40368,pop,2023-06-20 22:13:10
14907,40403,pop,2023-06-20 22:14:21
14907,40406,pop,2023-06-20 22:17:38
14907,40702,pop,2023-06-21 13:48:52
14765,35838,pop,2023-06-14 13:50:38
14765,40391,pop,2023-06-20 22:12:43
14765,40391,pop,2023-06-20 22:14:05
14765,40391,pop,2023-06-20 22:16:30
14765,40391,pop,2023-06-20 22:16:37
14765,40391,pop,2023-06-20 22:16:48
14765,40391,pop,2023-06-20 22:16:56
14765,40391,pop,2023-06-20 22:17:49
14765,40391,pop,2023-06-20 22:20:06
14711,35784,pop,2023-06-14 13:10:09
14711,40396,pop,2023-06-20 22:12:44
14711,40401,pop,2023-06-20 22:13:26
14711,40401,fit,2023-06-20 22:16:46
14715,35788,pop,2023-06-14 13:11:50
14715,38197,pop,2023-06-19 14:29:10
14715,38197,pop,2023-06-19 14:29:19
14715,38197,pop,2023-06-19 14:31:28
14715,38197,fit,2023-06-19 14:39:39
14715,39033,pop,2023-06-20 00:37:53
14715,39033,pop,2023-06-20 00:38:14
14715,39033,pop,2023-06-20 00:38:46
14715,39034,pop,2023-06-20 00:39:37
14715,39035,pop,2023-06-20 00:40:01
14715,39036,pop,2023-06-20 00:41:30
14715,39036,pop,2023-06-20 00:42:29
14715,39037,pop,2023-06-20 00:43:29
14715,39037,pop,2023-06-20 00:44:48
14715,39037,pop,2023-06-20 00:45:03
14715,39039,pop,2023-06-20 00:46:56
14715,39039,pop,2023-06-20 09:09:58
14715,39226,pop,2023-06-20 09:10:02
14715,39236,pop,2023-06-20 09:27:24
14715,39242,pop,2023-06-20 09:57:12
14715,39242,pop,2023-06-20 09:57:53
14715,39242,pop,2023-06-20 10:00:42
14715,39242,pop,2023-06-20 10:01:55
14715,39242,pop,2023-06-20 10:03:45
14715,39242,pop,2023-06-20 10:06:03
14715,39677,pop,2023-06-20 16:17:38
14715,39677,pop,2023-06-20 16:18:27
14715,39701,pop,2023-06-20 16:23:09
14715,39701,pop,2023-06-20 16:27:31
14715,39701,pop,2023-06-20 16:33:50
14715,40063,pop,2023-06-20 19:27:42
14715,40163,pop,2023-06-20 20:23:38
14715,40163,pop,2023-06-20 20:23:59
14715,40425,pop,2023-06-20 22:22:26
14715,40437,2023-06-20 22:30:41
14715,40488,pop,2023-06-21 13:26:19
14715,40488,pop,2023-06-21 13:56:25
14739,35812,pop,2023-06-14 13:36:06
14739,37082,pop,2023-06-16 13:17:28
14739,37082,fit,2023-06-16 13:18:52
14739,37743,pop,2023-06-19 12:47:07
14739,38569,pop,2023-06-19 18:39:38
14739,38719,pop,2023-06-19 20:20:27
14739,38885,pop,2023-06-19 22:31:57
14739,39045,pop,2023-06-20 00:54:42
14739,39047,pop,2023-06-20 00:58:01
14739,39048,pop,2023-06-20 00:58:15
14739,39252,pop,2023-06-20 09:49:56
14739,39267,pop,2023-06-20 10:22:48
14739,39270,pop,2023-06-20 10:27:28
14739,39274,pop,2023-06-20 10:31:24
14739,39280,pop,2023-06-20 10:40:41
14739,39282,pop,2023-06-20 10:48:37
14739,39303,pop,2023-06-20 11:06:23
14739,39388,pop,2023-06-20 12:48:05
14739,39446,pop,2023-06-20 13:50:05
14739,39447,pop,2023-06-20 13:52:10
14739,39450,pop,2023-06-20 13:55:53
14739,39452,pop,2023-06-20 14:02:15
14739,39462,pop,2023-06-20 14:07:14
14739,39548,pop,2023-06-20 15:15:03
14739,40101,pop,2023-06-20 19:44:40
14739,40474,pop,2023-06-20 22:46:10
14799,35872,pop,2023-06-14 14:07:40
14799,40404,fit,2023-06-20 22:20:22
14799,40404,fit,2023-06-20 22:28:26
14799,40404,fit,2023-06-20 22:29:43
14799,40404,fit,2023-06-20 22:29:44
14799,40404,fit,2023-06-20 22:35:29
14799,40404,sim,2023-06-20 22:38:02
14799,40404,fit,2023-06-20 22:38:13
14799,40506,pop,2023-06-20 23:01:58
14799,40520,pop,2023-06-20 23:04:06
14799,40506,fit,2023-06-20 23:31:15
14799,40506,fit,2023-06-20 23:52:57
14799,40625,pop,2023-06-21 00:11:57
14740,35813,pop,2023-06-14 13:36:33
14740,40480,fit,2023-06-20 22:54:49
14740,40717,pop,2023-06-21 15:26:41
14740,40741,pop,2023-06-21 18:54:51
14755,35828,pop,2023-06-14 13:44:52
14755,38115,pop,2023-06-19 13:53:14
14755,38126,pop,2023-06-19 13:54:12
14755,38221,pop,2023-06-19 14:39:44
14755,38238,pop,2023-06-19 14:40:15
14755,38244,pop,2023-06-19 14:43:35
14755,38248,pop,2023-06-19 14:44:05
14755,38262,pop,2023-06-19 14:46:08
14755,38262,pop,2023-06-19 14:46:14
14755,38264,pop,2023-06-19 14:46:22
14755,38269,pop,2023-06-19 14:52:57
14755,38322,pop,2023-06-19 15:02:56
14755,38327,pop,2023-06-19 15:08:27
14755,38356,pop,2023-06-19 15:10:05
14755,38445,pop,2023-06-19 16:14:47
14755,38458,pop,2023-06-19 16:19:37
14755,38461,pop,2023-06-19 16:19:54
14755,38462,pop,2023-06-19 16:20:10
14755,38509,pop,2023-06-19 17:20:11
14755,38510,pop,2023-06-19 17:20:24
14755,38511,pop,2023-06-19 17:20:38
14755,38535,pop,2023-06-19 17:50:18
14755,38783,pop,2023-06-19 21:26:19
14755,38895,pop,2023-06-19 22:40:50
14755,38896,pop,2023-06-19 22:45:39
14755,38897,pop,2023-06-19 22:45:47
14755,38898,pop,2023-06-19 22:45:56
14755,38899,pop,2023-06-19 22:46:18
14755,38900,pop,2023-06-19 22:47:19
14755,38901,pop,2023-06-19 22:47:37
14755,39256,pop,2023-06-20 10:10:04
14755,39257,pop,2023-06-20 10:10:12
14755,39260,pop,2023-06-20 10:11:37
14755,39261,pop,2023-06-20 10:11:45
14755,39432,pop,2023-06-20 13:27:39
14755,39886,pop,2023-06-20 18:16:59
14755,39960,pop,2023-06-20 18:26:11
14755,39961,pop,2023-06-20 18:26:32
14755,39962,pop,2023-06-20 18:26:42
14755,39963,pop,2023-06-20 18:26:56
14755,39981,pop,2023-06-20 18:37:49
14755,40143,pop,2023-06-20 20:05:29
14755,40145,pop,2023-06-20 20:06:17
14755,40148,pop,2023-06-20 20:07:01
14755,40152,pop,2023-06-20 20:11:01
14755,40212,pop,2023-06-20 21:05:58
14755,40213,pop,2023-06-20 21:06:05
14755,40214,pop,2023-06-20 21:06:11
14755,40215,pop,2023-06-20 21:06:16
14755,40228,pop,2023-06-20 21:11:23
14755,40249,pop,2023-06-20 21:22:29
14755,40250,pop,2023-06-20 21:22:37
14755,40306,pop,2023-06-20 21:44:56
14755,40307,pop,2023-06-20 21:45:03
14755,40310,pop,2023-06-20 22:14:20
14755,40455,pop,2023-06-20 22:37:52
14755,40459,pop,2023-06-20 22:42:02
14755,40466,pop,2023-06-20 22:42:42
14755,40469,pop,2023-06-20 22:43:49
14755,40491,pop,2023-06-20 22:55:22
14755,40563,pop,2023-06-20 23:25:52
14790,35863,pop,2023-06-14 14:03:40
14790,36928,pop,2023-06-16 10:11:45
14790,36931,pop,2023-06-16 10:19:20
14790,36931,fit,2023-06-16 10:22:22
14790,36931,fit,2023-06-16 10:23:01
14794,35867,pop,2023-06-14 14:05:22
14794,39230,pop,2023-06-20 09:14:42
14794,40704,pop,2023-06-21 14:03:58
14794,40704,pop,2023-06-21 14:05:28
14794,40704,pop,2023-06-21 14:05:43
14794,40704,pop,2023-06-21 14:07:22
14796,35869,pop,2023-06-14 14:06:26
14796,38386,pop,2023-06-19 15:23:15
14796,38556,pop,2023-06-19 18:27:08
14908,35975,pop,2023-06-14 16:04:32
14908,38948,pop,2023-06-19 23:10:37
14908,38948,pop,2023-06-19 23:11:07
14908,40612,pop,2023-06-20 23:59:58
14912,35979,pop,2023-06-14 16:06:24
14912,40528,pop,2023-06-20 23:08:16
14912,40569,pop,2023-06-20 23:27:50
14912,40586,pop,2023-06-20 23:43:52
14912,40651,pop,2023-06-21 09:13:41
14912,40652,pop,2023-06-21 09:17:35
20734,40888,pop,2023-07-11 13:21:54
20734,40896,pop,2023-07-11 13:30:38
20734,40897,pop,2023-07-11 13:32:36
20734,40897,fit,2023-07-11 13:33:19
20734,40897,fit,2023-07-11 13:38:07
20734,40897,fit,2023-07-11 13:40:15
20734,40902,pop,2023-07-11 13:46:44
20734,40904,pop,2023-07-11 13:48:12
20735,40889,pop,2023-07-11 13:22:57
20735,40898,fit,2023-07-11 13:32:37
20735,40899,pop,2023-07-11 13:39:38
20735,40899,fit,2023-07-11 13:42:38
20735,40903,pop,2023-07-11 13:46:44
20735,40905,pop,2023-07-11 13:48:27
20738,40892,pop,2023-07-11 13:24:49
20738,40908,pop,2023-07-11 14:10:24
20738,40909,pop,2023-07-11 14:14:17
20738,40910,fit,2023-07-11 14:20:49
20739,40893,pop,2023-07-11 13:25:50
20739,40911,fit,2023-07-11 14:26:01
20767,40912,pop,2023-07-11 14:29:02
20767,40918,pop,2023-07-11 14:40:59
20767,40918,fit,2023-07-11 14:44:00
20769,40914,pop,2023-07-11 14:33:42
20769,40920,fit,2023-07-11 14:52:45
20770,40915,pop,2023-07-11 14:35:53
20770,40922,fit,2023-07-11 15:05:57
20771,40916,pop,2023-07-11 14:37:09
20771,40924,fit,2023-07-11 15:19:44
20771,40925,pop,2023-07-11 15:23:23
20789,40930,pop,2023-07-11 15:44:22
20789,40932,fit,2023-07-11 15:57:55
20789,40935,pop,2023-07-11 16:12:35
20788,40929,pop,2023-07-11 15:43:19
20788,40933,fit,2023-07-11 16:05:04
20798,40937,pop,2023-07-11 16:19:15
20798,40938,pop,2023-07-11 16:24:59
20798,40938,fit,2023-07-11 16:30:30
20797,40936,pop,2023-07-11 16:15:41
20797,40939,fit,2023-07-11 16:37:58
