user_id,group_id,rest_id,avialble_rest,sort_pop,sort_fit,sort_sim,fit_score,sim_score,c1_fit,c2_fit,c3_fit,c4_fit,c5_fit,fit_rank,sim_rank,pop_rank,tip,category,dish,price,time
14720,36883,29,7,0,0,1,0,1,0,0,0,0,0,-1,26,-1,3,1,99,str,2023-06-15 23:47:20
14720,36883,1,7,0,0,1,0,1,0,0,0,0,0,-1,1,-1,4,0,6,str,2023-06-15 23:49:58
14720,36951,18,24,0,1,0,1,1,1,1,1,1,1,1,-1,-1,5,0,13,str,2023-06-16 11:12:05
14748,37199,29,11,0,0,1,0,1,0,0,0,0,-1,-1,1,-1,3,1,99,str,2023-06-16 15:40:56
14748,37199,28,11,0,0,1,0,1,0,0,0,0,-1,-1,2,-1,4,0,18,str,2023-06-16 15:41:36
14750,39377,5,0,1,0,0,-1,-1,-1,-1,-1,-1,-1,-1,-1,2,4,0,30,str,2023-06-20 12:28:09
14801,37282,18,24,0,1,0,1,1,1,1,1,-1,-1,1,-1,-1,5,0,13,str,2023-06-18 11:20:32
14801,37282,30,24,0,1,0,1,1,1,1,1,-1,-1,2,-1,-1,5,0,9,str,2023-06-18 11:20:43
14801,37282,26,24,0,1,0,0,1,0,0,0,-1,-1,3,-1,-1,4,0,23,str,2023-06-18 11:20:50
14801,37282,7,24,0,1,0,0,1,0,0,0,-1,-1,4,-1,-1,4,0,20,str,2023-06-18 11:21:07
14801,37282,18,24,0,1,0,1,1,1,1,1,-1,-1,1,-1,-1,5,0,13,str,2023-06-18 11:21:50
14801,37282,30,24,0,1,0,1,1,1,1,1,-1,-1,2,-1,-1,5,0,9,str,2023-06-18 11:22:23
14801,37282,10,24,0,1,0,0,1,0,0,0,-1,-1,5,-1,-1,4,0,11,str,2023-06-18 11:22:33
14801,37282,32,24,0,1,0,1,1,1,1,1,-1,-1,2,-1,-1,5,0,16,str,2023-06-18 11:23:11
14801,37282,29,24,0,1,0,0,1,0,0,0,-1,-1,4,-1,-1,3,1,99,str,2023-06-18 11:23:34
14801,37282,22,24,0,1,0,0,1,0,0,0,-1,-1,5,-1,-1,4,0,18,str,2023-06-18 11:23:50
14801,37282,5,24,0,1,0,0,1,0,0,0,-1,-1,15,-1,-1,4,0,30,str,2023-06-18 11:24:18
14801,37282,6,24,0,1,0,0,1,0,0,0,-1,-1,19,-1,-1,4,0,13,str,2023-06-18 11:24:45
14671,37284,18,27,0,1,0,1,1,1,1,1,-1,-1,1,-1,-1,5,0,13,str,2023-06-18 11:32:23
14671,37284,32,27,0,1,0,1,1,1,1,1,-1,-1,2,-1,-1,5,0,16,str,2023-06-18 11:33:47
14671,37284,30,27,0,1,0,1,1,1,1,1,-1,-1,3,-1,-1,5,0,9,str,2023-06-18 11:33:59
14671,37284,22,27,0,1,0,0,1,0,0,0,-1,-1,5,-1,-1,4,0,18,str,2023-06-18 11:34:10
14671,37284,16,27,0,1,0,0,0,0,0,0,-1,-1,12,-1,-1,4,0,11,str,2023-06-18 11:34:26
14671,37284,5,27,0,1,0,0,1,0,0,0,-1,-1,15,-1,-1,4,0,30,str,2023-06-18 11:34:38
14671,37284,27,27,0,1,0,0,1,0,0,0,-1,-1,24,-1,-1,3,0,111,str,2023-06-18 11:34:58
14671,37284,2,27,0,1,0,0,1,0,0,0,-1,-1,8,-1,-1,4,0,11,str,2023-06-18 11:35:46
14671,37284,24,27,0,1,0,0,1,0,0,0,-1,-1,6,-1,-1,4,0,21,str,2023-06-18 11:36:05
14671,37284,26,27,0,1,0,0,1,0,0,0,-1,-1,7,-1,-1,4,0,23,str,2023-06-18 11:36:19
14660,37315,18,27,0,1,0,1,1,1,1,1,-1,-1,1,-1,-1,5,0,13,str,2023-06-18 20:49:20
14660,37315,22,27,0,1,0,0,1,0,0,0,-1,-1,5,-1,-1,4,0,18,str,2023-06-18 20:49:42
14660,37315,18,27,0,1,0,1,1,1,1,1,-1,-1,1,-1,-1,5,0,13,str,2023-06-18 20:49:57
14660,37315,29,27,0,1,0,0,1,0,0,0,-1,-1,1,-1,-1,3,1,99,str,2023-06-18 20:50:17
14660,37315,5,27,0,1,0,0,1,0,0,0,-1,-1,3,-1,-1,4,0,30,str,2023-06-18 20:51:20
14749,37358,29,11,0,1,0,0,1,0,0,0,0,-1,1,-1,-1,3,1,99,str,2023-06-19 09:10:49
14749,37358,22,11,0,1,0,0,1,0,0,0,0,-1,2,-1,-1,4,0,18,str,2023-06-19 09:11:04
14909,37363,22,4,0,1,0,0,1,0,0,0,-1,-1,1,-1,-1,4,0,18,str,2023-06-19 09:22:23
14909,37363,5,4,0,1,0,0,1,0,0,0,-1,-1,2,-1,-1,4,0,30,str,2023-06-19 09:22:36
14906,37388,5,26,0,1,0,0,1,0,0,0,0,-1,2,-1,-1,4,0,30,str,2023-06-19 11:11:39
14702,37411,21,0,1,0,0,0,1,0,-1,-1,-1,-1,-1,-1,19,2,0,9,str,2023-06-19 11:29:54
14641,37484,32,27,0,1,0,1,-1,1,1,1,-1,-1,2,-1,-1,5,0,16,str,2023-06-19 11:48:24
14782,36898,4,31,0,1,0,0,1,0,0,0,0,0,4,-1,-1,4,0,61,str,2023-06-16 08:52:20
14781,37340,25,22,0,1,0,0,1,0,0,0,0,-1,2,-1,-1,4,0,32,str,2023-06-19 07:58:22
14781,37570,26,28,0,1,0,0,1,0,0,0,0,-1,1,-1,-1,4,0,23,str,2023-06-19 12:15:30
14781,37570,26,28,0,1,0,0,1,0,0,0,0,-1,1,-1,-1,4,0,23,str,2023-06-19 12:15:45
14781,37570,24,28,0,1,0,0,1,0,0,0,0,-1,2,-1,-1,4,0,21,str,2023-06-19 12:16:00
14781,37570,10,28,0,1,0,0,1,0,0,0,0,-1,4,-1,-1,4,0,11,str,2023-06-19 12:16:10
14911,37619,29,0,1,0,0,-1,-1,-1,-1,-1,-1,-1,-1,-1,1,3,1,99,str,2023-06-19 12:25:45
14809,37909,23,27,0,1,0,0,1,0,0,0,0,0,1,-1,-1,4,0,34,str,2023-06-19 13:21:28
14809,37909,18,27,0,1,0,0,1,1,1,0,1,1,2,-1,-1,5,0,13,str,2023-06-19 13:21:53
14809,37909,23,27,0,1,0,0,1,0,0,0,0,0,1,-1,-1,4,0,34,str,2023-06-19 13:21:59
14809,37909,23,27,0,1,0,0,1,0,0,0,0,0,1,-1,-1,4,0,34,str,2023-06-19 13:22:17
14809,37909,18,27,0,1,0,0,1,1,1,0,1,1,2,-1,-1,5,0,13,str,2023-06-19 13:22:22
14809,37909,32,27,0,1,0,0,1,1,1,0,1,1,3,-1,-1,5,0,16,str,2023-06-19 13:22:42
14706,37875,18,24,0,1,0,1,1,1,1,1,1,1,1,-1,-1,5,0,13,str,2023-06-19 13:24:19
14706,37875,32,24,0,1,0,1,1,1,1,1,1,1,2,-1,-1,5,0,16,str,2023-06-19 13:25:09
14706,37875,18,24,0,1,0,1,1,1,1,1,1,1,1,-1,-1,5,0,13,str,2023-06-19 13:25:35
14706,37875,30,24,0,1,0,1,1,1,1,1,1,1,3,-1,-1,5,0,9,str,2023-06-19 13:26:19
14706,37875,22,24,0,1,0,0,1,0,0,0,0,0,4,-1,-1,4,0,18,str,2023-06-19 13:26:25
14706,37875,22,24,0,1,0,0,1,0,0,0,0,0,4,-1,-1,4,0,18,str,2023-06-19 13:26:35
14706,37875,24,24,0,1,0,0,1,0,0,0,0,0,5,-1,-1,4,0,21,str,2023-06-19 13:27:09
14706,37875,26,24,0,1,0,0,1,0,0,0,0,0,6,-1,-1,4,0,23,str,2023-06-19 13:27:33
14717,38122,5,11,0,1,0,0,1,0,0,0,0,-1,6,-1,-1,4,0,30,str,2023-06-19 14:02:37
14717,38122,22,11,0,1,0,0,1,0,0,0,0,-1,1,-1,-1,4,0,18,str,2023-06-19 14:03:12
14780,38088,18,31,1,0,0,-1,-1,-1,-1,-1,-1,-1,-1,-1,2,5,0,13,str,2023-06-19 13:57:01
14758,38154,18,0,1,0,0,-1,-1,-1,-1,-1,-1,-1,-1,-1,2,5,0,13,str,2023-06-19 14:03:56
14758,38154,26,28,0,1,0,0,-1,0,0,0,-1,-1,2,-1,-1,4,0,23,str,2023-06-19 14:15:01
14758,38154,24,28,0,1,0,0,1,0,0,0,-1,-1,1,-1,-1,4,0,21,str,2023-06-19 14:15:11
14708,37885,18,24,0,1,0,1,-1,1,1,1,1,1,1,-1,-1,5,0,13,str,2023-06-19 13:14:07
14708,37885,32,24,0,1,0,1,1,1,1,1,1,1,2,-1,-1,5,0,16,str,2023-06-19 13:14:36
14708,37885,11,24,0,1,0,0,0,0,0,0,0,0,7,-1,-1,4,0,10,str,2023-06-19 13:17:33
14708,37885,30,24,0,1,0,1,1,1,1,1,1,1,3,-1,-1,5,0,9,str,2023-06-19 13:18:06
14708,37885,18,24,0,1,0,1,1,1,1,1,1,1,1,-1,-1,5,0,13,str,2023-06-19 13:20:27
14708,37885,32,24,0,1,0,1,1,1,1,1,1,1,2,-1,-1,5,0,16,str,2023-06-19 13:20:27
14708,37885,30,24,0,1,0,1,1,1,1,1,1,1,3,-1,-1,5,0,9,str,2023-06-19 13:20:30
14708,37885,22,24,0,1,0,0,1,0,0,0,0,0,4,-1,-1,4,0,18,str,2023-06-19 13:20:51
14708,37885,29,24,1,0,0,0,1,0,0,0,0,0,-1,-1,1,3,1,99,str,2023-06-19 13:20:53
14708,37885,29,24,1,0,0,0,1,0,0,0,0,0,-1,-1,1,3,1,99,str,2023-06-19 13:21:31
14708,38134,18,24,0,1,0,1,1,1,1,1,1,1,1,-1,-1,5,0,13,str,2023-06-19 14:04:30
14708,38134,32,24,0,1,0,1,1,1,1,1,1,1,2,-1,-1,5,0,16,str,2023-06-19 14:05:07
14708,38134,29,24,1,0,0,0,1,0,0,0,0,0,-1,-1,1,3,1,99,str,2023-06-19 14:06:36
14708,38134,5,24,1,0,0,0,1,0,0,0,0,0,-1,-1,3,4,0,30,str,2023-06-19 14:06:39
14708,38134,4,24,1,0,0,0,1,0,0,0,0,0,-1,-1,4,4,0,61,str,2023-06-19 14:06:45
14708,38134,30,24,0,1,0,1,1,1,1,1,1,1,3,-1,-1,5,0,9,str,2023-06-19 14:06:45
14708,38185,18,24,0,1,0,1,1,1,1,1,1,1,1,-1,-1,5,0,13,str,2023-06-19 14:29:25
14708,38185,32,24,0,1,0,1,1,1,1,1,1,1,2,-1,-1,5,0,16,str,2023-06-19 14:29:49
14708,38185,30,24,0,1,0,1,1,1,1,1,1,1,3,-1,-1,5,0,9,str,2023-06-19 14:29:55
14708,38185,29,24,1,0,0,0,1,0,0,0,0,0,-1,-1,1,3,1,99,str,2023-06-19 14:30:14
14708,38185,5,24,1,0,0,0,1,0,0,0,0,0,-1,-1,3,4,0,30,str,2023-06-19 14:30:33
14676,38198,30,30,0,1,0,1,1,1,-1,-1,-1,-1,3,-1,-1,5,0,9,str,2023-06-19 14:31:51
14698,37661,29,0,1,0,0,0,1,0,-1,-1,-1,-1,-1,-1,1,3,1,99,str,2023-06-19 12:34:57
14698,38121,5,0,1,0,0,-1,-1,-1,-1,-1,-1,-1,-1,-1,3,4,0,30,str,2023-06-19 13:53:32
14784,38358,18,28,0,1,0,1,1,1,1,-1,-1,-1,1,-1,-1,5,0,13,str,2023-06-19 15:17:30
14784,38358,32,28,0,1,0,1,1,1,1,-1,-1,-1,2,-1,-1,5,0,16,str,2023-06-19 15:17:46
14784,38358,30,28,0,1,0,1,1,1,1,-1,-1,-1,3,-1,-1,5,0,9,str,2023-06-19 15:17:58
14784,38358,22,28,0,1,0,0,1,0,0,-1,-1,-1,4,-1,-1,4,0,18,str,2023-06-19 15:18:13
14784,38358,22,28,0,1,0,0,1,0,0,-1,-1,-1,4,-1,-1,4,0,18,str,2023-06-19 15:18:21
14784,38358,30,28,0,1,0,1,1,1,1,-1,-1,-1,2,-1,-1,5,0,9,str,2023-06-19 15:20:26
14784,38358,26,28,0,1,0,0,1,0,0,-1,-1,-1,3,-1,-1,4,0,23,str,2023-06-19 15:20:45
14784,38358,31,28,0,1,0,0,0,0,0,-1,-1,-1,7,-1,-1,4,0,49,str,2023-06-19 15:21:04
14784,38358,1,28,0,1,0,0,1,0,0,-1,-1,-1,9,-1,-1,4,0,6,str,2023-06-19 15:21:09
14661,38384,5,0,0,1,0,0,-1,0,-1,-1,-1,-1,2,-1,-1,4,0,30,str,2023-06-19 15:40:16
14661,38384,22,0,0,1,0,0,-1,0,-1,-1,-1,-1,1,-1,-1,4,0,18,str,2023-06-19 15:40:16
14655,38209,22,11,0,1,0,0,1,0,0,0,-1,-1,1,-1,-1,4,0,18,str,2023-06-19 14:43:01
14655,38209,5,11,0,1,0,0,1,0,0,0,-1,-1,2,-1,-1,4,0,30,str,2023-06-19 14:43:11
14655,38209,17,11,0,1,0,0,0,0,0,0,-1,-1,3,-1,-1,4,0,46,str,2023-06-19 14:43:18
14655,38209,25,11,0,1,0,0,1,0,0,0,-1,-1,4,-1,-1,4,0,32,str,2023-06-19 14:43:32
14655,38209,4,11,0,1,0,0,1,0,0,0,-1,-1,5,-1,-1,4,0,61,str,2023-06-19 14:43:51
14655,38209,23,11,0,1,0,0,1,0,0,0,-1,-1,6,-1,-1,4,0,34,str,2023-06-19 14:44:49
14655,38209,17,11,0,1,0,0,0,0,0,0,-1,-1,1,-1,-1,4,0,46,str,2023-06-19 14:46:03
14655,38209,18,25,0,1,0,1,-1,1,1,1,-1,-1,1,-1,-1,5,0,13,str,2023-06-19 14:52:28
14655,38209,30,25,0,1,0,1,-1,1,1,1,-1,-1,2,-1,-1,5,0,9,str,2023-06-19 14:52:55
14655,38209,26,25,0,1,0,0,-1,0,0,0,-1,-1,3,-1,-1,4,0,23,str,2023-06-19 14:53:08
14655,38209,7,25,0,1,0,0,-1,0,0,0,-1,-1,4,-1,-1,4,0,20,str,2023-06-19 14:53:28
14655,38209,16,25,0,1,0,0,1,0,0,0,-1,-1,5,-1,-1,4,0,11,str,2023-06-19 14:53:49
14655,38209,10,25,0,1,0,0,-1,0,0,0,-1,-1,6,-1,-1,4,0,11,str,2023-06-19 14:53:54
14655,38389,18,30,0,1,0,1,1,1,1,1,-1,-1,1,-1,-1,5,0,13,str,2023-06-19 15:32:50
14655,38389,32,30,0,1,0,1,1,1,1,1,-1,-1,2,-1,-1,5,0,16,str,2023-06-19 15:32:51
14655,38389,18,30,0,1,0,1,1,1,1,1,-1,-1,1,-1,-1,5,0,13,str,2023-06-19 15:33:11
14655,38405,16,24,0,1,0,0,1,0,0,0,-1,-1,11,-1,-1,4,0,11,str,2023-06-19 15:41:48
14659,38397,29,0,1,0,0,-1,-1,-1,-1,-1,-1,-1,-1,-1,1,3,1,99,str,2023-06-19 15:36:37
14806,38415,18,24,0,1,0,1,1,1,1,1,1,-1,1,-1,-1,5,0,13,str,2023-06-19 16:04:08
14806,38415,18,24,0,1,0,1,1,1,1,1,1,-1,1,-1,-1,5,0,13,str,2023-06-19 16:04:41
14806,38415,32,24,0,1,0,1,1,1,1,1,1,-1,2,-1,-1,5,0,16,str,2023-06-19 16:05:12
14806,38415,30,24,0,1,0,1,1,1,1,1,1,-1,3,-1,-1,5,0,9,str,2023-06-19 16:05:24
14806,38415,30,24,0,1,0,1,1,1,1,1,1,-1,3,-1,-1,5,0,9,str,2023-06-19 16:05:36
14806,38415,22,24,0,1,0,0,1,0,0,0,0,-1,4,-1,-1,4,0,18,str,2023-06-19 16:05:45
14806,38415,22,24,0,1,0,0,1,0,0,0,0,-1,4,-1,-1,4,0,18,str,2023-06-19 16:06:05
14806,38415,26,24,0,1,0,0,1,0,0,0,0,-1,5,-1,-1,4,0,23,str,2023-06-19 16:06:28
14806,38415,24,24,0,1,0,0,1,0,0,0,0,-1,1,-1,-1,4,0,21,str,2023-06-19 16:07:20
14806,38415,6,24,0,1,0,0,1,0,0,0,0,-1,4,-1,-1,4,0,13,str,2023-06-19 16:07:35
14806,38415,29,24,0,1,0,0,1,0,0,0,0,-1,5,-1,-1,3,1,99,str,2023-06-19 16:07:57
14806,38415,22,24,0,1,0,0,1,0,0,0,0,-1,2,-1,-1,4,0,18,str,2023-06-19 16:08:46
14806,38415,17,24,0,1,0,0,1,0,0,0,0,-1,7,-1,-1,4,0,46,str,2023-06-19 16:09:22
14806,38415,18,24,0,1,0,1,1,1,1,1,1,-1,1,-1,-1,5,0,13,str,2023-06-19 16:09:33
14806,38415,30,24,0,1,0,1,1,1,1,1,1,-1,2,-1,-1,5,0,9,str,2023-06-19 16:09:44
14806,38415,26,24,0,1,0,0,1,0,0,0,0,-1,3,-1,-1,4,0,23,str,2023-06-19 16:09:56
14806,38415,7,24,0,1,0,0,1,0,0,0,0,-1,4,-1,-1,4,0,20,str,2023-06-19 16:10:15
14806,38415,10,24,0,1,0,0,1,0,0,0,0,-1,5,-1,-1,4,0,11,str,2023-06-19 16:10:30
14806,38415,16,24,0,1,0,0,1,0,0,0,0,-1,6,-1,-1,4,0,11,str,2023-06-19 16:10:43
14806,38415,17,24,0,1,0,0,1,0,0,0,0,-1,7,-1,-1,4,0,46,str,2023-06-19 16:10:53
14695,38443,32,27,0,1,0,1,1,1,-1,-1,-1,-1,1,-1,-1,5,0,16,str,2023-06-19 16:17:43
14695,38443,22,27,0,1,0,0,1,0,-1,-1,-1,-1,2,-1,-1,4,0,18,str,2023-06-19 16:17:49
14695,38443,11,27,0,1,0,0,1,0,-1,-1,-1,-1,3,-1,-1,4,0,10,str,2023-06-19 16:18:45
14695,38443,11,27,0,1,0,0,1,0,-1,-1,-1,-1,3,-1,-1,4,0,10,str,2023-06-19 16:18:51
14695,38443,2,27,0,1,0,0,1,0,-1,-1,-1,-1,5,-1,-1,4,0,11,str,2023-06-19 16:19:48
14695,38443,18,27,0,1,0,1,1,1,-1,-1,-1,-1,1,-1,-1,5,0,13,str,2023-06-19 16:21:59
14695,38443,30,27,0,1,0,1,1,1,-1,-1,-1,-1,2,-1,-1,5,0,9,str,2023-06-19 16:22:19
14695,38443,7,27,0,1,0,0,1,0,-1,-1,-1,-1,4,-1,-1,4,0,20,str,2023-06-19 16:23:41
14695,38443,7,27,0,1,0,0,1,0,-1,-1,-1,-1,4,-1,-1,4,0,20,str,2023-06-19 16:23:52
14695,38443,10,27,0,1,0,0,1,0,-1,-1,-1,-1,5,-1,-1,4,0,11,str,2023-06-19 16:23:52
14695,38443,1,27,0,1,0,0,1,0,-1,-1,-1,-1,8,-1,-1,4,0,6,str,2023-06-19 16:25:26
14695,38443,17,27,0,1,0,0,1,0,-1,-1,-1,-1,7,-1,-1,4,0,46,str,2023-06-19 16:25:41
14695,38443,26,27,0,1,0,0,1,0,-1,-1,-1,-1,3,-1,-1,4,0,23,str,2023-06-19 16:26:03
14695,38443,16,27,0,1,0,0,1,0,-1,-1,-1,-1,6,-1,-1,4,0,11,str,2023-06-19 16:27:40
14648,38487,18,31,0,1,0,1,1,1,1,1,1,1,1,-1,-1,5,0,13,str,2023-06-19 17:02:12
14648,38504,5,31,0,1,0,0,1,0,0,0,0,0,15,-1,-1,4,0,30,str,2023-06-19 17:17:45
14648,38882,4,0,1,0,0,-1,-1,-1,-1,-1,-1,-1,-1,-1,4,4,0,61,str,2023-06-19 22:30:51
14650,38562,29,24,0,1,0,0,1,0,0,0,0,0,16,-1,-1,3,1,99,str,2023-06-19 18:42:38
14650,40015,7,24,0,1,0,0,1,0,0,0,0,0,9,-1,-1,4,0,20,str,2023-06-20 19:08:26
14693,38554,26,23,0,1,0,0,1,0,0,0,0,-1,5,-1,-1,4,0,23,str,2023-06-19 18:31:34
14693,38554,18,23,0,1,0,1,1,1,1,1,1,-1,1,-1,-1,5,0,13,str,2023-06-19 18:31:45
14693,38554,11,23,0,1,0,0,1,0,0,0,0,-1,7,-1,-1,4,0,10,str,2023-06-19 18:32:07
14693,38554,32,23,0,1,0,1,1,1,1,1,1,-1,2,-1,-1,5,0,16,str,2023-06-19 18:32:40
14693,38554,26,23,0,1,0,0,1,0,0,0,0,-1,5,-1,-1,4,0,23,str,2023-06-19 18:32:52
14693,38554,24,23,0,1,0,0,1,0,0,0,0,-1,6,-1,-1,4,0,21,str,2023-06-19 18:33:09
14693,38554,7,23,0,1,0,0,1,0,0,0,0,-1,9,-1,-1,4,0,20,str,2023-06-19 18:33:21
14693,38554,10,23,0,1,0,0,1,0,0,0,0,-1,10,-1,-1,4,0,11,str,2023-06-19 18:33:30
14693,38554,16,23,0,1,0,0,1,0,0,0,0,-1,11,-1,-1,4,0,11,str,2023-06-19 18:33:39
14693,38554,5,23,0,1,0,0,1,0,0,0,0,-1,13,-1,-1,4,0,30,str,2023-06-19 18:33:53
14693,38554,4,23,0,1,0,0,1,0,0,0,0,-1,17,-1,-1,4,0,61,str,2023-06-19 18:34:15
14693,38554,6,23,0,1,0,0,1,0,0,0,0,-1,18,-1,-1,4,0,13,str,2023-06-19 18:34:48
14693,38570,18,22,0,1,0,1,-1,1,1,1,1,-1,1,-1,-1,5,0,13,str,2023-06-19 18:45:56
14693,38570,32,22,0,1,0,1,1,1,1,1,1,-1,2,-1,-1,5,0,16,str,2023-06-19 18:46:09
14693,38570,30,22,0,1,0,1,1,1,1,1,1,-1,3,-1,-1,5,0,9,str,2023-06-19 18:46:12
14693,38570,22,22,0,1,0,0,1,0,0,0,0,-1,4,-1,-1,4,0,18,str,2023-06-19 18:46:19
14693,38570,26,22,0,1,0,0,1,0,0,0,0,-1,5,-1,-1,4,0,23,str,2023-06-19 18:46:25
14693,38570,24,22,0,1,0,0,1,0,0,0,0,-1,6,-1,-1,4,0,21,str,2023-06-19 18:46:53
14693,38570,24,22,0,1,0,0,1,0,0,0,0,-1,6,-1,-1,4,0,21,str,2023-06-19 18:46:53
14693,38570,11,22,0,1,0,0,1,0,0,0,0,-1,7,-1,-1,4,0,10,str,2023-06-19 18:47:12
14693,38570,16,22,0,1,0,0,1,0,0,0,0,-1,10,-1,-1,4,0,11,str,2023-06-19 18:47:33
14693,38570,5,22,0,1,0,0,1,0,0,0,0,-1,12,-1,-1,4,0,30,str,2023-06-19 18:47:33
14693,38570,17,22,0,1,0,0,1,0,0,0,0,-1,13,-1,-1,4,0,46,str,2023-06-19 18:47:51
14693,38570,4,22,0,1,0,0,1,0,0,0,0,-1,16,-1,-1,4,0,61,str,2023-06-19 18:48:17
14693,38570,6,22,0,1,0,0,1,0,0,0,0,-1,17,-1,-1,4,0,13,str,2023-06-19 18:48:37
14753,38586,30,23,0,1,0,1,1,1,1,1,1,-1,3,-1,-1,5,0,9,str,2023-06-19 19:16:13
14753,38586,24,23,0,1,0,0,1,0,0,0,0,-1,6,-1,-1,4,0,21,str,2023-06-19 19:16:13
14753,38586,25,23,0,1,0,0,1,0,0,0,0,-1,11,-1,-1,4,0,32,str,2023-06-19 19:16:24
14753,38586,5,23,0,1,0,0,1,0,0,0,0,-1,12,-1,-1,4,0,30,str,2023-06-19 19:16:36
14753,38586,3,23,0,1,0,0,1,0,0,0,0,-1,15,-1,-1,4,0,72,str,2023-06-19 19:16:56
14753,38586,20,23,0,1,0,0,0,0,0,0,0,-1,18,-1,-1,4,0,7,str,2023-06-19 19:17:09
14753,38586,29,23,0,1,0,0,1,0,0,0,0,-1,20,-1,-1,3,1,99,str,2023-06-19 19:17:27
14734,38260,29,0,1,0,0,-1,-1,-1,-1,-1,-1,-1,-1,-1,1,3,1,99,str,2023-06-19 14:46:13
14734,40017,18,31,0,1,0,1,-1,1,-1,-1,-1,-1,1,-1,-1,5,0,13,str,2023-06-20 19:09:18
14734,40017,32,31,0,1,0,1,-1,1,-1,-1,-1,-1,2,-1,-1,5,0,16,str,2023-06-20 19:09:26
14803,37465,25,24,0,1,0,0,1,0,0,0,-1,-1,13,-1,-1,4,0,32,str,2023-06-19 12:05:16
14803,37465,24,24,0,1,0,0,1,0,0,0,-1,-1,5,-1,-1,4,0,21,str,2023-06-19 12:05:44
14783,38744,29,31,1,0,0,-1,-1,-1,-1,-1,-1,-1,-1,-1,1,3,1,99,str,2023-06-19 20:45:09
14783,38744,29,31,1,0,0,-1,-1,-1,-1,-1,-1,-1,-1,-1,1,3,1,99,str,2023-06-19 20:45:53
14783,38744,18,31,1,0,0,-1,-1,-1,-1,-1,-1,-1,-1,-1,2,5,0,13,str,2023-06-19 20:46:02
14783,38744,29,31,1,0,0,-1,-1,-1,-1,-1,-1,-1,-1,-1,1,3,1,99,str,2023-06-19 20:46:14
14783,38744,18,27,0,1,0,1,1,1,1,1,1,1,1,-1,-1,5,0,13,str,2023-06-19 21:00:27
14783,38744,32,27,0,1,0,1,1,1,1,1,1,1,2,-1,-1,5,0,16,str,2023-06-19 21:00:48
14783,38744,30,27,0,1,0,1,1,1,1,1,1,1,3,-1,-1,5,0,9,str,2023-06-19 21:01:18
14783,38744,22,27,0,1,0,0,1,0,0,0,0,0,4,-1,-1,4,0,18,str,2023-06-19 21:01:34
14783,38744,26,27,0,1,0,0,1,0,0,0,0,0,5,-1,-1,4,0,23,str,2023-06-19 21:01:57
14783,38744,24,27,0,1,0,0,1,0,0,0,0,0,6,-1,-1,4,0,21,str,2023-06-19 21:02:31
14783,38744,7,27,0,1,0,0,1,0,0,0,0,0,10,-1,-1,4,0,20,str,2023-06-19 21:02:58
14783,38744,17,27,0,1,0,0,1,0,0,0,0,0,14,-1,-1,4,0,46,str,2023-06-19 21:03:18
14783,38744,5,27,0,1,0,0,1,0,0,0,0,0,16,-1,-1,4,0,30,str,2023-06-19 21:03:46
14783,39441,25,0,1,0,0,-1,-1,-1,-1,-1,-1,-1,-1,-1,7,4,0,32,str,2023-06-20 13:41:50
14756,38752,5,0,1,0,0,-1,-1,-1,-1,-1,-1,-1,-1,-1,3,4,0,30,str,2023-06-19 20:48:38
14709,38771,15,10,0,1,0,0,1,0,-1,-1,-1,-1,1,-1,-1,4,0,40,str,2023-06-19 21:13:31
14709,38771,28,10,0,1,0,0,1,0,-1,-1,-1,-1,2,-1,-1,4,0,18,str,2023-06-19 21:14:09
14709,38771,4,10,0,1,0,0,1,0,-1,-1,-1,-1,3,-1,-1,4,0,61,str,2023-06-19 21:14:22
14709,38771,17,10,0,1,0,0,1,0,-1,-1,-1,-1,4,-1,-1,4,0,46,str,2023-06-19 21:14:39
14691,38780,22,11,0,1,0,0,1,0,0,0,0,0,1,-1,-1,4,0,18,str,2023-06-19 21:36:26
14691,38780,15,11,0,1,0,0,1,0,0,0,0,0,2,-1,-1,4,0,40,str,2023-06-19 21:36:54
14691,38780,5,11,0,1,0,0,1,0,0,0,0,0,6,-1,-1,4,0,30,str,2023-06-19 21:37:55
14691,38780,22,11,0,1,0,0,1,0,0,0,0,0,1,-1,-1,4,0,18,str,2023-06-19 21:38:36
14691,38780,15,11,0,1,0,0,1,0,0,0,0,0,2,-1,-1,4,0,40,str,2023-06-19 21:39:28
14691,38780,28,11,0,1,0,0,1,0,0,0,0,0,3,-1,-1,4,0,18,str,2023-06-19 21:39:44
14691,38780,4,11,0,1,0,0,1,0,0,0,0,0,4,-1,-1,4,0,61,str,2023-06-19 21:39:57
14691,38780,17,11,0,1,0,0,1,0,0,0,0,0,5,-1,-1,4,0,46,str,2023-06-19 21:40:27
14691,38824,29,18,0,1,0,0,1,0,0,0,0,0,21,-1,-1,3,1,99,str,2023-06-19 22:00:44
14691,39787,18,0,1,0,0,-1,-1,-1,-1,-1,-1,-1,-1,-1,3,5,0,13,str,2023-06-20 17:17:06
14691,39787,5,0,1,0,0,-1,-1,-1,-1,-1,-1,-1,-1,-1,2,4,0,30,str,2023-06-20 17:17:21
14807,38855,28,11,0,1,0,0,1,0,0,0,0,0,3,-1,-1,4,0,18,str,2023-06-19 22:22:33
14807,38855,22,11,0,1,0,0,1,0,0,0,0,0,1,-1,-1,4,0,18,str,2023-06-19 22:23:07
14807,38855,13,11,0,1,0,0,0,0,0,0,0,0,11,-1,-1,4,0,43,str,2023-06-19 22:24:46
14807,38855,4,11,0,1,0,0,1,0,0,0,0,0,4,-1,-1,4,0,61,str,2023-06-19 22:24:46
14807,38855,15,11,0,1,0,0,0,0,0,0,0,0,2,-1,-1,4,0,40,str,2023-06-19 22:24:46
14807,38855,25,11,0,1,0,0,1,0,0,0,0,0,7,-1,-1,4,0,32,str,2023-06-19 22:24:58
14807,38855,13,11,0,1,0,0,0,0,0,0,0,0,11,-1,-1,4,0,43,str,2023-06-19 22:24:58
14797,38888,18,21,0,1,0,1,1,1,1,1,1,1,1,-1,-1,5,0,13,str,2023-06-19 22:37:37
14797,38888,32,21,0,1,0,1,1,1,1,1,1,1,2,-1,-1,5,0,16,str,2023-06-19 22:37:45
14797,38888,29,21,0,0,1,0,1,0,0,0,0,0,-1,8,-1,3,1,99,str,2023-06-19 22:38:24
14697,38893,18,27,0,1,0,1,1,1,1,1,-1,-1,1,-1,-1,5,0,13,str,2023-06-19 22:43:09
14697,38893,28,27,0,1,0,0,1,0,0,0,-1,-1,13,-1,-1,4,0,18,str,2023-06-19 22:43:24
14697,38893,20,27,0,0,1,0,1,0,0,0,-1,-1,-1,11,-1,4,0,7,str,2023-06-19 22:44:33
14697,38893,13,27,0,0,1,0,1,0,0,0,-1,-1,-1,6,-1,4,0,43,str,2023-06-19 22:45:22
14697,38893,8,27,0,0,1,0,1,0,0,0,-1,-1,-1,9,-1,3,0,47,str,2023-06-19 22:45:22
14697,38893,6,27,0,0,1,0,1,0,0,0,-1,-1,-1,12,-1,4,0,13,str,2023-06-19 22:46:16
14754,38781,30,26,0,1,0,1,1,1,1,1,1,-1,2,-1,-1,5,0,9,str,2023-06-19 21:25:59
14754,38851,18,26,0,1,0,1,1,1,1,1,1,-1,1,-1,-1,5,0,13,str,2023-06-19 22:07:42
14754,38851,25,26,0,1,0,0,1,0,0,0,0,-1,6,-1,-1,4,0,32,str,2023-06-19 22:07:42
14639,38974,29,31,1,0,0,-1,-1,-1,-1,-1,-1,-1,-1,-1,1,3,1,99,str,2023-06-19 23:18:26
14639,38974,18,31,1,0,0,-1,-1,-1,-1,-1,-1,-1,-1,-1,2,5,0,13,str,2023-06-19 23:18:45
14793,39003,30,26,0,1,0,1,1,1,1,1,1,1,3,-1,-1,5,0,9,str,2023-06-19 23:59:00
14793,39003,32,26,0,1,0,1,1,1,1,1,1,1,2,-1,-1,5,0,16,str,2023-06-19 23:59:28
14793,39003,18,26,0,1,0,1,1,1,1,1,1,1,1,-1,-1,5,0,13,str,2023-06-20 00:00:05
14793,39003,29,26,0,1,0,0,1,0,0,0,0,0,22,-1,-1,3,1,99,str,2023-06-20 00:00:59
14673,39017,6,24,0,1,0,0,1,0,0,0,0,-1,15,-1,-1,4,0,13,str,2023-06-20 00:39:01
14788,37180,29,10,0,1,0,0,1,0,0,-1,-1,-1,1,-1,-1,3,1,99,str,2023-06-16 14:57:39
14788,37180,15,10,0,1,0,0,1,0,0,-1,-1,-1,2,-1,-1,4,0,40,str,2023-06-16 14:58:09
14788,37180,29,10,0,1,0,0,1,0,0,-1,-1,-1,1,-1,-1,3,1,99,str,2023-06-16 14:58:18
14788,37180,28,10,0,1,0,0,1,0,0,-1,-1,-1,3,-1,-1,4,0,18,str,2023-06-16 14:58:36
14788,37180,4,10,0,1,0,0,1,0,0,-1,-1,-1,4,-1,-1,4,0,61,str,2023-06-16 14:58:59
14705,39040,18,27,0,1,0,1,1,1,1,1,1,1,1,-1,-1,5,0,13,str,2023-06-20 00:58:56
14705,39040,32,27,0,1,0,1,1,1,1,1,1,1,2,-1,-1,5,0,16,str,2023-06-20 01:01:20
14705,39040,17,24,0,1,0,0,1,0,0,0,0,0,1,-1,-1,4,0,46,str,2023-06-20 01:06:40
14705,39040,32,24,0,1,0,0,1,1,0,1,1,1,6,-1,-1,5,0,16,str,2023-06-20 01:07:42
14705,39056,22,24,0,1,0,0,1,0,0,0,0,0,1,-1,-1,4,0,18,str,2023-06-20 01:28:10
14705,39056,5,24,0,1,0,0,1,0,0,0,0,0,2,-1,-1,4,0,30,str,2023-06-20 01:29:19
14705,39056,17,24,0,1,0,0,1,0,0,0,0,0,3,-1,-1,4,0,46,str,2023-06-20 01:30:27
14705,39056,25,24,0,1,0,0,1,0,0,0,0,0,4,-1,-1,4,0,32,str,2023-06-20 01:30:52
14705,39056,4,24,0,1,0,0,1,0,0,0,0,0,5,-1,-1,4,0,61,str,2023-06-20 01:31:25
14741,39068,18,24,0,1,0,1,1,1,1,1,1,1,1,-1,-1,5,0,13,str,2023-06-20 01:55:28
14741,39068,32,24,0,1,0,1,1,1,1,1,1,1,2,-1,-1,5,0,16,str,2023-06-20 01:56:22
14643,39085,5,6,0,1,0,0,1,0,0,0,-1,-1,3,-1,-1,4,0,30,str,2023-06-20 02:33:10
14769,39098,25,0,1,0,0,-1,-1,-1,-1,-1,-1,-1,-1,-1,8,4,0,32,str,2023-06-20 02:41:57
14653,39123,18,20,0,1,0,1,1,1,1,1,-1,-1,1,-1,-1,5,0,13,str,2023-06-20 03:31:07
14772,39018,18,27,0,1,0,1,1,1,1,-1,-1,-1,1,-1,-1,5,0,13,str,2023-06-20 00:27:04
14772,39018,18,27,0,1,0,1,1,1,1,-1,-1,-1,1,-1,-1,5,0,13,str,2023-06-20 00:28:28
14772,39018,32,27,0,1,0,1,1,1,1,-1,-1,-1,2,-1,-1,5,0,16,str,2023-06-20 00:28:28
14772,39018,30,27,0,1,0,1,1,1,1,-1,-1,-1,3,-1,-1,5,0,9,str,2023-06-20 00:29:29
14772,39018,22,27,0,1,0,0,1,0,0,-1,-1,-1,4,-1,-1,4,0,18,str,2023-06-20 00:37:20
14772,39018,26,27,0,1,0,0,1,0,0,-1,-1,-1,5,-1,-1,4,0,23,str,2023-06-20 00:42:29
14772,39018,24,27,0,1,0,0,1,0,0,-1,-1,-1,6,-1,-1,4,0,21,str,2023-06-20 00:43:02
14772,39018,11,27,0,1,0,0,1,0,0,-1,-1,-1,7,-1,-1,4,0,10,str,2023-06-20 00:44:46
14772,39018,22,27,0,1,0,0,1,0,0,-1,-1,-1,4,-1,-1,4,0,18,str,2023-06-20 00:45:09
14772,39018,2,27,0,1,0,0,1,0,0,-1,-1,-1,8,-1,-1,4,0,11,str,2023-06-20 00:45:30
14772,39018,12,27,0,1,0,0,0,0,0,-1,-1,-1,9,-1,-1,4,0,17,str,2023-06-20 00:46:02
14772,39018,7,27,0,1,0,0,1,0,0,-1,-1,-1,10,-1,-1,4,0,20,str,2023-06-20 00:46:25
14772,39018,16,27,0,1,0,0,1,0,0,-1,-1,-1,11,-1,-1,4,0,11,str,2023-06-20 00:46:52
14772,39018,10,27,0,1,0,0,1,0,0,-1,-1,-1,12,-1,-1,4,0,11,str,2023-06-20 00:47:31
14772,39018,25,27,0,1,0,0,1,0,0,-1,-1,-1,13,-1,-1,4,0,32,str,2023-06-20 00:48:17
14772,39018,17,27,0,1,0,0,-1,0,0,-1,-1,-1,14,-1,-1,4,0,46,str,2023-06-20 00:49:46
14772,39018,17,27,0,1,0,0,-1,0,0,-1,-1,-1,14,-1,-1,4,0,46,str,2023-06-20 00:50:02
14772,39018,5,27,0,1,0,0,-1,0,0,-1,-1,-1,15,-1,-1,4,0,30,str,2023-06-20 00:51:05
14772,39018,4,27,0,1,0,0,-1,0,0,-1,-1,-1,16,-1,-1,4,0,61,str,2023-06-20 00:52:15
14772,39018,23,27,0,1,0,0,-1,0,0,-1,-1,-1,17,-1,-1,4,0,34,str,2023-06-20 00:52:53
14772,39018,19,27,0,1,0,0,-1,0,0,-1,-1,-1,19,-1,-1,4,0,26,str,2023-06-20 00:54:41
14772,39018,6,27,0,1,0,0,-1,0,0,-1,-1,-1,20,-1,-1,4,0,13,str,2023-06-20 00:54:45
14772,39018,20,27,0,1,0,0,-1,0,0,-1,-1,-1,21,-1,-1,4,0,7,str,2023-06-20 00:55:13
14772,39018,1,27,0,1,0,0,-1,0,0,-1,-1,-1,22,-1,-1,4,0,6,str,2023-06-20 00:55:39
14772,39018,29,27,0,1,0,0,-1,0,0,-1,-1,-1,23,-1,-1,3,1,99,str,2023-06-20 00:56:32
14772,39018,27,27,0,1,0,0,-1,0,0,-1,-1,-1,24,-1,-1,3,0,111,str,2023-06-20 00:57:13
14772,39018,8,27,0,1,0,0,-1,0,0,-1,-1,-1,25,-1,-1,3,0,47,str,2023-06-20 00:57:32
14772,39018,9,27,0,1,0,0,-1,0,0,-1,-1,-1,26,-1,-1,3,0,40,str,2023-06-20 00:57:51
14772,39018,18,27,0,1,0,1,-1,1,1,-1,-1,-1,1,-1,-1,5,0,13,str,2023-06-20 01:08:55
14772,39018,32,27,0,1,0,1,-1,1,1,-1,-1,-1,2,-1,-1,5,0,16,str,2023-06-20 01:09:53
14772,39018,22,27,0,1,0,0,-1,0,0,-1,-1,-1,4,-1,-1,4,0,18,str,2023-06-20 01:11:07
14772,39018,25,27,0,1,0,0,-1,0,0,-1,-1,-1,13,-1,-1,4,0,32,str,2023-06-20 01:12:08
14772,39018,17,27,0,1,0,0,-1,0,0,-1,-1,-1,14,-1,-1,4,0,46,str,2023-06-20 01:12:45
14772,39018,4,27,0,1,0,0,-1,0,0,-1,-1,-1,16,-1,-1,4,0,61,str,2023-06-20 01:12:45
14772,39018,4,27,0,1,0,0,-1,0,0,-1,-1,-1,16,-1,-1,4,0,61,str,2023-06-20 01:12:45
14772,39018,29,27,0,1,0,0,-1,0,0,-1,-1,-1,23,-1,-1,3,1,99,str,2023-06-20 01:12:45
14772,39018,17,27,0,1,0,0,-1,0,0,-1,-1,-1,14,-1,-1,4,0,46,str,2023-06-20 01:14:04
14772,39018,25,27,0,1,0,0,-1,0,0,-1,-1,-1,13,-1,-1,4,0,32,str,2023-06-20 01:15:05
14772,39018,18,27,0,1,0,1,-1,1,1,-1,-1,-1,1,-1,-1,5,0,13,str,2023-06-20 01:15:38
14772,39018,17,27,0,1,0,0,-1,0,0,-1,-1,-1,14,-1,-1,4,0,46,str,2023-06-20 01:16:01
14772,39018,25,27,0,1,0,0,-1,0,0,-1,-1,-1,13,-1,-1,4,0,32,str,2023-06-20 01:17:28
14772,39018,25,27,0,1,0,0,-1,0,0,-1,-1,-1,13,-1,-1,4,0,32,str,2023-06-20 01:17:39
14772,39018,18,27,0,1,0,1,-1,1,1,-1,-1,-1,1,-1,-1,5,0,13,str,2023-06-20 01:18:28
14772,39018,22,27,0,1,0,0,-1,0,0,-1,-1,-1,4,-1,-1,4,0,18,str,2023-06-20 01:18:40
14772,39127,30,27,0,1,0,1,1,1,1,-1,-1,-1,3,-1,-1,5,0,9,str,2023-06-20 03:35:29
14772,39131,22,27,0,1,0,0,1,0,0,-1,-1,-1,4,-1,-1,4,0,18,str,2023-06-20 03:37:55
14772,39131,26,27,0,1,0,0,1,0,0,-1,-1,-1,5,-1,-1,4,0,23,str,2023-06-20 03:38:16
14772,39131,22,27,0,1,0,0,1,0,0,-1,-1,-1,4,-1,-1,4,0,18,str,2023-06-20 03:38:56
14772,39131,12,27,0,1,0,0,0,0,0,-1,-1,-1,9,-1,-1,4,0,17,str,2023-06-20 03:39:43
14772,39131,7,27,0,1,0,0,1,0,0,-1,-1,-1,10,-1,-1,4,0,20,str,2023-06-20 03:40:11
14772,39131,25,27,0,1,0,0,1,0,0,-1,-1,-1,13,-1,-1,4,0,32,str,2023-06-20 03:40:36
14772,39131,18,27,0,1,0,1,1,1,1,-1,-1,-1,1,-1,-1,5,0,13,str,2023-06-20 03:43:29
14772,39131,32,27,0,1,0,1,1,1,1,-1,-1,-1,2,-1,-1,5,0,16,str,2023-06-20 03:44:07
14772,39131,26,27,0,1,0,0,1,0,0,-1,-1,-1,5,-1,-1,4,0,23,str,2023-06-20 03:44:28
14772,39131,25,27,0,1,0,0,1,0,0,-1,-1,-1,13,-1,-1,4,0,32,str,2023-06-20 03:45:14
14772,39131,17,27,0,1,0,0,1,0,0,-1,-1,-1,14,-1,-1,4,0,46,str,2023-06-20 03:46:07
14772,39131,29,27,0,1,0,0,1,0,0,-1,-1,-1,23,-1,-1,3,1,99,str,2023-06-20 03:46:33
14772,39131,4,27,0,1,0,0,1,0,0,-1,-1,-1,16,-1,-1,4,0,61,str,2023-06-20 03:47:07
14772,39131,5,27,0,1,0,0,1,0,0,-1,-1,-1,15,-1,-1,4,0,30,str,2023-06-20 03:47:29
14652,39144,29,31,1,0,0,-1,-1,-1,-1,-1,-1,-1,-1,-1,1,3,1,99,str,2023-06-20 03:56:42
14652,39144,24,31,1,0,0,-1,-1,-1,-1,-1,-1,-1,-1,-1,10,4,0,21,str,2023-06-20 03:57:18
14652,39144,18,31,1,0,0,-1,-1,-1,-1,-1,-1,-1,-1,-1,2,5,0,13,str,2023-06-20 03:57:32
14652,39144,18,31,1,0,0,-1,-1,-1,-1,-1,-1,-1,-1,-1,2,5,0,13,str,2023-06-20 03:58:20
14652,39144,15,31,1,0,0,-1,-1,-1,-1,-1,-1,-1,-1,-1,12,4,0,40,str,2023-06-20 03:59:01
14652,39144,27,31,1,0,0,-1,-1,-1,-1,-1,-1,-1,-1,-1,13,3,0,111,str,2023-06-20 03:59:27
14652,39144,7,31,1,0,0,-1,-1,-1,-1,-1,-1,-1,-1,-1,14,4,0,20,str,2023-06-20 03:59:46
14652,39144,6,31,1,0,0,-1,-1,-1,-1,-1,-1,-1,-1,-1,19,4,0,13,str,2023-06-20 04:00:50
14682,39121,22,14,0,1,0,0,1,0,-1,-1,-1,-1,1,-1,-1,4,0,18,str,2023-06-20 03:28:15
14682,39121,15,14,0,1,0,0,1,0,-1,-1,-1,-1,2,-1,-1,4,0,40,str,2023-06-20 03:29:04
14682,39121,28,14,0,1,0,0,1,0,-1,-1,-1,-1,3,-1,-1,4,0,18,str,2023-06-20 03:29:48
14682,39145,18,30,0,1,0,1,1,1,-1,-1,-1,-1,1,-1,-1,5,0,13,str,2023-06-20 03:57:50
14682,39145,32,30,0,1,0,1,1,1,-1,-1,-1,-1,2,-1,-1,5,0,16,str,2023-06-20 03:58:03
14682,39145,30,30,0,1,0,1,1,1,-1,-1,-1,-1,3,-1,-1,5,0,9,str,2023-06-20 03:58:26
14682,39145,22,30,0,1,0,0,1,0,-1,-1,-1,-1,4,-1,-1,4,0,18,str,2023-06-20 03:58:36
14682,39145,26,30,0,1,0,0,1,0,-1,-1,-1,-1,5,-1,-1,4,0,23,str,2023-06-20 03:58:58
14682,39145,15,30,0,1,0,0,1,0,-1,-1,-1,-1,7,-1,-1,4,0,40,str,2023-06-20 03:59:21
14682,39145,11,30,0,1,0,0,1,0,-1,-1,-1,-1,8,-1,-1,4,0,10,str,2023-06-20 03:59:41
14682,39145,2,30,0,1,0,0,1,0,-1,-1,-1,-1,9,-1,-1,4,0,11,str,2023-06-20 03:59:52
14682,39145,10,30,0,1,0,0,1,0,-1,-1,-1,-1,12,-1,-1,4,0,11,str,2023-06-20 04:00:05
14682,39145,28,30,0,1,0,0,1,0,-1,-1,-1,-1,14,-1,-1,4,0,18,str,2023-06-20 04:00:15
14682,39145,17,30,0,1,0,0,1,0,-1,-1,-1,-1,16,-1,-1,4,0,46,str,2023-06-20 04:00:37
14682,39145,23,30,0,1,0,0,1,0,-1,-1,-1,-1,19,-1,-1,4,0,34,str,2023-06-20 04:00:59
14682,39145,25,30,0,1,0,0,1,0,-1,-1,-1,-1,18,-1,-1,4,0,32,str,2023-06-20 04:01:31
14682,39145,19,30,0,1,0,0,0,0,-1,-1,-1,-1,20,-1,-1,4,0,26,str,2023-06-20 04:02:05
14682,39145,20,30,0,1,0,0,1,0,-1,-1,-1,-1,23,-1,-1,4,0,7,str,2023-06-20 04:02:21
14682,39145,13,30,0,1,0,0,1,0,-1,-1,-1,-1,29,-1,-1,4,0,43,str,2023-06-20 04:02:42
14682,39145,23,30,0,1,0,0,1,0,-1,-1,-1,-1,19,-1,-1,4,0,34,str,2023-06-20 04:03:01
14682,39145,15,30,0,1,0,0,1,0,-1,-1,-1,-1,7,-1,-1,4,0,40,str,2023-06-20 04:03:15
14682,39145,32,30,0,1,0,1,1,1,-1,-1,-1,-1,2,-1,-1,5,0,16,str,2023-06-20 04:04:47
14682,39145,23,30,0,1,0,0,1,0,-1,-1,-1,-1,19,-1,-1,4,0,34,str,2023-06-20 04:05:15
14731,37360,5,8,0,1,0,0,1,0,0,0,-1,-1,2,-1,-1,4,0,30,str,2023-06-19 09:21:28
14731,37364,29,0,1,0,0,-1,-1,-1,-1,-1,-1,-1,-1,-1,1,3,1,99,str,2023-06-19 09:22:29
14731,37364,29,0,1,0,0,-1,-1,-1,-1,-1,-1,-1,-1,-1,1,3,1,99,str,2023-06-19 09:22:36
14731,39159,29,0,1,0,0,-1,-1,-1,-1,-1,-1,-1,-1,-1,1,3,1,99,str,2023-06-20 04:46:37
14731,39159,26,16,0,1,0,0,1,0,0,0,-1,-1,1,-1,-1,4,0,23,str,2023-06-20 05:08:01
14731,39159,5,16,0,1,0,0,1,0,0,0,-1,-1,6,-1,-1,4,0,30,str,2023-06-20 05:09:31
14686,39176,22,11,0,1,0,0,1,0,0,0,0,-1,1,-1,-1,4,0,18,str,2023-06-20 06:24:09
14686,39176,15,11,0,1,0,0,0,0,0,0,0,-1,2,-1,-1,4,0,40,str,2023-06-20 06:24:29
14686,39176,15,11,0,1,0,0,0,0,0,0,0,-1,2,-1,-1,4,0,40,str,2023-06-20 06:24:37
14686,39176,15,11,0,1,0,0,0,0,0,0,0,-1,2,-1,-1,4,0,40,str,2023-06-20 06:24:43
14686,39176,28,11,0,1,0,0,1,0,0,0,0,-1,3,-1,-1,4,0,18,str,2023-06-20 06:24:50
14686,39176,4,11,0,1,0,0,1,0,0,0,0,-1,4,-1,-1,4,0,61,str,2023-06-20 06:25:01
14686,39176,17,11,0,1,0,0,1,0,0,0,0,-1,5,-1,-1,4,0,46,str,2023-06-20 06:25:21
14686,39176,5,11,0,1,0,0,1,0,0,0,0,-1,6,-1,-1,4,0,30,str,2023-06-20 06:25:43
14686,39176,25,11,0,1,0,0,1,0,0,0,0,-1,7,-1,-1,4,0,32,str,2023-06-20 06:25:58
14792,39194,18,24,0,1,0,1,1,1,1,1,1,-1,1,-1,-1,5,0,13,str,2023-06-20 07:46:21
14687,39157,29,0,1,0,0,-1,-1,-1,-1,-1,-1,-1,-1,-1,1,3,1,99,str,2023-06-20 04:42:57
14687,39157,29,0,1,0,0,-1,-1,-1,-1,-1,-1,-1,-1,-1,1,3,1,99,str,2023-06-20 04:44:36
14687,39165,29,0,1,0,0,-1,-1,-1,-1,-1,-1,-1,-1,-1,1,3,1,99,str,2023-06-20 05:13:46
14687,39168,29,0,1,0,0,-1,-1,-1,-1,-1,-1,-1,-1,-1,1,3,1,99,str,2023-06-20 05:17:28
14687,39898,29,0,1,0,0,-1,-1,-1,-1,-1,-1,-1,-1,-1,1,3,1,99,str,2023-06-20 18:00:13
14746,39237,25,27,0,1,0,0,1,0,0,0,-1,-1,13,-1,-1,4,0,32,str,2023-06-20 09:27:53
14732,39234,18,24,0,1,0,1,1,1,1,1,-1,-1,1,-1,-1,5,0,13,str,2023-06-20 09:26:04
14732,39234,25,24,0,1,0,0,1,0,0,0,-1,-1,15,-1,-1,4,0,32,str,2023-06-20 09:26:43
14732,39234,10,24,0,1,0,0,1,0,0,0,-1,-1,10,-1,-1,4,0,11,str,2023-06-20 09:27:23
14732,39234,5,24,0,1,0,0,1,0,0,0,-1,-1,14,-1,-1,4,0,30,str,2023-06-20 09:27:42
14732,39234,5,24,0,1,0,0,1,0,0,0,-1,-1,14,-1,-1,4,0,30,str,2023-06-20 09:28:15
14679,39254,29,31,1,0,0,-1,-1,-1,-1,-1,-1,-1,-1,-1,1,3,1,99,str,2023-06-20 09:57:27
14679,39254,18,31,1,0,0,-1,-1,-1,-1,-1,-1,-1,-1,-1,2,5,0,13,str,2023-06-20 09:58:58
14679,39254,29,31,1,0,0,-1,-1,-1,-1,-1,-1,-1,-1,-1,1,3,1,99,str,2023-06-20 09:59:09
14679,39254,5,31,1,0,0,-1,-1,-1,-1,-1,-1,-1,-1,-1,3,4,0,30,str,2023-06-20 09:59:15
14679,39254,18,31,1,0,0,-1,-1,-1,-1,-1,-1,-1,-1,-1,2,5,0,13,str,2023-06-20 09:59:29
14679,39254,4,31,1,0,0,-1,-1,-1,-1,-1,-1,-1,-1,-1,4,4,0,61,str,2023-06-20 09:59:38
14679,39254,4,31,1,0,0,-1,-1,-1,-1,-1,-1,-1,-1,-1,4,4,0,61,str,2023-06-20 10:00:16
14679,39254,20,31,1,0,0,-1,-1,-1,-1,-1,-1,-1,-1,-1,25,4,0,7,str,2023-06-20 10:00:36
14679,39254,23,31,1,0,0,-1,-1,-1,-1,-1,-1,-1,-1,-1,23,4,0,34,str,2023-06-20 10:00:46
14679,39254,25,31,1,0,0,-1,-1,-1,-1,-1,-1,-1,-1,-1,7,4,0,32,str,2023-06-20 10:02:53
14679,39254,32,31,1,0,0,-1,-1,-1,-1,-1,-1,-1,-1,-1,5,5,0,16,str,2023-06-20 10:03:03
14679,39254,30,31,1,0,0,-1,-1,-1,-1,-1,-1,-1,-1,-1,6,5,0,9,str,2023-06-20 10:03:12
14679,39254,18,31,1,0,0,-1,-1,-1,-1,-1,-1,-1,-1,-1,2,5,0,13,str,2023-06-20 10:03:19
14679,39254,26,31,1,0,0,-1,-1,-1,-1,-1,-1,-1,-1,-1,9,4,0,23,str,2023-06-20 10:03:41
14679,39254,29,31,1,0,0,-1,-1,-1,-1,-1,-1,-1,-1,-1,1,3,1,99,str,2023-06-20 10:05:09
14679,39254,18,31,1,0,0,-1,-1,-1,-1,-1,-1,-1,-1,-1,2,5,0,13,str,2023-06-20 10:05:17
14679,39254,5,31,1,0,0,-1,-1,-1,-1,-1,-1,-1,-1,-1,3,4,0,30,str,2023-06-20 10:05:26
14679,39254,4,31,1,0,0,-1,-1,-1,-1,-1,-1,-1,-1,-1,4,4,0,61,str,2023-06-20 10:05:33
14679,39254,32,31,1,0,0,-1,-1,-1,-1,-1,-1,-1,-1,-1,5,5,0,16,str,2023-06-20 10:05:41
14679,39254,27,31,1,0,0,-1,-1,-1,-1,-1,-1,-1,-1,-1,13,3,0,111,str,2023-06-20 10:06:03
14679,39254,3,31,1,0,0,-1,-1,-1,-1,-1,-1,-1,-1,-1,15,4,0,72,str,2023-06-20 10:06:35
14679,39254,20,31,1,0,0,-1,-1,-1,-1,-1,-1,-1,-1,-1,25,4,0,7,str,2023-06-20 10:07:17
14679,39254,7,31,1,0,0,-1,-1,-1,-1,-1,-1,-1,-1,-1,14,4,0,20,str,2023-06-20 10:07:34
14679,39254,31,31,1,0,0,-1,-1,-1,-1,-1,-1,-1,-1,-1,27,4,0,49,str,2023-06-20 10:07:49
14679,39254,24,31,1,0,0,-1,-1,-1,-1,-1,-1,-1,-1,-1,10,4,0,21,str,2023-06-20 10:08:12
14679,39254,15,31,1,0,0,-1,-1,-1,-1,-1,-1,-1,-1,-1,12,4,0,40,str,2023-06-20 10:08:26
14679,39254,29,31,1,0,0,-1,-1,-1,-1,-1,-1,-1,-1,-1,1,3,1,99,str,2023-06-20 10:08:50
14679,39254,5,31,1,0,0,-1,-1,-1,-1,-1,-1,-1,-1,-1,3,4,0,30,str,2023-06-20 10:09:06
14679,39254,29,31,1,0,0,-1,-1,-1,-1,-1,-1,-1,-1,-1,1,3,1,99,str,2023-06-20 10:09:57
14786,39262,29,31,1,0,0,-1,-1,-1,-1,-1,-1,-1,-1,-1,1,3,1,99,str,2023-06-20 10:14:42
14786,39262,18,31,1,0,0,-1,-1,-1,-1,-1,-1,-1,-1,-1,2,5,0,13,str,2023-06-20 10:14:50
14786,39262,5,31,1,0,0,-1,-1,-1,-1,-1,-1,-1,-1,-1,3,4,0,30,str,2023-06-20 10:15:03
14786,39262,4,31,1,0,0,-1,-1,-1,-1,-1,-1,-1,-1,-1,4,4,0,61,str,2023-06-20 10:15:17
14786,39262,30,31,1,0,0,-1,-1,-1,-1,-1,-1,-1,-1,-1,6,5,0,9,str,2023-06-20 10:16:18
14786,39262,3,31,1,0,0,-1,-1,-1,-1,-1,-1,-1,-1,-1,15,4,0,72,str,2023-06-20 10:16:37
14786,39262,28,31,1,0,0,-1,-1,-1,-1,-1,-1,-1,-1,-1,17,4,0,18,str,2023-06-20 10:16:58
14786,39262,23,31,1,0,0,-1,-1,-1,-1,-1,-1,-1,-1,-1,23,4,0,34,str,2023-06-20 10:17:22
14786,39262,2,31,1,0,0,-1,-1,-1,-1,-1,-1,-1,-1,-1,24,4,0,11,str,2023-06-20 10:17:47
14786,39262,19,31,1,0,0,-1,-1,-1,-1,-1,-1,-1,-1,-1,31,4,0,26,str,2023-06-20 10:17:58
14786,39262,21,31,1,0,0,-1,-1,-1,-1,-1,-1,-1,-1,-1,27,2,0,9,str,2023-06-20 10:18:48
14786,39262,15,31,1,0,0,-1,-1,-1,-1,-1,-1,-1,-1,-1,12,4,0,40,str,2023-06-20 10:19:11
14786,39262,4,31,1,0,0,-1,-1,-1,-1,-1,-1,-1,-1,-1,4,4,0,61,str,2023-06-20 10:19:30
14786,39262,22,31,1,0,0,-1,-1,-1,-1,-1,-1,-1,-1,-1,8,4,0,18,str,2023-06-20 10:19:40
14786,39262,25,31,1,0,0,-1,-1,-1,-1,-1,-1,-1,-1,-1,7,4,0,32,str,2023-06-20 10:19:49
14786,39262,18,31,1,0,0,-1,-1,-1,-1,-1,-1,-1,-1,-1,2,5,0,13,str,2023-06-20 10:20:18
14786,39262,3,31,1,0,0,-1,-1,-1,-1,-1,-1,-1,-1,-1,15,4,0,72,str,2023-06-20 10:20:31
14678,39275,26,18,0,1,0,0,1,0,-1,-1,-1,-1,1,-1,-1,4,0,23,str,2023-06-20 10:37:29
14666,39273,4,7,0,1,0,0,1,0,0,0,0,0,1,-1,-1,4,0,61,str,2023-06-20 10:41:24
14666,39273,5,7,0,1,0,0,1,0,0,0,0,0,3,-1,-1,4,0,30,str,2023-06-20 10:41:58
14666,39273,25,7,0,1,0,0,1,0,0,0,0,0,4,-1,-1,4,0,32,str,2023-06-20 10:42:27
14666,39273,17,7,0,1,0,0,1,0,0,0,0,0,2,-1,-1,4,0,46,str,2023-06-20 10:42:39
14666,39273,4,7,0,1,0,0,1,0,0,0,0,0,1,-1,-1,4,0,61,str,2023-06-20 10:42:53
14666,39965,18,19,0,1,0,1,1,1,1,-1,-1,-1,1,-1,-1,5,0,13,str,2023-06-20 18:33:29
14666,39965,29,19,0,1,0,0,1,0,0,-1,-1,-1,16,-1,-1,3,1,99,str,2023-06-20 18:35:04
14666,39965,30,19,0,1,0,1,1,1,1,-1,-1,-1,2,-1,-1,5,0,9,str,2023-06-20 18:35:04
14666,39965,22,19,0,1,0,0,1,0,0,-1,-1,-1,3,-1,-1,4,0,18,str,2023-06-20 18:36:42
14666,39965,24,19,0,1,0,0,1,0,0,-1,-1,-1,5,-1,-1,4,0,21,str,2023-06-20 18:37:05
14666,39965,20,19,0,1,0,0,-1,0,0,-1,-1,-1,15,-1,-1,4,0,7,str,2023-06-20 18:37:47
14666,39965,26,19,0,1,0,0,-1,0,0,-1,-1,-1,4,-1,-1,4,0,23,str,2023-06-20 18:38:03
14666,39989,4,0,1,0,0,0,-1,0,-1,-1,-1,-1,-1,-1,4,4,0,61,str,2023-06-20 18:45:12
14662,39276,4,26,0,1,0,0,1,0,0,0,0,0,1,-1,-1,4,0,61,str,2023-06-20 10:41:58
14662,39276,17,26,0,1,0,0,1,0,0,0,0,0,2,-1,-1,4,0,46,str,2023-06-20 10:42:18
14662,39276,5,26,0,1,0,0,1,0,0,0,0,0,3,-1,-1,4,0,30,str,2023-06-20 10:43:17
14662,39276,25,26,0,1,0,0,1,0,0,0,0,0,4,-1,-1,4,0,32,str,2023-06-20 10:43:37
14662,39276,15,26,0,1,0,0,1,0,0,0,0,0,12,-1,-1,4,0,40,str,2023-06-20 10:44:57
14662,39276,29,26,0,1,0,0,1,0,0,0,0,0,18,-1,-1,3,1,99,str,2023-06-20 10:45:28
14677,39323,5,7,0,1,0,0,1,0,0,0,0,0,2,-1,-1,4,0,30,str,2023-06-20 11:41:34
14677,39323,3,7,0,1,0,0,1,0,0,0,0,0,3,-1,-1,4,0,72,str,2023-06-20 11:42:51
14719,37600,15,10,0,1,0,0,0,0,0,0,0,0,1,-1,-1,4,0,40,str,2023-06-19 12:26:30
14719,37689,4,10,0,1,0,0,1,0,0,0,0,0,1,-1,-1,4,0,61,str,2023-06-19 12:50:48
14719,37689,24,10,0,1,0,0,1,0,0,0,0,0,3,-1,-1,4,0,21,str,2023-06-19 12:52:59
14719,37689,5,10,0,1,0,0,1,0,0,0,0,0,2,-1,-1,4,0,30,str,2023-06-19 12:53:00
14719,37689,4,10,0,1,0,0,1,0,0,0,0,0,1,-1,-1,4,0,61,str,2023-06-19 12:54:52
14719,37689,4,10,0,1,0,0,1,0,0,0,0,0,1,-1,-1,4,0,61,str,2023-06-19 12:57:42
14719,37689,5,10,0,1,0,0,1,0,0,0,0,0,2,-1,-1,4,0,30,str,2023-06-19 13:00:39
14719,37689,24,10,0,1,0,0,1,0,0,0,0,0,3,-1,-1,4,0,21,str,2023-06-19 13:03:25
14719,37689,15,10,0,1,0,0,0,0,0,0,0,0,4,-1,-1,4,0,40,str,2023-06-19 13:03:33
14719,37689,29,10,0,1,0,0,1,0,0,0,0,0,5,-1,-1,3,1,99,str,2023-06-19 13:06:10
14719,39247,4,10,0,1,0,0,1,0,0,0,0,0,1,-1,-1,4,0,61,str,2023-06-20 09:53:05
14719,39247,4,10,0,1,0,0,1,0,0,0,0,0,1,-1,-1,4,0,61,str,2023-06-20 09:55:28
14719,39247,17,10,0,1,0,0,1,0,0,0,0,0,2,-1,-1,4,0,46,str,2023-06-20 09:58:01
14719,39247,17,10,0,1,0,0,1,0,0,0,0,0,2,-1,-1,4,0,46,str,2023-06-20 09:59:31
14719,39247,5,10,0,1,0,0,1,0,0,0,0,0,3,-1,-1,4,0,30,str,2023-06-20 09:59:59
14719,39247,25,10,0,1,0,0,1,0,0,0,0,0,4,-1,-1,4,0,32,str,2023-06-20 10:01:04
14719,39247,18,10,0,1,0,0,1,0,1,1,1,1,5,-1,-1,5,0,13,str,2023-06-20 10:02:55
14719,39247,32,10,0,1,0,0,1,0,1,1,1,1,6,-1,-1,5,0,16,str,2023-06-20 10:04:42
14719,39247,30,10,0,1,0,0,1,0,1,1,1,1,7,-1,-1,5,0,9,str,2023-06-20 10:08:56
14719,39247,22,10,0,1,0,0,1,0,0,0,0,0,8,-1,-1,4,0,18,str,2023-06-20 10:13:33
14719,39247,26,10,0,1,0,0,1,0,0,0,0,0,9,-1,-1,4,0,23,str,2023-06-20 10:15:01
14719,39247,24,10,0,1,0,0,1,0,0,0,0,0,10,-1,-1,4,0,21,str,2023-06-20 10:16:37
14719,39247,11,10,0,1,0,0,1,0,0,0,0,0,11,-1,-1,4,0,10,str,2023-06-20 10:20:10
14719,39247,2,10,0,1,0,0,1,0,0,0,0,0,12,-1,-1,4,0,11,str,2023-06-20 10:22:28
14719,39247,15,10,0,1,0,0,0,0,0,0,0,0,13,-1,-1,4,0,40,str,2023-06-20 10:25:20
14719,39247,15,10,0,1,0,0,0,0,0,0,0,0,13,-1,-1,4,0,40,str,2023-06-20 10:28:16
14719,39247,7,10,0,1,0,0,1,0,0,0,0,0,15,-1,-1,4,0,20,str,2023-06-20 10:30:46
14719,39247,10,10,0,1,0,0,1,0,0,0,0,0,16,-1,-1,4,0,11,str,2023-06-20 10:32:53
14719,39247,16,10,0,1,0,0,1,0,0,0,0,0,17,-1,-1,4,0,11,str,2023-06-20 10:35:01
14719,39247,28,10,0,1,0,0,1,0,0,0,0,0,18,-1,-1,4,0,18,str,2023-06-20 10:37:43
14719,39247,28,10,0,1,0,0,1,0,0,0,0,0,18,-1,-1,4,0,18,str,2023-06-20 10:40:15
14719,39247,29,10,0,1,0,0,1,0,0,0,0,0,19,-1,-1,3,1,99,str,2023-06-20 10:43:13
14719,39247,3,10,0,1,0,0,1,0,0,0,0,0,22,-1,-1,4,0,72,str,2023-06-20 10:48:15
14719,39247,6,10,0,1,0,0,1,0,0,0,0,0,24,-1,-1,4,0,13,str,2023-06-20 10:52:49
14719,39247,1,10,0,1,0,0,0,0,0,0,0,0,26,-1,-1,4,0,6,str,2023-06-20 10:55:24
14719,39247,9,10,0,1,0,0,1,0,0,0,0,0,27,-1,-1,3,0,40,str,2023-06-20 10:57:44
14719,39247,27,10,0,1,0,0,1,0,0,0,0,0,28,-1,-1,3,0,111,str,2023-06-20 11:02:45
14719,39247,13,10,0,1,0,0,1,0,0,0,0,0,29,-1,-1,4,0,43,str,2023-06-20 11:06:02
14719,39247,31,10,0,1,0,0,1,0,0,0,0,0,30,-1,-1,4,0,49,str,2023-06-20 11:08:34
14719,39247,21,10,0,1,0,0,0,0,0,0,0,0,31,-1,-1,2,0,9,str,2023-06-20 11:12:07
14719,39247,24,10,0,1,0,0,1,0,0,0,0,0,10,-1,-1,4,0,21,str,2023-06-20 11:20:15
14719,39247,15,10,0,1,0,0,0,0,0,0,0,0,13,-1,-1,4,0,40,str,2023-06-20 11:37:49
14719,39247,15,10,0,1,0,0,0,0,0,0,0,0,13,-1,-1,4,0,40,str,2023-06-20 11:40:24
14719,39247,28,10,0,1,0,0,1,0,0,0,0,0,18,-1,-1,4,0,18,str,2023-06-20 11:44:02
14719,39247,13,10,0,1,0,0,1,0,0,0,0,0,29,-1,-1,4,0,43,str,2023-06-20 11:49:30
14719,39247,31,10,0,1,0,0,1,0,0,0,0,0,30,-1,-1,4,0,49,str,2023-06-20 11:53:59
14713,39316,18,27,0,1,0,1,1,1,1,1,-1,-1,1,-1,-1,5,0,13,str,2023-06-20 12:00:40
14713,39316,22,27,0,1,0,0,1,0,0,0,-1,-1,4,-1,-1,4,0,18,str,2023-06-20 12:01:32
14713,39316,32,27,0,1,0,1,1,1,1,1,-1,-1,2,-1,-1,5,0,16,str,2023-06-20 12:02:01
14713,39316,30,27,0,1,0,1,1,1,1,1,-1,-1,3,-1,-1,5,0,9,str,2023-06-20 12:02:30
14713,39316,24,27,0,1,0,0,1,0,0,0,-1,-1,6,-1,-1,4,0,21,str,2023-06-20 12:02:30
14713,39316,18,27,0,1,0,1,1,1,1,1,-1,-1,1,-1,-1,5,0,13,str,2023-06-20 12:03:32
14760,39359,18,27,0,1,0,1,1,1,1,-1,-1,-1,1,-1,-1,5,0,13,str,2023-06-20 12:30:52
14760,39359,18,27,0,1,0,1,1,1,1,-1,-1,-1,1,-1,-1,5,0,13,str,2023-06-20 12:31:11
14760,39359,5,27,0,1,0,0,1,0,0,-1,-1,-1,15,-1,-1,4,0,30,str,2023-06-20 12:32:15
14694,40362,5,0,1,0,0,-1,-1,-1,-1,-1,-1,-1,-1,-1,2,4,0,30,str,2023-06-20 21:58:48
14654,38995,18,30,0,1,0,1,1,1,-1,-1,-1,-1,1,-1,-1,5,0,13,str,2023-06-19 23:41:07
14654,38995,30,30,0,1,0,1,1,1,-1,-1,-1,-1,3,-1,-1,5,0,9,str,2023-06-19 23:41:24
14654,38995,26,30,0,1,0,0,1,0,-1,-1,-1,-1,5,-1,-1,4,0,23,str,2023-06-19 23:41:45
14654,38995,15,30,0,1,0,0,1,0,-1,-1,-1,-1,7,-1,-1,4,0,40,str,2023-06-19 23:42:00
14654,38995,11,30,0,1,0,0,1,0,-1,-1,-1,-1,8,-1,-1,4,0,10,str,2023-06-19 23:42:12
14654,38995,2,30,0,1,0,0,1,0,-1,-1,-1,-1,9,-1,-1,4,0,11,str,2023-06-19 23:42:25
14654,38995,10,30,0,1,0,0,1,0,-1,-1,-1,-1,12,-1,-1,4,0,11,str,2023-06-19 23:42:47
14654,38995,16,30,0,1,0,0,1,0,-1,-1,-1,-1,13,-1,-1,4,0,11,str,2023-06-19 23:43:00
14654,38995,28,30,0,1,0,0,1,0,-1,-1,-1,-1,14,-1,-1,4,0,18,str,2023-06-19 23:43:20
14654,38995,4,30,0,1,0,0,1,0,-1,-1,-1,-1,15,-1,-1,4,0,61,str,2023-06-19 23:43:37
14654,38995,20,30,0,1,0,0,1,0,-1,-1,-1,-1,23,-1,-1,4,0,7,str,2023-06-19 23:43:59
14654,38995,8,30,0,1,0,0,1,0,-1,-1,-1,-1,26,-1,-1,3,0,47,str,2023-06-19 23:44:13
14654,38995,13,30,0,1,0,0,1,0,-1,-1,-1,-1,29,-1,-1,4,0,43,str,2023-06-19 23:44:40
14804,39429,21,10,0,1,0,0,0,0,0,0,0,-1,31,-1,-1,2,0,9,str,2023-06-20 13:31:08
14804,39429,15,10,0,1,0,0,1,0,0,0,0,-1,1,-1,-1,4,0,40,str,2023-06-20 13:31:34
14804,39429,18,10,0,1,0,0,1,0,1,1,1,-1,7,-1,-1,5,0,13,str,2023-06-20 13:32:53
14804,39429,15,10,0,1,0,0,1,0,0,0,0,-1,1,-1,-1,4,0,40,str,2023-06-20 13:46:40
14804,39429,4,10,0,1,0,0,-1,0,0,0,0,-1,3,-1,-1,4,0,61,str,2023-06-20 13:47:31
14804,39429,9,10,0,1,0,0,-1,0,0,0,0,-1,20,-1,-1,3,0,40,str,2023-06-20 13:48:00
14804,39429,13,10,0,1,0,0,1,0,0,0,0,-1,24,-1,-1,4,0,43,str,2023-06-20 13:48:50
14804,39429,9,10,0,1,0,0,-1,0,0,0,0,-1,20,-1,-1,3,0,40,str,2023-06-20 13:50:00
14804,39429,4,10,0,1,0,0,-1,0,0,0,0,-1,3,-1,-1,4,0,61,str,2023-06-20 13:54:43
14804,39429,15,10,0,1,0,0,1,0,0,0,0,-1,1,-1,-1,4,0,40,str,2023-06-20 13:54:55
14804,39429,15,10,0,1,0,0,1,0,0,0,0,-1,1,-1,-1,4,0,40,str,2023-06-20 13:55:00
14804,39429,4,10,0,1,0,0,-1,0,0,0,0,-1,3,-1,-1,4,0,61,str,2023-06-20 13:55:55
14804,39429,9,10,0,1,0,0,-1,0,0,0,0,-1,20,-1,-1,3,0,40,str,2023-06-20 13:57:30
14804,39429,13,10,0,1,0,0,1,0,0,0,0,-1,24,-1,-1,4,0,43,str,2023-06-20 13:57:58
14889,39494,26,16,0,1,0,0,1,0,0,0,-1,-1,1,-1,-1,4,0,23,str,2023-06-20 14:51:11
14889,39494,24,16,0,1,0,0,1,0,0,0,-1,-1,2,-1,-1,4,0,21,str,2023-06-20 14:51:32
14889,39494,11,16,0,1,0,0,1,0,0,0,-1,-1,3,-1,-1,4,0,10,str,2023-06-20 14:51:46
14889,39494,25,16,0,1,0,0,1,0,0,0,-1,-1,5,-1,-1,4,0,32,str,2023-06-20 14:52:44
14779,39487,29,0,1,0,0,0,1,0,-1,-1,-1,-1,-1,-1,1,3,1,99,str,2023-06-20 14:47:44
14899,37206,29,31,0,1,0,0,1,0,-1,-1,-1,-1,1,-1,-1,3,1,99,str,2023-06-16 15:58:55
14899,39510,32,30,0,1,0,1,-1,1,1,1,-1,-1,2,-1,-1,5,0,16,str,2023-06-20 15:04:01
14899,39510,13,30,0,0,1,0,1,0,0,0,-1,-1,-1,3,-1,4,0,43,str,2023-06-20 15:04:17
14899,39510,1,30,0,0,1,0,1,0,0,0,-1,-1,-1,8,-1,4,0,6,str,2023-06-20 15:04:49
14899,39510,20,30,0,0,1,0,1,0,0,0,-1,-1,-1,9,-1,4,0,7,str,2023-06-20 15:04:52
14899,39510,23,30,0,0,1,0,1,0,0,0,-1,-1,-1,13,-1,4,0,34,str,2023-06-20 15:05:04
14899,39510,22,30,0,1,0,0,1,0,0,0,-1,-1,4,-1,-1,4,0,18,str,2023-06-20 15:05:45
14899,39510,32,30,0,1,0,1,1,1,1,1,-1,-1,2,-1,-1,5,0,16,str,2023-06-20 15:06:03
14899,39510,30,30,0,1,0,1,1,1,1,1,-1,-1,3,-1,-1,5,0,9,str,2023-06-20 15:06:03
14899,39510,24,30,0,1,0,0,1,0,0,0,-1,-1,6,-1,-1,4,0,21,str,2023-06-20 15:06:12
14899,39510,24,30,0,1,0,0,1,0,0,0,-1,-1,6,-1,-1,4,0,21,str,2023-06-20 15:06:48
14899,39510,30,30,0,1,0,1,1,1,1,1,-1,-1,3,-1,-1,5,0,9,str,2023-06-20 15:06:56
14899,39510,22,30,0,1,0,0,1,0,0,0,-1,-1,4,-1,-1,4,0,18,str,2023-06-20 15:07:02
14899,39510,26,30,0,1,0,0,1,0,0,0,-1,-1,5,-1,-1,4,0,23,str,2023-06-20 15:07:11
14899,39510,24,30,0,1,0,0,1,0,0,0,-1,-1,6,-1,-1,4,0,21,str,2023-06-20 15:07:19
14899,39510,15,30,0,1,0,0,1,0,0,0,-1,-1,7,-1,-1,4,0,40,str,2023-06-20 15:07:52
14692,38189,24,19,0,1,0,0,1,0,0,0,0,-1,1,-1,-1,4,0,21,str,2023-06-19 14:31:57
14692,38189,5,19,0,1,0,0,1,0,0,0,0,-1,2,-1,-1,4,0,30,str,2023-06-19 14:33:19
14692,38189,3,19,0,1,0,0,1,0,0,0,0,-1,3,-1,-1,4,0,72,str,2023-06-19 14:39:12
14692,38189,29,19,0,1,0,0,1,0,0,0,0,-1,6,-1,-1,3,1,99,str,2023-06-19 14:39:21
14692,38189,27,19,0,1,0,0,1,0,0,0,0,-1,7,-1,-1,3,0,111,str,2023-06-19 14:39:31
14692,38189,24,19,0,1,0,0,1,0,0,0,0,-1,1,-1,-1,4,0,21,str,2023-06-19 14:39:34
14692,38189,6,19,0,1,0,0,1,0,0,0,0,-1,5,-1,-1,4,0,13,str,2023-06-19 14:39:36
14692,38189,1,19,0,1,0,0,0,0,0,0,0,-1,4,-1,-1,4,0,6,str,2023-06-19 14:40:14
14692,38189,26,19,0,1,0,0,1,0,0,0,0,-1,1,-1,-1,4,0,23,str,2023-06-19 14:40:25
14692,38189,10,19,0,1,0,0,-1,0,0,0,0,-1,2,-1,-1,4,0,11,str,2023-06-19 14:41:04
14692,38247,24,19,0,1,0,0,1,0,0,0,0,-1,2,-1,-1,4,0,21,str,2023-06-19 14:46:11
14692,38247,26,19,0,1,0,0,1,0,0,0,0,-1,1,-1,-1,4,0,23,str,2023-06-19 14:46:19
14692,38247,6,19,0,1,0,0,1,0,0,0,0,-1,13,-1,-1,4,0,13,str,2023-06-19 14:47:07
14692,38247,25,19,0,1,0,0,1,0,0,0,0,-1,6,-1,-1,4,0,32,str,2023-06-19 14:47:17
14692,38247,4,19,0,1,0,0,1,0,0,0,0,-1,10,-1,-1,4,0,61,str,2023-06-19 14:48:27
14692,38247,17,19,0,1,0,0,0,0,0,0,0,-1,7,-1,-1,4,0,46,str,2023-06-19 14:48:56
14692,38318,5,19,0,1,0,0,-1,0,0,0,-1,-1,8,-1,-1,4,0,30,str,2023-06-20 15:22:18
14692,38318,26,19,0,1,0,0,-1,0,0,0,-1,-1,1,-1,-1,4,0,23,str,2023-06-20 15:23:02
14692,38318,24,19,0,1,0,0,-1,0,0,0,-1,-1,2,-1,-1,4,0,21,str,2023-06-20 15:23:06
14692,38318,17,19,0,1,0,0,1,0,0,0,-1,-1,6,-1,-1,4,0,46,str,2023-06-20 15:23:09
14692,38318,8,19,0,1,0,0,1,0,0,0,-1,-1,17,-1,-1,3,0,47,str,2023-06-20 15:23:12
14692,38318,19,19,0,1,0,0,-1,0,0,0,-1,-1,12,-1,-1,4,0,26,str,2023-06-20 15:23:36
14692,38318,25,19,0,1,0,0,1,0,0,0,-1,-1,9,-1,-1,4,0,32,str,2023-06-20 15:23:54
14692,38318,3,19,0,1,0,0,1,0,0,0,-1,-1,10,-1,-1,4,0,72,str,2023-06-20 15:24:39
14692,39596,23,19,0,1,0,0,1,0,0,0,0,-1,11,-1,-1,4,0,34,str,2023-06-20 15:34:58
14658,39477,29,0,1,0,0,-1,-1,-1,-1,-1,-1,-1,-1,-1,1,3,1,99,str,2023-06-20 14:32:42
14658,39562,22,8,0,1,0,0,1,0,0,0,0,-1,1,-1,-1,4,0,18,str,2023-06-20 15:34:18
14658,39562,25,8,0,1,0,0,1,0,0,0,0,-1,2,-1,-1,4,0,32,str,2023-06-20 15:34:31
14658,40104,29,0,1,0,0,0,1,0,-1,-1,-1,-1,-1,-1,1,3,1,99,str,2023-06-20 19:48:36
14730,37788,29,0,1,0,0,-1,-1,-1,-1,-1,-1,-1,-1,-1,1,3,1,99,str,2023-06-19 13:06:34
14730,37788,18,0,1,0,0,-1,-1,-1,-1,-1,-1,-1,-1,-1,2,5,0,13,str,2023-06-19 13:06:42
14730,37788,29,0,1,0,0,-1,-1,-1,-1,-1,-1,-1,-1,-1,1,3,1,99,str,2023-06-19 13:06:51
14730,37891,29,0,1,0,0,-1,-1,-1,-1,-1,-1,-1,-1,-1,1,3,1,99,str,2023-06-19 13:18:39
14730,39567,29,0,1,0,0,-1,-1,-1,-1,-1,-1,-1,-1,-1,1,3,1,99,str,2023-06-20 15:16:41
14730,39567,29,31,1,0,0,-1,-1,-1,-1,-1,-1,-1,-1,-1,1,3,1,99,str,2023-06-20 15:18:20
14730,39567,5,31,1,0,0,-1,-1,-1,-1,-1,-1,-1,-1,-1,3,4,0,30,str,2023-06-20 15:18:32
14730,39567,4,31,1,0,0,-1,-1,-1,-1,-1,-1,-1,-1,-1,4,4,0,61,str,2023-06-20 15:18:41
14730,39567,5,31,1,0,0,-1,-1,-1,-1,-1,-1,-1,-1,-1,3,4,0,30,str,2023-06-20 15:18:48
14730,39567,32,31,1,0,0,-1,-1,-1,-1,-1,-1,-1,-1,-1,5,5,0,16,str,2023-06-20 15:19:00
14730,39567,18,31,1,0,0,-1,-1,-1,-1,-1,-1,-1,-1,-1,2,5,0,13,str,2023-06-20 15:19:07
14730,39567,22,31,1,0,0,-1,-1,-1,-1,-1,-1,-1,-1,-1,8,4,0,18,str,2023-06-20 15:19:11
14730,39567,21,31,1,0,0,-1,-1,-1,-1,-1,-1,-1,-1,-1,28,2,0,9,str,2023-06-20 15:19:20
14730,39626,18,0,1,0,0,-1,-1,-1,-1,-1,-1,-1,-1,-1,3,5,0,13,str,2023-06-20 15:53:06
14730,39626,4,0,1,0,0,-1,-1,-1,-1,-1,-1,-1,-1,-1,4,4,0,61,str,2023-06-20 15:53:20
14884,39605,29,0,1,0,0,0,1,0,-1,-1,-1,-1,-1,-1,1,3,1,99,str,2023-06-20 15:35:12
14884,39605,1,27,0,1,0,0,-1,0,0,0,-1,-1,29,-1,-1,4,0,6,str,2023-06-20 15:46:08
14771,37348,29,8,0,1,0,0,1,0,0,-1,-1,-1,1,-1,-1,3,1,99,str,2023-06-19 08:16:23
14771,37348,8,8,0,1,0,0,1,0,0,-1,-1,-1,7,-1,-1,3,0,47,str,2023-06-19 08:17:03
14771,38829,5,0,1,0,0,0,1,0,-1,-1,-1,-1,-1,-1,3,4,0,30,str,2023-06-19 21:50:13
14805,35878,5,0,1,0,0,-1,-1,-1,-1,-1,-1,-1,-1,-1,3,4,0,30,str,2023-06-14 14:13:56
14738,38940,29,31,1,0,0,-1,-1,-1,-1,-1,-1,-1,-1,-1,1,3,1,99,str,2023-06-19 23:35:44
14738,39713,29,0,1,0,0,-1,-1,-1,-1,-1,-1,-1,-1,-1,1,3,1,99,str,2023-06-20 16:34:30
14714,38705,18,0,1,0,0,-1,-1,-1,-1,-1,-1,-1,-1,-1,2,5,0,13,str,2023-06-19 20:17:23
14714,38705,29,0,1,0,0,-1,-1,-1,-1,-1,-1,-1,-1,-1,1,3,1,99,str,2023-06-19 20:17:23
14714,38750,29,0,1,0,0,-1,-1,-1,-1,-1,-1,-1,-1,-1,1,3,1,99,str,2023-06-19 20:46:01
14714,38750,29,31,1,0,0,-1,-1,-1,-1,-1,-1,-1,-1,-1,1,3,1,99,str,2023-06-19 20:49:42
14656,39768,18,27,0,1,0,1,-1,1,-1,-1,-1,-1,1,-1,-1,5,0,13,str,2023-06-20 17:06:47
14656,39768,32,27,0,1,0,1,1,1,-1,-1,-1,-1,2,-1,-1,5,0,16,str,2023-06-20 17:06:47
14656,39768,30,27,0,1,0,1,1,1,-1,-1,-1,-1,3,-1,-1,5,0,9,str,2023-06-20 17:06:47
14656,39768,22,27,0,1,0,0,1,0,-1,-1,-1,-1,4,-1,-1,4,0,18,str,2023-06-20 17:07:18
14656,39768,22,27,0,1,0,0,1,0,-1,-1,-1,-1,4,-1,-1,4,0,18,str,2023-06-20 17:09:09
14646,38239,5,0,1,0,0,-1,-1,-1,-1,-1,-1,-1,-1,-1,3,4,0,30,str,2023-06-19 14:43:43
14646,39740,22,24,0,1,0,0,1,0,0,0,0,-1,1,-1,-1,4,0,18,str,2023-06-20 16:53:04
14716,39346,22,27,0,1,0,0,1,0,0,0,0,-1,3,-1,-1,4,0,18,str,2023-06-20 17:31:35
14716,39346,32,27,0,1,0,1,-1,1,1,1,1,-1,2,-1,-1,5,0,16,str,2023-06-20 17:34:51
14716,39346,18,27,0,1,0,1,1,1,1,1,1,-1,1,-1,-1,5,0,13,str,2023-06-20 17:35:01
14716,39346,5,27,1,0,0,0,-1,0,0,0,0,-1,-1,-1,2,4,0,30,str,2023-06-20 17:36:21
14665,37867,26,16,0,1,0,0,-1,0,0,0,0,-1,1,-1,-1,4,0,23,str,2023-06-19 13:19:03
14689,39912,15,10,0,1,0,0,-1,0,0,0,0,-1,1,-1,-1,4,0,40,str,2023-06-20 18:16:27
14689,39912,28,10,0,1,0,0,1,0,0,0,0,-1,2,-1,-1,4,0,18,str,2023-06-20 18:16:59
14689,39912,5,10,0,1,0,0,1,0,0,0,0,-1,5,-1,-1,4,0,30,str,2023-06-20 18:17:15
14689,39912,25,10,0,1,0,0,1,0,0,0,0,-1,6,-1,-1,4,0,32,str,2023-06-20 18:17:17
14689,39912,4,10,0,1,0,0,1,0,0,0,0,-1,3,-1,-1,4,0,61,str,2023-06-20 18:17:17
14689,39912,17,10,0,1,0,0,1,0,0,0,0,-1,4,-1,-1,4,0,46,str,2023-06-20 18:17:17
14684,38542,29,31,1,0,0,-1,-1,-1,-1,-1,-1,-1,-1,-1,1,3,1,99,str,2023-06-19 18:15:12
14684,38542,31,31,1,0,0,-1,-1,-1,-1,-1,-1,-1,-1,-1,9,4,0,49,str,2023-06-19 18:28:27
14684,38542,18,31,1,0,0,-1,-1,-1,-1,-1,-1,-1,-1,-1,1,5,0,13,str,2023-06-19 18:29:03
14684,38542,18,31,1,0,0,-1,-1,-1,-1,-1,-1,-1,-1,-1,1,5,0,13,str,2023-06-19 18:29:56
14684,39945,5,31,0,1,0,0,-1,0,0,-1,-1,-1,2,-1,-1,4,0,30,str,2023-06-20 18:25:37
14762,39860,18,0,1,0,0,-1,-1,-1,-1,-1,-1,-1,-1,-1,3,5,0,13,str,2023-06-20 17:45:13
14766,40039,9,22,0,1,0,0,1,0,0,0,0,0,18,-1,-1,3,0,40,str,2023-06-20 19:23:19
14768,40024,5,10,0,1,0,0,1,0,0,-1,-1,-1,5,-1,-1,4,0,30,str,2023-06-20 19:14:40
14768,40024,13,10,0,1,0,0,1,0,0,-1,-1,-1,10,-1,-1,4,0,43,str,2023-06-20 19:15:16
14768,40024,8,10,0,1,0,0,1,0,0,-1,-1,-1,8,-1,-1,3,0,47,str,2023-06-20 19:15:16
14768,40024,29,10,0,1,0,0,1,0,0,-1,-1,-1,7,-1,-1,3,1,99,str,2023-06-20 19:17:05
14768,40024,25,10,0,1,0,0,1,0,0,-1,-1,-1,6,-1,-1,4,0,32,str,2023-06-20 19:18:43
14764,38355,29,31,1,0,0,-1,-1,-1,-1,-1,-1,-1,-1,-1,1,3,1,99,str,2023-06-19 15:10:22
14667,40243,18,27,0,1,0,1,1,1,1,-1,-1,-1,1,-1,-1,5,0,13,str,2023-06-20 21:31:55
14667,40243,32,27,0,1,0,1,1,1,1,-1,-1,-1,2,-1,-1,5,0,16,str,2023-06-20 21:32:06
14667,40243,32,27,0,1,0,1,1,1,1,-1,-1,-1,2,-1,-1,5,0,16,str,2023-06-20 21:32:27
14667,40243,30,27,0,1,0,1,1,1,1,-1,-1,-1,3,-1,-1,5,0,9,str,2023-06-20 21:32:39
14667,40243,32,27,0,1,0,1,1,1,1,-1,-1,-1,2,-1,-1,5,0,16,str,2023-06-20 21:33:02
14667,40243,18,27,0,1,0,1,1,1,1,-1,-1,-1,1,-1,-1,5,0,13,str,2023-06-20 21:33:08
14669,40273,18,27,0,1,0,1,-1,1,1,1,-1,-1,1,-1,-1,5,0,13,str,2023-06-20 21:42:52
14669,40273,32,27,0,1,0,1,-1,1,1,1,-1,-1,2,-1,-1,5,0,16,str,2023-06-20 21:42:52
14669,40273,30,27,0,1,0,1,-1,1,1,1,-1,-1,3,-1,-1,5,0,9,str,2023-06-20 21:42:52
14669,40273,17,27,0,1,0,0,1,0,0,0,-1,-1,15,-1,-1,4,0,46,str,2023-06-20 21:43:53
14718,40343,29,0,1,0,0,-1,-1,-1,-1,-1,-1,-1,-1,-1,1,3,1,99,str,2023-06-20 21:52:02
14674,37574,4,0,1,0,0,-1,-1,-1,-1,-1,-1,-1,-1,-1,4,4,0,61,str,2023-06-19 12:15:09
14674,37585,5,0,1,0,0,0,1,0,-1,-1,-1,-1,-1,-1,3,4,0,30,str,2023-06-19 12:17:02
14674,40340,4,8,1,0,0,0,-1,0,0,0,-1,-1,-1,-1,1,4,0,61,str,2023-06-20 21:58:45
14696,39500,25,27,0,1,0,0,-1,0,-1,-1,-1,-1,13,-1,-1,4,0,32,str,2023-06-20 15:04:04
14704,40371,17,27,0,1,0,0,1,0,0,0,0,-1,1,-1,-1,4,0,46,str,2023-06-20 22:05:57
14704,40371,17,27,0,1,0,0,1,0,0,0,0,-1,1,-1,-1,4,0,46,str,2023-06-20 22:06:21
14907,38237,29,0,1,0,0,-1,-1,-1,-1,-1,-1,-1,-1,-1,1,3,1,99,str,2023-06-19 14:45:37
14907,39987,22,15,0,1,0,0,-1,0,0,0,0,-1,1,-1,-1,4,0,18,str,2023-06-20 20:47:35
14907,39987,18,23,0,1,0,1,1,1,1,1,1,-1,1,-1,-1,5,0,13,str,2023-06-20 21:38:03
14907,39987,30,23,0,1,0,1,1,1,1,1,1,-1,2,-1,-1,5,0,9,str,2023-06-20 21:39:48
14907,39987,26,23,0,1,0,0,1,0,0,0,0,-1,3,-1,-1,4,0,23,str,2023-06-20 21:40:40
14907,39987,7,23,0,1,0,0,1,0,0,0,0,-1,4,-1,-1,4,0,20,str,2023-06-20 21:41:14
14907,39987,10,23,0,1,0,0,1,0,0,0,0,-1,6,-1,-1,4,0,11,str,2023-06-20 21:41:15
14907,40368,29,0,1,0,0,0,1,0,-1,-1,-1,-1,-1,-1,1,3,1,99,str,2023-06-20 22:00:39
14907,40368,18,0,1,0,0,0,1,0,-1,-1,-1,-1,-1,-1,1,5,0,13,str,2023-06-20 22:01:20
14907,40368,8,0,1,0,0,0,1,0,-1,-1,-1,-1,-1,-1,16,3,0,47,str,2023-06-20 22:06:04
14765,40391,29,0,1,0,0,0,-1,0,-1,-1,-1,-1,-1,-1,1,3,1,99,str,2023-06-20 22:12:43
14711,40401,32,27,0,1,0,1,1,1,1,1,-1,-1,2,-1,-1,5,0,16,str,2023-06-20 22:17:43
14711,40401,18,27,0,1,0,1,1,1,1,1,-1,-1,1,-1,-1,5,0,13,str,2023-06-20 22:18:28
14711,40401,22,27,0,1,0,0,1,0,0,0,-1,-1,4,-1,-1,4,0,18,str,2023-06-20 22:18:29
14711,40401,17,27,0,1,0,0,1,0,0,0,-1,-1,12,-1,-1,4,0,46,str,2023-06-20 22:18:47
14711,40401,23,27,0,1,0,0,1,0,0,0,-1,-1,16,-1,-1,4,0,34,str,2023-06-20 22:19:40
14711,40401,22,27,0,1,0,0,1,0,0,0,-1,-1,4,-1,-1,4,0,18,str,2023-06-20 22:19:40
14715,39242,29,31,1,0,0,-1,-1,-1,-1,-1,-1,-1,-1,-1,1,3,1,99,str,2023-06-20 09:57:16
14715,39242,29,31,1,0,0,-1,-1,-1,-1,-1,-1,-1,-1,-1,1,3,1,99,str,2023-06-20 09:58:00
14715,39242,18,31,1,0,0,-1,-1,-1,-1,-1,-1,-1,-1,-1,2,5,0,13,str,2023-06-20 09:58:27
14715,39242,18,31,1,0,0,-1,-1,-1,-1,-1,-1,-1,-1,-1,2,5,0,13,str,2023-06-20 10:01:03
14715,39701,29,31,1,0,0,-1,-1,-1,-1,-1,-1,-1,-1,-1,1,3,1,99,str,2023-06-20 16:33:32
14737,40458,18,24,0,1,0,1,1,1,1,1,1,1,1,-1,-1,5,0,13,str,2023-06-20 22:42:28
14755,38511,18,0,1,0,0,-1,-1,-1,-1,-1,-1,-1,-1,-1,2,5,0,13,str,2023-06-19 17:20:42
14794,40704,5,31,1,0,0,-1,-1,-1,-1,-1,-1,-1,-1,-1,2,4,0,30,str,2023-06-21 14:05:49
14908,38948,18,0,1,0,0,-1,-1,-1,-1,-1,-1,-1,-1,-1,2,5,0,13,str,2023-06-19 23:10:12
20734,40897,18,27,0,1,0,5,0,5,5,-1,-1,-1,1,-1,-1,5,0,13,str,2023-07-11 13:38:26
20734,40897,18,27,0,1,0,5,0,5,5,-1,-1,-1,1,-1,-1,5,0,13,str,2023-07-11 13:39:06
20734,40897,22,27,0,1,0,4,0,4,4,-1,-1,-1,3,-1,-1,4,0,18,str,2023-07-11 13:40:31
20734,40897,2,27,0,1,0,4,1,4,4,-1,-1,-1,4,-1,-1,4,0,11,str,2023-07-11 13:40:46
20734,40897,2,27,0,1,0,4,1,4,4,-1,-1,-1,4,-1,-1,4,0,11,str,2023-07-11 13:41:08
20734,40897,2,27,0,1,0,4,1,4,4,-1,-1,-1,4,-1,-1,4,0,11,str,2023-07-11 13:41:27
20734,40897,31,27,0,1,0,4,0,4,4,-1,-1,-1,5,-1,-1,4,0,49,str,2023-07-11 13:42:05
20734,40897,19,27,0,1,0,4,0,4,4,-1,-1,-1,9,-1,-1,4,0,26,str,2023-07-11 13:42:24
20734,40897,5,27,0,1,0,4,0,4,4,-1,-1,-1,7,-1,-1,4,0,30,str,2023-07-11 13:42:24
20734,40897,23,27,0,1,0,4,0,4,4,-1,-1,-1,8,-1,-1,4,0,34,str,2023-07-11 13:42:25
20734,40897,11,27,0,1,0,2,0,4,0,-1,-1,-1,18,-1,-1,4,0,10,str,2023-07-11 13:42:25
20734,40897,17,27,0,1,0,2,0,4,0,-1,-1,-1,23,-1,-1,4,0,46,str,2023-07-11 13:42:40
20734,40897,11,27,0,1,0,2,0,4,0,-1,-1,-1,18,-1,-1,4,0,10,str,2023-07-11 13:42:51
20734,40897,28,27,0,1,0,0,0,0,0,-1,-1,-1,31,-1,-1,4,0,18,str,2023-07-11 13:43:02
20734,40897,29,27,0,1,0,3,0,3,3,-1,-1,-1,12,-1,-1,3,1,99,str,2023-07-11 13:43:11
20734,40897,25,27,0,1,0,4,0,4,4,-1,-1,-1,6,-1,-1,4,0,32,str,2023-07-11 13:43:27
20735,40899,18,27,0,1,0,5,0,5,5,-1,-1,-1,1,-1,-1,5,0,13,str,2023-07-11 13:42:55
20735,40899,32,27,0,1,0,5,0,5,5,-1,-1,-1,2,-1,-1,5,0,16,str,2023-07-11 13:43:31
20735,40899,26,27,0,1,0,4,1,4,4,-1,-1,-1,5,-1,-1,4,0,23,str,2023-07-11 13:43:46
20735,40899,12,27,0,1,0,4,0,4,4,-1,-1,-1,9,-1,-1,4,0,17,str,2023-07-11 13:43:59
20735,40899,22,27,0,1,0,4,0,4,4,-1,-1,-1,4,-1,-1,4,0,18,str,2023-07-11 13:44:18
20738,40910,22,26,0,1,0,4,0,4,4,-1,-1,-1,4,-1,-1,4,0,18,str,2023-07-11 14:21:17
20738,40910,11,26,0,1,0,4,0,4,4,-1,-1,-1,8,-1,-1,4,0,10,str,2023-07-11 14:21:31
20739,40911,22,8,0,1,0,4,1,4,4,-1,-1,-1,1,-1,-1,4,0,18,str,2023-07-11 14:26:13
20739,40911,25,8,0,1,0,4,0,4,4,-1,-1,-1,2,-1,-1,4,0,32,str,2023-07-11 14:26:28
20739,40911,5,8,0,1,0,4,0,4,4,-1,-1,-1,3,-1,-1,4,0,30,str,2023-07-11 14:26:43
20767,40918,18,26,0,1,0,5,0,5,5,-1,-1,-1,1,-1,-1,5,0,13,str,2023-07-11 14:44:20
20767,40918,32,26,0,1,0,5,0,5,5,-1,-1,-1,2,-1,-1,5,0,16,str,2023-07-11 14:45:00
20767,40918,30,26,0,1,0,5,1,5,5,-1,-1,-1,3,-1,-1,5,0,9,str,2023-07-11 14:45:29
20767,40918,22,26,0,1,0,4,0,4,4,-1,-1,-1,4,-1,-1,4,0,18,str,2023-07-11 14:45:53
20767,40918,26,26,0,1,0,4,0,4,4,-1,-1,-1,5,-1,-1,4,0,23,str,2023-07-11 14:46:17
20767,40918,26,26,0,1,0,4,0,4,4,-1,-1,-1,5,-1,-1,4,0,23,str,2023-07-11 14:46:48
20769,40920,32,8,0,1,0,5,1,5,-1,-1,-1,-1,2,-1,-1,5,0,16,str,2023-07-11 14:52:55
20769,40920,30,8,0,1,0,5,1,5,-1,-1,-1,-1,3,-1,-1,5,0,9,str,2023-07-11 14:53:12
20769,40920,18,8,0,1,0,5,0,5,-1,-1,-1,-1,1,-1,-1,5,0,13,str,2023-07-11 14:53:23
20770,40922,18,27,0,1,0,5,0,5,5,-1,-1,-1,1,-1,-1,5,0,13,str,2023-07-11 15:06:07
20770,40922,18,27,0,1,0,5,0,5,5,-1,-1,-1,1,-1,-1,5,0,13,str,2023-07-11 15:06:16
20771,40924,18,30,0,1,0,5,0,5,5,-1,-1,-1,1,-1,-1,5,0,13,str,2023-07-11 15:20:15
20771,40924,32,30,0,1,0,5,0,5,5,-1,-1,-1,2,-1,-1,5,0,16,str,2023-07-11 15:20:55
20771,40924,22,30,0,1,0,4,0,4,4,-1,-1,-1,4,-1,-1,4,0,18,str,2023-07-11 15:21:28
20771,40924,26,30,0,1,0,4,1,4,4,-1,-1,-1,5,-1,-1,4,0,23,str,2023-07-11 15:21:44
20789,40932,18,23,0,1,0,5,0,5,5,-1,-1,-1,1,-1,-1,5,0,13,str,2023-07-11 15:58:42
20789,40932,32,23,0,1,0,5,0,5,5,-1,-1,-1,2,-1,-1,5,0,16,str,2023-07-11 15:59:26
20789,40932,30,23,0,1,0,5,1,5,5,-1,-1,-1,3,-1,-1,5,0,9,str,2023-07-11 15:59:52
20788,40933,18,27,0,1,0,5,0,5,5,-1,-1,-1,1,-1,-1,5,0,13,str,2023-07-11 16:05:44
20788,40933,32,27,0,1,0,5,0,5,5,-1,-1,-1,2,-1,-1,5,0,16,str,2023-07-11 16:06:45
20788,40933,30,27,0,1,0,5,0,5,5,-1,-1,-1,3,-1,-1,5,0,9,str,2023-07-11 16:06:58
20788,40933,22,27,0,1,0,4,0,4,4,-1,-1,-1,4,-1,-1,4,0,18,str,2023-07-11 16:07:11
20788,40933,26,27,0,1,0,4,0,4,4,-1,-1,-1,5,-1,-1,4,0,23,str,2023-07-11 16:07:31
20788,40933,18,27,0,1,0,5,0,5,5,-1,-1,-1,1,-1,-1,5,0,13,str,2023-07-11 16:07:54
20788,40933,24,27,0,1,0,4,0,4,4,-1,-1,-1,6,-1,-1,4,0,21,str,2023-07-11 16:08:12
20788,40933,2,27,0,1,0,4,0,4,4,-1,-1,-1,7,-1,-1,4,0,11,str,2023-07-11 16:08:24
20788,40933,11,27,0,1,0,4,0,4,4,-1,-1,-1,8,-1,-1,4,0,10,str,2023-07-11 16:08:47
20788,40933,7,27,0,1,0,4,0,4,4,-1,-1,-1,10,-1,-1,4,0,20,str,2023-07-11 16:09:00
20788,40933,31,27,0,1,0,4,0,4,4,-1,-1,-1,13,-1,-1,4,0,49,str,2023-07-11 16:09:19
20788,40933,3,27,0,1,0,4,0,4,4,-1,-1,-1,19,-1,-1,4,0,72,str,2023-07-11 16:09:59
20798,40938,18,28,0,1,0,5,0,5,5,-1,-1,-1,1,-1,-1,5,0,13,str,2023-07-11 16:31:54
20798,40938,21,28,0,1,0,2,0,2,2,-1,-1,-1,28,-1,-1,2,0,9,str,2023-07-11 16:33:02
20797,40939,18,27,0,1,0,5,0,5,5,-1,-1,-1,1,-1,-1,5,0,13,str,2023-07-11 16:38:10
20797,40939,32,27,0,1,0,5,0,5,5,-1,-1,-1,2,-1,-1,5,0,16,str,2023-07-11 16:38:22
20797,40939,32,27,0,1,0,5,0,5,5,-1,-1,-1,2,-1,-1,5,0,16,str,2023-07-11 16:38:27
20797,40939,32,27,0,1,0,5,0,5,5,-1,-1,-1,2,-1,-1,5,0,16,str,2023-07-11 16:39:10
20797,40939,30,27,0,1,0,5,1,5,5,-1,-1,-1,3,-1,-1,5,0,9,str,2023-07-11 16:39:20
20797,40939,22,27,0,1,0,4,0,4,4,-1,-1,-1,4,-1,-1,4,0,18,str,2023-07-11 16:39:32
