,Unnamed: 0,Unnamed: 0.1,Unnamed: 0.1.1,organizer,type
0,0,0,0,14639,G8
1,1,1,12,14640,G4
2,2,2,28,14641,G11
3,3,3,36,14642,G7
4,4,4,49,14643,G3
5,5,5,59,14644,G9
6,6,6,73,14645,G5
7,7,7,86,14646,G2
9,9,9,98,14647,G10
10,10,10,100,14648,G6
11,11,11,116,14649,G4
12,12,12,127,14650,G12
13,13,13,136,14651,G7
14,14,14,156,14652,G3
15,15,15,161,14653,G11
16,16,16,165,14654,G5
17,17,17,172,14655,G1
18,18,18,188,14656,G10
19,19,19,191,14657,G6
21,21,21,204,14658,G2
23,23,23,224,14659,G12
24,24,24,228,14660,G8
25,25,25,240,14661,G3
26,26,26,258,14662,G11
27,27,27,265,14663,G7
29,29,29,275,14664,G1
31,31,31,289,14665,G9
32,32,32,309,14666,G6
33,33,33,312,14667,G2
34,34,34,317,14668,G10
35,35,35,319,14669,G8
36,36,36,324,14670,G4
37,37,37,338,14671,G11
38,38,38,341,14672,G7
39,39,39,349,14673,G3
40,40,40,361,14674,G9
41,41,41,374,14675,G5
42,42,42,385,14676,G2
43,43,43,389,14677,G10
44,44,44,401,14678,G6
45,45,45,414,14679,G4
47,47,47,429,14680,G12
48,48,48,432,14681,G7
49,49,49,446,14682,G3
50,50,50,464,14683,G11
51,51,51,468,14684,G5
52,52,52,488,14685,G1
53,53,53,498,14686,G10
54,54,54,500,14687,G6
55,55,55,519,14688,G2
56,56,56,527,14689,G12
57,57,57,543,14690,G8
58,58,58,548,14691,G3
59,59,59,551,14692,G11
60,60,60,573,14693,G7
61,61,61,581,14694,G1
62,62,62,585,14695,G9
63,63,63,588,14696,G6
64,64,64,594,14697,G2
65,65,65,595,14698,G10
66,66,66,601,14699,G8
67,67,67,602,14700,G4
68,68,68,631,14701,G11
69,69,69,633,14702,G7
70,70,70,637,14703,G3
71,71,71,643,14704,G9
72,72,72,646,14705,G5
73,73,73,652,14706,G2
74,74,74,655,14707,G10
75,75,75,660,14708,G6
76,76,76,688,14709,G4
77,77,77,700,14710,G12
78,78,78,709,14711,G7
79,79,79,713,14712,G3
80,80,80,722,14713,G11
81,81,81,724,14714,G5
82,82,82,732,14715,G1
83,83,83,772,14716,G10
84,84,84,780,14717,G6
85,85,85,785,14718,G2
86,86,86,793,14719,G12
87,87,87,839,14720,G8
89,89,89,862,14721,G3
90,90,90,867,14722,G11
91,91,91,877,14728,G7
92,92,92,881,14729,G1
94,94,94,890,14730,G9
95,95,95,904,14731,G6
96,96,96,914,14732,G2
97,97,97,917,14733,G10
98,98,98,932,14734,G8
99,99,99,943,14735,G4
100,100,100,947,14736,G11
101,101,101,966,14737,G7
102,102,102,977,14738,G3
103,103,103,984,14739,G9
104,104,104,1014,14740,G5
106,106,106,1018,14741,G2
107,107,107,1022,14742,G10
108,108,108,1027,14743,G6
109,109,109,1040,14744,G4
110,110,110,1061,14745,G12
111,111,111,1067,14746,G7
112,112,112,1093,14747,G3
113,113,113,1095,14748,G11
114,114,114,1098,14749,G5
115,115,115,1099,14750,G1
117,117,117,1131,14751,G10
118,118,118,1137,14752,G6
119,119,119,1139,14753,G2
120,120,120,1143,14754,G12
121,121,121,1168,14755,G8
122,122,122,1236,14756,G3
123,123,123,1237,14757,G11
124,124,124,1242,14758,G7
125,125,125,1258,14759,G1
126,126,126,1262,14760,G9
127,127,127,1278,14761,G6
128,128,128,1287,14762,G2
129,129,129,1313,14763,G10
130,130,130,1323,14764,G8
131,131,131,1339,14765,G4
132,132,132,1341,14766,G11
133,133,133,1346,14767,G7
135,135,135,1352,14768,G3
136,136,136,1366,14769,G9
137,137,137,1384,14770,G5
138,138,138,1395,14771,G2
139,139,139,1420,14772,G10
140,140,140,1444,14773,G6
141,141,141,1452,14774,G4
142,142,142,1454,14775,G12
143,143,143,1463,14776,G7
144,144,144,1467,14777,G3
145,145,145,1471,14778,G11
146,146,146,1480,14779,G5
147,147,147,1484,14780,G1
148,148,148,1489,14781,G10
149,149,149,1509,14782,G6
150,150,150,1525,14783,G2
151,151,151,1530,14784,G12
152,152,152,1533,14785,G8
153,153,153,1540,14786,G3
155,155,155,1547,14787,G11
156,156,156,1556,14788,G7
157,157,157,1573,14789,G1
159,159,159,1581,14790,G9
160,160,160,1586,14791,G6
161,161,161,1589,14792,G2
162,162,162,1598,14793,G10
163,163,163,1601,14794,G8
164,164,164,1607,14795,G4
165,165,165,1613,14797,G7
166,166,166,1615,14798,G3
167,167,167,1622,14799,G9
168,168,168,1625,14800,G5
170,170,170,1629,14801,G2
171,171,171,1633,14802,G10
172,172,172,1641,14803,G6
173,173,173,1655,14804,G4
174,174,174,1674,14805,G12
175,175,175,1675,14806,G7
176,176,176,1679,14807,G3
177,177,177,1681,14808,G11
178,178,178,1683,14809,G5
179,179,179,1687,14812,G1
180,180,180,1690,14814,G10
181,181,181,1700,14884,G12
182,182,182,1708,14899,G8
183,183,183,1711,14902,G3
184,184,184,1715,14905,G11
185,185,185,1747,14906,G7
186,186,186,1751,14907,G1
187,187,187,1761,14908,G9
188,188,188,1763,14909,G6
189,189,189,1768,14911,G2
190,190,190,1772,14889,G10
191,191,191,1775,14912,G10
192,192,192,1778,20734,G1
194,194,194,1780,20735,G1
195,195,195,1782,20738,G1
196,196,196,1785,20739,G1
197,197,197,1786,20767,G6
198,198,198,1787,20769,G6
199,199,199,1788,20770,G6
200,200,200,1789,20771,G6
201,201,201,1790,20788,G7
202,202,202,1791,20789,G7
203,203,203,1792,20797,G7
204,204,204,1793,20798,G7
